gridnumber,capital,dist[0 0],dist[0 1],dist[0 2],dist[1 0],dist[1 1],dist[1 2],dist[2 0],dist[2 1],dist[2 2],dist[3 0],dist[3 1],dist[3 2],dist[4 0],dist[4 1],dist[4 2]
0,0,0,0,0,0,0,0,0,0,0,0,0,0,0,0,0
1,0.0468873,0,0,0,0,0,0,0,0,0,0,0,0,0,0,0
2,0.0951487,0,0,0,0,0,0,0,0,0,0,0,0,0,0,0
3,0.144824,0,0,0,0,0,0,0,0,0,0,0,0,0,0,0
4,0.195956,0,0,0,0,0,0,0,0,0,0,0,0,0,0,0
5,0.248585,0,0,0,0,0,0,0,0,0,0,0,0,0,0,0
6,0.302757,0,0,0,0,0,0,0,0,0,0,0,0,0,0,0
7,0.358517,0,0,0,0,0,0,0,0,0,0,0,0,0,0,0
8,0.41591,1.52577e-019,1.89362e-019,1.52577e-019,1.96452e-019,2.43815e-019,1.96452e-019,7.51293e-020,9.32427e-020,7.51293e-020,7.10715e-021,8.82066e-021,7.10715e-021,1.60554e-022,1.99264e-022,1.60554e-022
9,0.474986,4.76744e-016,5.91685e-016,4.76744e-016,6.18917e-016,7.68136e-016,6.18917e-016,2.40838e-016,2.98903e-016,2.40838e-016,2.37044e-017,2.94194e-017,2.37044e-017,5.86373e-019,7.27745e-019,5.86373e-019
10,0.535792,4.50003e-013,5.58497e-013,4.50003e-013,6.07054e-013,7.53413e-013,6.07054e-013,2.54835e-013,3.16275e-013,2.54835e-013,2.92115e-014,3.62543e-014,2.92115e-014,9.50204e-016,1.1793e-015,9.50204e-016
11,0.598381,3.41668e-011,4.24043e-011,3.41668e-011,4.79376e-011,5.94952e-011,4.79376e-011,2.17273e-011,2.69657e-011,2.17273e-011,2.89678e-012,3.59518e-012,2.89678e-012,1.23637e-013,1.53445e-013,1.23637e-013
12,0.662804,1.29863e-009,1.61173e-009,1.29863e-009,1.85591e-009,2.30336e-009,1.85591e-009,8.689e-010,1.07839e-009,8.689e-010,1.22157e-010,1.51608e-010,1.22157e-010,5.60163e-012,6.95217e-012,5.60163e-012
13,0.729114,1.67305e-008,2.07641e-008,1.67305e-008,2.44701e-008,3.03698e-008,2.44701e-008,1.20862e-008,1.50001e-008,1.20862e-008,1.92236e-009,2.38584e-009,1.92236e-009,1.11539e-010,1.38431e-010,1.11539e-010
14,0.797368,1.41905e-007,1.76118e-007,1.41905e-007,2.39951e-007,2.97802e-007,2.39951e-007,1.42039e-007,1.76284e-007,1.42039e-007,2.64709e-008,3.2853e-008,2.64709e-008,1.59877e-009,1.98423e-009,1.59877e-009
15,0.867622,6.79667e-007,8.43533e-007,6.79667e-007,1.08355e-006,1.34479e-006,1.08355e-006,6.15255e-007,7.63591e-007,6.15255e-007,1.19219e-007,1.47962e-007,1.19219e-007,8.65881e-009,1.07464e-008,8.65881e-009
16,0.939934,2.25274e-006,2.79587e-006,2.25274e-006,3.91066e-006,4.85351e-006,3.91066e-006,2.48283e-006,3.08143e-006,2.48283e-006,5.42799e-007,6.73666e-007,5.42799e-007,4.39472e-008,5.45427e-008,4.39472e-008
17,1.01437,8.63711e-006,1.07195e-005,8.63711e-006,1.57032e-005,1.94892e-005,1.57032e-005,1.09333e-005,1.35693e-005,1.09333e-005,2.77886e-006,3.44883e-006,2.77886e-006,2.68266e-007,3.32944e-007,2.68266e-007
18,1.09098,2.6281e-005,3.26172e-005,2.6281e-005,4.67959e-005,5.80782e-005,4.67959e-005,3.17047e-005,3.93486e-005,3.17047e-005,7.99064e-006,9.91715e-006,7.99064e-006,8.32272e-007,1.03293e-006,8.32272e-007
19,1.16984,4.43268e-005,5.50138e-005,4.43268e-005,8.39081e-005,0.000104138,8.39081e-005,6.30938e-005,7.83055e-005,6.30938e-005,1.86368e-005,2.31301e-005,1.86368e-005,2.35181e-006,2.91883e-006,2.35181e-006
20,1.25101,0.000115769,0.000143681,0.000115769,0.000229475,0.000284801,0.000229475,0.000171158,0.000212423,0.000171158,4.5464e-005,5.64252e-005,4.5464e-005,4.93034e-006,6.11902e-006,4.93034e-006
21,1.33455,0.000187754,0.000233021,0.000187754,0.000374375,0.000464636,0.000374375,0.000290941,0.000361085,0.000290941,8.48558e-005,0.000105314,8.48558e-005,1.03762e-005,1.28779e-005,1.03762e-005
22,1.42055,0.000272162,0.000337779,0.000272162,0.000613605,0.000761543,0.000613605,0.000535345,0.000664415,0.000535345,0.000167911,0.000208394,0.000167911,2.03141e-005,2.52117e-005,2.03141e-005
23,1.50907,0.00043116,0.000535112,0.00043116,0.00101451,0.00125911,0.00101451,0.000924083,0.00114688,0.000924083,0.000300149,0.000372513,0.000300149,3.65633e-005,4.53786e-005,3.65633e-005
24,1.60018,0.000561424,0.000696782,0.000561424,0.00133804,0.00166063,0.00133804,0.00126833,0.00157412,0.00126833,0.000443106,0.000549938,0.000443106,5.96978e-005,7.40908e-005,5.96978e-005
25,1.69396,0.000679802,0.0008437,0.000679802,0.00173672,0.00215544,0.00173672,0.00175779,0.00218158,0.00175779,0.000652565,0.000809896,0.000652565,9.30828e-005,0.000115525,9.30828e-005
26,1.79048,0.00083329,0.00103419,0.00083329,0.002239,0.00277881,0.002239,0.00239981,0.0029784,0.00239981,0.000952037,0.00118157,0.000952037,0.000145782,0.000180929,0.000145782
27,1.88984,0.000919935,0.00114173,0.000919935,0.00265536,0.00329556,0.00265536,0.00300318,0.00372724,0.00300318,0.0012201,0.00151427,0.0012201,0.00018686,0.000231911,0.00018686
28,1.99211,0.000989962,0.00122864,0.000989962,0.0029002,0.00359942,0.0029002,0.00345768,0.00429132,0.00345768,0.00154174,0.00191345,0.00154174,0.00026728,0.00033172,0.00026728
29,2.09737,0.00103379,0.00128304,0.00103379,0.00318958,0.00395857,0.00318958,0.00402922,0.00500065,0.00402922,0.00190873,0.00236892,0.00190873,0.000351961,0.000436817,0.000351961
30,2.20572,0.00107894,0.00133907,0.00107894,0.00351181,0.00435849,0.00351181,0.00469622,0.00582847,0.00469622,0.00233831,0.00290207,0.00233831,0.000450472,0.000559079,0.000450472
31,2.31725,0.00108967,0.00135239,0.00108967,0.00370425,0.00459733,0.00370425,0.00505246,0.00627059,0.00505246,0.00253582,0.0031472,0.00253582,0.00049866,0.000618885,0.00049866
32,2.43204,0.00107558,0.0013349,0.00107558,0.00368568,0.00457429,0.00368568,0.00523857,0.00650157,0.00523857,0.00282742,0.0035091,0.00282742,0.000605678,0.000751705,0.000605678
33,2.5502,0.00100625,0.00124885,0.00100625,0.00346914,0.00430553,0.00346914,0.00507934,0.00630396,0.00507934,0.00291654,0.00361971,0.00291654,0.000679397,0.000843197,0.000679397
34,2.67182,0.000982428,0.00121929,0.000982428,0.00359728,0.00446457,0.00359728,0.00550383,0.00683078,0.00550383,0.0032155,0.00399074,0.0032155,0.000749422,0.000930106,0.000749422
35,2.797,0.000926591,0.00114999,0.000926591,0.00355572,0.00441299,0.00355572,0.00569431,0.00706718,0.00569431,0.00346985,0.00430642,0.00346985,0.000851137,0.00105634,0.000851137
36,2.92586,0.000858558,0.00106555,0.000858558,0.00328354,0.00407519,0.00328354,0.00529801,0.00657534,0.00529801,0.00333302,0.0041366,0.00333302,0.00086892,0.00107841,0.00086892
37,3.05848,0.000820276,0.00101804,0.000820276,0.00315999,0.00392185,0.00315999,0.00522791,0.00648834,0.00522791,0.00340276,0.00422316,0.00340276,0.000906533,0.0011251,0.000906533
38,3.195,0.00076949,0.000955011,0.00076949,0.00307911,0.00382148,0.00307911,0.00524866,0.00651409,0.00524866,0.0034911,0.00433279,0.0034911,0.00095809,0.00118908,0.00095809
39,3.33551,0.000706551,0.000876898,0.000706551,0.00281981,0.00349965,0.00281981,0.00483635,0.00600237,0.00483635,0.00331344,0.0041123,0.00331344,0.000961411,0.0011932,0.000961411
40,3.48015,0.000604198,0.000749868,0.000604198,0.00247381,0.00307024,0.00247381,0.00440355,0.00546523,0.00440355,0.00313763,0.00389411,0.00313763,0.000937862,0.00116398,0.000937862
41,3.62902,0.000574179,0.000712612,0.000574179,0.00236459,0.00293468,0.00236459,0.00424012,0.0052624,0.00424012,0.0030647,0.00380359,0.0030647,0.000942975,0.00117032,0.000942975
42,3.78225,0.000529854,0.0006576,0.000529854,0.00224154,0.00278196,0.00224154,0.00409317,0.00508002,0.00409317,0.00297458,0.00369174,0.00297458,0.000921515,0.00114369,0.000921515
43,3.93998,0.000472766,0.000586749,0.000472766,0.00200388,0.00248701,0.00200388,0.00375411,0.00465922,0.00375411,0.00285274,0.00354053,0.00285274,0.000920205,0.00114206,0.000920205
44,4.10232,0.000427757,0.000530887,0.000427757,0.00179606,0.00222908,0.00179606,0.00331093,0.00410918,0.00331093,0.00251156,0.00311709,0.00251156,0.000830977,0.00103132,0.000830977
45,4.26943,0.000377145,0.000468073,0.000377145,0.00164886,0.00204639,0.00164886,0.00314095,0.00389822,0.00314095,0.00241449,0.00299662,0.00241449,0.000800242,0.000993178,0.000800242
46,4.44143,0.000340932,0.000423129,0.000340932,0.00149794,0.00185909,0.00149794,0.00292088,0.00362509,0.00292088,0.00231329,0.00287101,0.00231329,0.000776703,0.000963963,0.000776703
47,4.61847,0.000282356,0.000350431,0.000282356,0.00125658,0.00155953,0.00125658,0.00249596,0.00309773,0.00249596,0.00201974,0.00250669,0.00201974,0.000700621,0.000869539,0.000700621
48,4.8007,0.000271841,0.000337381,0.000271841,0.00118124,0.00146603,0.00118124,0.00226926,0.00281638,0.00226926,0.00179804,0.00223154,0.00179804,0.000617885,0.000766854,0.000617885
49,4.98827,0.000235377,0.000292125,0.000235377,0.00104488,0.0012968,0.00104488,0.00205292,0.00254787,0.00205292,0.00167006,0.0020727,0.00167006,0.000597215,0.000741202,0.000597215
50,5.18134,0.000211286,0.000262227,0.000211286,0.000948089,0.00117667,0.000948089,0.00187405,0.00232588,0.00187405,0.00151386,0.00187885,0.00151386,0.000529067,0.000656623,0.000529067
51,5.38006,0.000185046,0.00022966,0.000185046,0.000833582,0.00103456,0.000833582,0.00165438,0.00205324,0.00165438,0.00133978,0.0016628,0.00133978,0.000468589,0.000581564,0.000468589
52,5.58461,0.000160957,0.000199763,0.000160957,0.000709945,0.000881111,0.000709945,0.00141591,0.00175728,0.00141591,0.00118804,0.00147447,0.00118804,0.000437126,0.000542516,0.000437126
53,5.79515,0.000136875,0.000169875,0.000136875,0.000611345,0.000758738,0.000611345,0.00124106,0.00154028,0.00124106,0.00106139,0.00131728,0.00106139,0.000395617,0.000490999,0.000395617
54,6.01186,0.000121852,0.00015123,0.000121852,0.000561924,0.000697402,0.000561924,0.00114639,0.00142278,0.00114639,0.000956364,0.00118694,0.000956364,0.000343871,0.000426778,0.000343871
55,6.23493,0.000106026,0.000131588,0.000106026,0.000488705,0.00060653,0.000488705,0.00101059,0.00125424,0.00101059,0.000857913,0.00106475,0.000857913,0.000313326,0.000388867,0.000313326
56,6.46452,9.22912e-005,0.000114542,9.22912e-005,0.000420211,0.000521523,0.000420211,0.000849273,0.00105403,0.000849273,0.000705288,0.000875331,0.000705288,0.00025505,0.000316541,0.00025505
57,6.70085,7.67401e-005,9.52419e-005,7.67401e-005,0.000350534,0.000435047,0.000350534,0.000721369,0.000895289,0.000721369,0.000618791,0.000767979,0.000618791,0.000230816,0.000286465,0.000230816
58,6.94411,6.84224e-005,8.49188e-005,6.84224e-005,0.000308243,0.000382559,0.000308243,0.000636497,0.000789954,0.000636497,0.000553891,0.000687433,0.000553891,0.000210714,0.000261516,0.000210714
59,7.19449,5.78984e-005,7.18575e-005,5.78984e-005,0.000262221,0.000325442,0.000262221,0.00053432,0.000663142,0.00053432,0.000458201,0.000568672,0.000458201,0.000173928,0.000215861,0.000173928
60,7.45221,5.00211e-005,6.2081e-005,5.00211e-005,0.00022679,0.000281468,0.00022679,0.000463689,0.000575483,0.000463689,0.000395721,0.000491128,0.000395721,0.000147643,0.000183239,0.000147643
61,7.71748,4.31488e-005,5.35518e-005,4.31488e-005,0.000196153,0.000243445,0.000196153,0.000398104,0.000494086,0.000398104,0.000335359,0.000416213,0.000335359,0.000123869,0.000153733,0.000123869
62,7.99052,3.75786e-005,4.66386e-005,3.75786e-005,0.000171256,0.000212546,0.000171256,0.00035276,0.000437809,0.00035276,0.000302141,0.000374986,0.000302141,0.000111609,0.000138518,0.000111609
63,8.27157,3.17422e-005,3.93952e-005,3.17422e-005,0.000143934,0.000178636,0.000143934,0.000297164,0.000368809,0.000297164,0.000258114,0.000320345,0.000258114,9.73882e-005,0.000120868,9.73882e-005
64,8.56085,2.6756e-005,3.32068e-005,2.6756e-005,0.000122721,0.000152309,0.000122721,0.00025574,0.000317399,0.00025574,0.000221745,0.000275207,0.000221745,8.32598e-005,0.000103333,8.32598e-005
65,8.85861,2.28375e-005,2.83435e-005,2.28375e-005,0.000102931,0.000127748,0.000102931,0.000212142,0.000263289,0.000212142,0.000185424,0.000230129,0.000185424,7.10487e-005,8.81783e-005,7.10487e-005
66,9.16509,1.95221e-005,2.42288e-005,1.95221e-005,8.8381e-005,0.000109689,8.8381e-005,0.000179183,0.000222384,0.000179183,0.000151826,0.00018843,0.000151826,5.69065e-005,7.06265e-005,5.69065e-005
67,9.48056,1.69709e-005,2.10626e-005,1.69709e-005,7.59505e-005,9.42619e-005,7.59505e-005,0.000151067,0.000187489,0.000151067,0.00012524,0.000155435,0.00012524,4.56294e-005,5.66304e-005,4.56294e-005
68,9.80527,1.41847e-005,1.76046e-005,1.41847e-005,6.38075e-005,7.91912e-005,6.38075e-005,0.00013019,0.000161579,0.00013019,0.000110274,0.000136861,0.000110274,4.04147e-005,5.01586e-005,4.04147e-005
69,10.1395,1.22839e-005,1.52455e-005,1.22839e-005,5.5379e-005,6.87307e-005,5.5379e-005,0.000112074,0.000139094,0.000112074,9.46677e-005,0.000117492,9.46677e-005,3.52451e-005,4.37425e-005,3.52451e-005
70,10.4835,1.03351e-005,1.28269e-005,1.03351e-005,4.68922e-005,5.81978e-005,4.68922e-005,9.56677e-005,0.000118733,9.56677e-005,8.11291e-005,0.000100689,8.11291e-005,2.99181e-005,3.71313e-005,2.99181e-005
71,10.8376,8.88417e-006,1.10261e-005,8.88417e-006,3.91535e-005,4.85933e-005,3.91535e-005,7.7147e-005,9.57469e-005,7.7147e-005,6.44339e-005,7.99687e-005,6.44339e-005,2.41297e-005,2.99473e-005,2.41297e-005
72,11.2021,7.31485e-006,9.07843e-006,7.31485e-006,3.28745e-005,4.08004e-005,3.28745e-005,6.57269e-005,8.15734e-005,6.57269e-005,5.42616e-005,6.7344e-005,5.42616e-005,1.96338e-005,2.43675e-005,1.96338e-005
73,11.5773,5.91809e-006,7.34492e-006,5.91809e-006,2.69489e-005,3.34462e-005,2.69489e-005,5.50388e-005,6.83085e-005,5.50388e-005,4.66737e-005,5.79266e-005,4.66737e-005,1.72269e-005,2.13803e-005,1.72269e-005
74,11.9634,5.13874e-006,6.37768e-006,5.13874e-006,2.27795e-005,2.82716e-005,2.27795e-005,4.51591e-005,5.60468e-005,4.51591e-005,3.70669e-005,4.60036e-005,3.70669e-005,1.32402e-005,1.64324e-005,1.32402e-005
75,12.3609,4.25541e-006,5.28138e-006,4.25541e-006,1.86701e-005,2.31714e-005,1.86701e-005,3.72545e-005,4.62364e-005,3.72545e-005,3.11497e-005,3.86598e-005,3.11497e-005,1.12763e-005,1.3995e-005,1.12763e-005
76,12.77,3.45154e-006,4.28369e-006,3.45154e-006,1.52752e-005,1.8958e-005,1.52752e-005,3.03162e-005,3.76254e-005,3.03162e-005,2.50858e-005,3.11339e-005,2.50858e-005,9.09739e-006,1.12907e-005,9.09739e-006
77,13.1911,2.88728e-006,3.58339e-006,2.88728e-006,1.26751e-005,1.5731e-005,1.26751e-005,2.52741e-005,3.13676e-005,2.52741e-005,2.11377e-005,2.62339e-005,2.11377e-005,7.73427e-006,9.59898e-006,7.73427e-006
78,13.6246,2.42231e-006,3.00632e-006,2.42231e-006,1.04822e-005,1.30094e-005,1.04822e-005,2.0516e-005,2.54623e-005,2.0516e-005,1.70014e-005,2.11004e-005,1.70014e-005,6.30637e-006,7.82682e-006,6.30637e-006
79,14.0707,1.9871e-006,2.46618e-006,1.9871e-006,8.56044e-006,1.06243e-005,8.56044e-006,1.67204e-005,2.07517e-005,1.67204e-005,1.36904e-005,1.69911e-005,1.36904e-005,4.92117e-006,6.10765e-006,4.92117e-006
80,14.5299,1.63877e-006,2.03387e-006,1.63877e-006,7.07911e-006,8.78586e-006,7.07911e-006,1.37657e-005,1.70846e-005,1.37657e-005,1.11989e-005,1.3899e-005,1.11989e-005,4.00257e-006,4.96757e-006,4.00257e-006
81,15.0026,1.34835e-006,1.67344e-006,1.34835e-006,5.84791e-006,7.25782e-006,5.84791e-006,1.1402e-005,1.4151e-005,1.1402e-005,9.24504e-006,1.1474e-005,9.24504e-006,3.2726e-006,4.06161e-006,3.2726e-006
82,15.4891,1.09542e-006,1.35952e-006,1.09542e-006,4.70924e-006,5.84462e-006,4.70924e-006,9.16528e-006,1.1375e-005,9.16528e-006,7.47156e-006,9.27293e-006,7.47156e-006,2.67651e-006,3.32181e-006,2.67651e-006
83,15.9899,9.33366e-007,1.1584e-006,9.33366e-007,4.02654e-006,4.99733e-006,4.02654e-006,7.75202e-006,9.621e-006,7.75202e-006,6.18127e-006,7.67155e-006,6.18127e-006,2.16382e-006,2.68551e-006,2.16382e-006
84,16.5054,7.77769e-007,9.65287e-007,7.77769e-007,3.31178e-006,4.11024e-006,3.31178e-006,6.43381e-006,7.98498e-006,6.43381e-006,5.2357e-006,6.49801e-006,5.2357e-006,1.86016e-006,2.30864e-006,1.86016e-006
85,17.036,6.26631e-007,7.77709e-007,6.26631e-007,2.6936e-006,3.34302e-006,2.6936e-006,5.28065e-006,6.55379e-006,5.28065e-006,4.3036e-006,5.34119e-006,4.3036e-006,1.51478e-006,1.87998e-006,1.51478e-006
86,17.5821,5.22303e-007,6.48228e-007,5.22303e-007,2.2248e-006,2.76119e-006,2.2248e-006,4.25642e-006,5.28263e-006,4.25642e-006,3.4072e-006,4.22867e-006,3.4072e-006,1.20244e-006,1.49234e-006,1.20244e-006
87,18.1442,4.23402e-007,5.25483e-007,4.23402e-007,1.80582e-006,2.2412e-006,1.80582e-006,3.48462e-006,4.32476e-006,3.48462e-006,2.81761e-006,3.49692e-006,2.81761e-006,9.98394e-007,1.2391e-006,9.98394e-007
88,18.7228,3.55879e-007,4.4168e-007,3.55879e-007,1.5338e-006,1.9036e-006,1.5338e-006,2.92648e-006,3.63204e-006,2.92648e-006,2.28806e-006,2.8397e-006,2.28806e-006,7.80563e-007,9.68755e-007,7.80563e-007
89,19.3184,2.8917e-007,3.58889e-007,2.8917e-007,1.21622e-006,1.50945e-006,1.21622e-006,2.28492e-006,2.83581e-006,2.28492e-006,1.78184e-006,2.21143e-006,1.78184e-006,6.107e-007,7.57937e-007,6.107e-007
90,19.9314,2.3327e-007,2.89511e-007,2.3327e-007,9.7488e-007,1.20992e-006,9.7488e-007,1.83874e-006,2.28205e-006,1.83874e-006,1.44655e-006,1.79531e-006,1.44655e-006,4.95812e-007,6.15351e-007,4.95812e-007
91,20.5623,1.94692e-007,2.41632e-007,1.94692e-007,8.0419e-007,9.98077e-007,8.0419e-007,1.49125e-006,1.85079e-006,1.49125e-006,1.15249e-006,1.43035e-006,1.15249e-006,3.91695e-007,4.86131e-007,3.91695e-007
92,21.2118,1.53844e-007,1.90935e-007,1.53844e-007,6.39622e-007,7.93832e-007,6.39622e-007,1.18799e-006,1.47441e-006,1.18799e-006,9.26264e-007,1.14958e-006,9.26264e-007,3.19003e-007,3.95914e-007,3.19003e-007
93,21.8803,1.23794e-007,1.5364e-007,1.23794e-007,5.12988e-007,6.36668e-007,5.12988e-007,9.49311e-007,1.17819e-006,9.49311e-007,7.34705e-007,9.1184e-007,7.34705e-007,2.50801e-007,3.11268e-007,2.50801e-007
94,22.5684,9.86855e-008,1.22478e-007,9.86855e-008,4.09284e-007,5.07961e-007,4.09284e-007,7.62646e-007,9.46518e-007,7.62646e-007,5.95424e-007,7.38979e-007,5.95424e-007,2.04572e-007,2.53894e-007,2.04572e-007
95,23.2766,7.91008e-008,9.81718e-008,7.91008e-008,3.28147e-007,4.07263e-007,3.28147e-007,6.12359e-007,7.59997e-007,6.12359e-007,4.78873e-007,5.94327e-007,4.78873e-007,1.6497e-007,2.04744e-007,1.6497e-007
96,24.0056,6.48761e-008,8.05176e-008,6.48761e-008,2.66164e-007,3.30335e-007,2.66164e-007,4.87766e-007,6.05365e-007,4.87766e-007,3.76077e-007,4.66748e-007,3.76077e-007,1.29282e-007,1.60452e-007,1.29282e-007
97,24.756,5.13714e-008,6.37569e-008,5.13714e-008,2.11073e-007,2.61962e-007,2.11073e-007,3.88503e-007,4.8217e-007,3.88503e-007,2.99105e-007,3.71218e-007,2.99105e-007,1.01481e-007,1.25948e-007,1.01481e-007
98,25.5283,4.16154e-008,5.16487e-008,4.16154e-008,1.68143e-007,2.08681e-007,1.68143e-007,3.03532e-007,3.76712e-007,3.03532e-007,2.29084e-007,2.84315e-007,2.29084e-007,7.64571e-008,9.48906e-008,7.64571e-008
99,26.3233,3.27551e-008,4.06523e-008,3.27551e-008,1.33784e-007,1.66039e-007,1.33784e-007,2.43665e-007,3.02411e-007,2.43665e-007,1.84285e-007,2.28715e-007,1.84285e-007,6.08444e-008,7.55138e-008,6.08444e-008
100,27.1416,2.56865e-008,3.18794e-008,2.56865e-008,1.03834e-007,1.28868e-007,1.03834e-007,1.88341e-007,2.33749e-007,1.88341e-007,1.4314e-007,1.77651e-007,1.4314e-007,4.7949e-008,5.95094e-008,4.7949e-008
101,27.9838,2.08719e-008,2.59041e-008,2.08719e-008,8.46326e-008,1.05037e-007,8.46326e-008,1.52157e-007,1.88842e-007,1.52157e-007,1.13771e-007,1.41201e-007,1.13771e-007,3.78516e-008,4.69775e-008,3.78516e-008
102,28.8508,1.66451e-008,2.06582e-008,1.66451e-008,6.80892e-008,8.45052e-008,6.80892e-008,1.2278e-007,1.52382e-007,1.2278e-007,9.13481e-008,1.13372e-007,9.13481e-008,3.01632e-008,3.74354e-008,3.01632e-008
103,29.7431,1.35883e-008,1.68644e-008,1.35883e-008,5.51288e-008,6.84201e-008,5.51288e-008,9.79004e-008,1.21504e-007,9.79004e-008,7.16496e-008,8.89241e-008,7.16496e-008,2.32706e-008,2.8881e-008,2.32706e-008
104,30.6616,1.03854e-008,1.28893e-008,1.03854e-008,4.18325e-008,5.19182e-008,4.18325e-008,7.49653e-008,9.30392e-008,7.49653e-008,5.5663e-008,6.90832e-008,5.5663e-008,1.82258e-008,2.26199e-008,1.82258e-008
105,31.607,8.26109e-009,1.02528e-008,8.26109e-009,3.33387e-008,4.13765e-008,3.33387e-008,5.92614e-008,7.35491e-008,5.92614e-008,4.36e-008,5.41118e-008,4.36e-008,1.42286e-008,1.7659e-008,1.42286e-008
106,32.5802,6.50941e-009,8.07881e-009,6.50941e-009,2.60926e-008,3.23834e-008,2.60926e-008,4.65339e-008,5.7753e-008,4.65339e-008,3.43817e-008,4.2671e-008,3.43817e-008,1.12061e-008,1.39079e-008,1.12061e-008
107,33.5818,5.08028e-009,6.30512e-009,5.08028e-009,2.01965e-008,2.50658e-008,2.01965e-008,3.6051e-008,4.47427e-008,3.6051e-008,2.70388e-008,3.35577e-008,2.70388e-008,9.03082e-009,1.12081e-008,9.03082e-009
108,34.6128,4.06714e-009,5.04772e-009,4.06714e-009,1.62038e-008,2.01105e-008,1.62038e-008,2.88143e-008,3.57613e-008,2.88143e-008,2.12133e-008,2.63278e-008,2.12133e-008,6.82696e-009,8.47292e-009,6.82696e-009
109,35.674,3.18732e-009,3.95577e-009,3.18732e-009,1.23885e-008,1.53754e-008,1.23885e-008,2.16965e-008,2.69275e-008,2.16965e-008,1.5958e-008,1.98054e-008,1.5958e-008,5.18705e-009,6.43763e-009,5.18705e-009
110,36.7663,2.53099e-009,3.1412e-009,2.53099e-009,9.85177e-009,1.2227e-008,9.85177e-009,1.71903e-008,2.13348e-008,1.71903e-008,1.2602e-008,1.56403e-008,1.2602e-008,4.13483e-009,5.13173e-009,4.13483e-009
111,37.8906,1.9689e-009,2.44359e-009,1.9689e-009,7.81641e-009,9.70092e-009,7.81641e-009,1.3857e-008,1.71979e-008,1.3857e-008,1.01678e-008,1.26192e-008,1.01678e-008,3.25257e-009,4.03675e-009,3.25257e-009
112,39.0479,1.54259e-009,1.9145e-009,1.54259e-009,6.04672e-009,7.50456e-009,6.04672e-009,1.05652e-008,1.31124e-008,1.05652e-008,7.66328e-009,9.51087e-009,7.66328e-009,2.44126e-009,3.02984e-009,2.44126e-009
113,40.239,1.22057e-009,1.51485e-009,1.22057e-009,4.82617e-009,5.98974e-009,4.82617e-009,8.4622e-009,1.05024e-008,8.4622e-009,6.09229e-009,7.56113e-009,6.09229e-009,1.90435e-009,2.36348e-009,1.90435e-009
114,41.4651,9.70191e-010,1.2041e-009,9.70191e-010,3.76213e-009,4.66917e-009,3.76213e-009,6.4709e-009,8.03101e-009,6.4709e-009,4.64377e-009,5.76337e-009,4.64377e-009,1.4746e-009,1.83013e-009,1.4746e-009
115,42.7271,7.40922e-010,9.19556e-010,7.40922e-010,2.87677e-009,3.57035e-009,2.87677e-009,5.00441e-009,6.21096e-009,5.00441e-009,3.63011e-009,4.50531e-009,3.63011e-009,1.15589e-009,1.43457e-009,1.15589e-009
116,44.0261,5.85333e-010,7.26455e-010,5.85333e-010,2.27519e-009,2.82374e-009,2.27519e-009,3.9442e-009,4.89513e-009,3.9442e-009,2.8392e-009,3.52373e-009,2.8392e-009,8.97956e-010,1.11445e-009,8.97956e-010
117,45.3631,4.61249e-010,5.72455e-010,4.61249e-010,1.781e-009,2.2104e-009,1.781e-009,3.06732e-009,3.80684e-009,3.06732e-009,2.20358e-009,2.73485e-009,2.20358e-009,7.05387e-010,8.75454e-010,7.05387e-010
118,46.7394,3.5914e-010,4.45728e-010,3.5914e-010,1.37678e-009,1.70872e-009,1.37678e-009,2.36315e-009,2.93289e-009,2.36315e-009,1.68442e-009,2.09053e-009,1.68442e-009,5.25212e-010,6.51839e-010,5.25212e-010
119,48.1559,2.7549e-010,3.41909e-010,2.7549e-010,1.06278e-009,1.31902e-009,1.06278e-009,1.82186e-009,2.26111e-009,1.82186e-009,1.29771e-009,1.61058e-009,1.29771e-009,4.07386e-010,5.05605e-010,4.07386e-010
120,49.614,2.19082e-010,2.71902e-010,2.19082e-010,8.37101e-010,1.03892e-009,8.37101e-010,1.40064e-009,1.73833e-009,1.40064e-009,9.68361e-010,1.20183e-009,9.68361e-010,2.96202e-010,3.67616e-010,2.96202e-010
121,51.1148,1.70676e-010,2.11826e-010,1.70676e-010,6.47508e-010,8.0362e-010,6.47508e-010,1.0866e-009,1.34858e-009,1.0866e-009,7.57412e-010,9.40021e-010,7.57412e-010,2.34682e-010,2.91263e-010,2.34682e-010
122,52.6596,1.30216e-010,1.61611e-010,1.30216e-010,5.03343e-010,6.24698e-010,5.03343e-010,8.55464e-010,1.06171e-009,8.55464e-010,6.02815e-010,7.48151e-010,6.02815e-010,1.89737e-010,2.35482e-010,1.89737e-010
123,54.2497,9.97814e-011,1.23838e-010,9.97814e-011,3.87799e-010,4.81296e-010,3.87799e-010,6.59436e-010,8.18424e-010,6.59436e-010,4.58625e-010,5.69198e-010,4.58625e-010,1.40194e-010,1.73994e-010,1.40194e-010
124,55.8863,7.50557e-011,9.31514e-011,7.50557e-011,2.88744e-010,3.58359e-010,2.88744e-010,4.93086e-010,6.11968e-010,4.93086e-010,3.45852e-010,4.29236e-010,3.45852e-010,1.05959e-010,1.31505e-010,1.05959e-010
125,57.5709,5.69572e-011,7.06893e-011,5.69572e-011,2.16956e-010,2.69263e-010,2.16956e-010,3.68069e-010,4.56809e-010,3.68069e-010,2.58787e-010,3.21179e-010,2.58787e-010,7.97787e-011,9.90131e-011,7.97787e-011
126,59.3049,4.49177e-011,5.57472e-011,4.49177e-011,1.69612e-010,2.10505e-010,1.69612e-010,2.87166e-010,3.56401e-010,2.87166e-010,2.02091e-010,2.50814e-010,2.02091e-010,6.20548e-011,7.70161e-011,6.20548e-011
127,61.0897,3.31822e-011,4.11824e-011,3.31822e-011,1.26667e-010,1.57206e-010,1.26667e-010,2.14052e-010,2.65659e-010,2.14052e-010,1.4946e-010,1.85495e-010,1.4946e-010,4.59991e-011,5.70893e-011,4.59991e-011
128,62.9268,2.5691e-011,3.18851e-011,2.5691e-011,9.93302e-011,1.23278e-010,9.93302e-011,1.6795e-010,2.08443e-010,1.6795e-010,1.15658e-010,1.43543e-010,1.15658e-010,3.50338e-011,4.34803e-011,3.50338e-011
129,64.8177,1.90304e-011,2.36186e-011,1.90304e-011,7.16494e-011,8.89238e-011,7.16494e-011,1.2011e-010,1.49068e-010,1.2011e-010,8.38847e-011,1.04109e-010,8.38847e-011,2.58859e-011,3.21269e-011,2.58859e-011
130,66.7641,1.45204e-011,1.80212e-011,1.45204e-011,5.47163e-011,6.79083e-011,5.47163e-011,9.16787e-011,1.13782e-010,9.16787e-011,6.3804e-011,7.91869e-011,6.3804e-011,1.96033e-011,2.43296e-011,1.96033e-011
131,68.7675,1.11384e-011,1.38238e-011,1.11384e-011,4.18049e-011,5.18839e-011,4.18049e-011,6.98889e-011,8.67389e-011,6.98889e-011,4.86052e-011,6.03237e-011,4.86052e-011,1.49116e-011,1.85067e-011,1.49116e-011
132,70.8295,8.48259e-012,1.05277e-011,8.48259e-012,3.16326e-011,3.92591e-011,3.16326e-011,5.2751e-011,6.54691e-011,5.2751e-011,3.66979e-011,4.55456e-011,3.66979e-011,1.12881e-011,1.40097e-011,1.12881e-011
133,72.9521,6.42215e-012,7.97051e-012,6.42215e-012,2.41423e-011,2.99629e-011,2.41423e-011,4.00646e-011,4.9724e-011,4.00646e-011,2.76306e-011,3.42923e-011,2.76306e-011,8.4441e-012,1.04799e-011,8.4441e-012
134,75.1368,4.82864e-012,5.99281e-012,4.82864e-012,1.80046e-011,2.23455e-011,1.80046e-011,3.01174e-011,3.73786e-011,3.01174e-011,2.10609e-011,2.61386e-011,2.10609e-011,6.50296e-012,8.07081e-012,6.50296e-012
135,77.3855,3.63037e-012,4.50564e-012,3.63037e-012,1.35753e-011,1.68482e-011,1.35753e-011,2.24813e-011,2.79015e-011,2.24813e-011,1.54337e-011,1.91547e-011,1.54337e-011,4.68211e-012,5.81095e-012,4.68211e-012
136,79.7002,2.76897e-012,3.43656e-012,2.76897e-012,1.0325e-011,1.28144e-011,1.0325e-011,1.70239e-011,2.11283e-011,1.70239e-011,1.16493e-011,1.44579e-011,1.16493e-011,3.52567e-012,4.37569e-012,3.52567e-012
137,82.0826,2.07187e-012,2.5714e-012,2.07187e-012,7.7464e-012,9.61403e-012,7.7464e-012,1.28265e-011,1.59189e-011,1.28265e-011,8.79064e-012,1.091e-011,8.79064e-012,2.65701e-012,3.2976e-012,2.65701e-012
138,84.5349,1.58866e-012,1.97168e-012,1.58866e-012,5.93198e-012,7.36216e-012,5.93198e-012,9.76757e-012,1.21225e-011,9.76757e-012,6.62761e-012,8.2255e-012,6.62761e-012,1.97513e-012,2.45133e-012,1.97513e-012
139,87.0591,1.17487e-012,1.45813e-012,1.17487e-012,4.4099e-012,5.47312e-012,4.4099e-012,7.32544e-012,9.09158e-012,7.32544e-012,5.03141e-012,6.24447e-012,5.03141e-012,1.52559e-012,1.89341e-012,1.52559e-012
140,89.6572,8.94217e-013,1.10981e-012,8.94217e-013,3.30476e-012,4.10152e-012,3.30476e-012,5.45455e-012,6.76963e-012,5.45455e-012,3.75379e-012,4.65881e-012,3.75379e-012,1.14612e-012,1.42244e-012,1.14612e-012
141,92.3314,6.76542e-013,8.39654e-013,6.76542e-013,2.53672e-012,3.14831e-012,2.53672e-012,4.18032e-012,5.18819e-012,4.18032e-012,2.84258e-012,3.52792e-012,2.84258e-012,8.49632e-013,1.05448e-012,8.49632e-013
142,95.084,4.9385e-013,6.12915e-013,4.9385e-013,1.82627e-012,2.26657e-012,1.82627e-012,3.00734e-012,3.7324e-012,3.00734e-012,2.0621e-012,2.55926e-012,2.0621e-012,6.27363e-013,7.78619e-013,6.27363e-013
143,97.9173,3.63163e-013,4.50721e-013,3.63163e-013,1.35885e-012,1.68646e-012,1.35885e-012,2.25427e-012,2.79777e-012,2.25427e-012,1.54858e-012,1.92193e-012,1.54858e-012,4.6665e-013,5.79158e-013,4.6665e-013
144,100.834,2.77531e-013,3.44443e-013,2.77531e-013,1.03605e-012,1.28584e-012,1.03605e-012,1.7008e-012,2.11086e-012,1.7008e-012,1.15721e-012,1.43621e-012,1.15721e-012,3.47692e-013,4.31519e-013,3.47692e-013
145,103.835,2.01154e-013,2.49652e-013,2.01154e-013,7.48616e-013,9.29104e-013,7.48616e-013,1.23454e-012,1.53218e-012,1.23454e-012,8.45138e-013,1.0489e-012,8.45138e-013,2.57495e-013,3.19577e-013,2.57495e-013
146,106.925,1.48573e-013,1.84393e-013,1.48573e-013,5.51786e-013,6.8482e-013,5.51786e-013,9.04405e-013,1.12245e-012,9.04405e-013,6.13333e-013,7.61206e-013,6.13333e-013,1.83953e-013,2.28304e-013,1.83953e-013
147,110.105,1.10303e-013,1.36897e-013,1.10303e-013,4.07969e-013,5.06329e-013,4.07969e-013,6.65889e-013,8.26432e-013,6.65889e-013,4.48868e-013,5.57088e-013,4.48868e-013,1.33883e-013,1.66162e-013,1.33883e-013
148,113.379,8.2001e-014,1.01771e-013,8.2001e-014,3.07714e-013,3.81903e-013,3.07714e-013,5.08142e-013,6.30653e-013,5.08142e-013,3.43261e-013,4.2602e-013,3.43261e-013,1.01406e-013,1.25854e-013,1.01406e-013
149,116.748,6.01013e-014,7.45915e-014,6.01013e-014,2.22059e-013,2.75597e-013,2.22059e-013,3.63112e-013,4.50657e-013,3.63112e-013,2.4649e-013,3.05917e-013,2.4649e-013,7.38614e-014,9.16691e-014,7.38614e-014
150,120.216,4.42464e-014,5.49141e-014,4.42464e-014,1.63235e-013,2.02591e-013,1.63235e-013,2.6699e-013,3.31361e-013,2.6699e-013,1.81035e-013,2.24682e-013,1.81035e-013,5.40515e-014,6.70832e-014,5.40515e-014
151,123.786,3.27903e-014,4.06959e-014,3.27903e-014,1.20974e-013,1.5014e-013,1.20974e-013,1.9765e-013,2.45303e-013,1.9765e-013,1.33727e-013,1.65968e-013,1.33727e-013,3.98261e-014,4.94281e-014,3.98261e-014
152,127.461,2.43127e-014,3.01745e-014,2.43127e-014,8.98151e-014,1.11469e-013,8.98151e-014,1.47148e-013,1.82625e-013,1.47148e-013,9.9812e-014,1.23876e-013,9.9812e-014,2.96752e-014,3.68298e-014,2.96752e-014
153,131.243,1.79571e-014,2.22865e-014,1.79571e-014,6.64225e-014,8.24367e-014,6.64225e-014,1.09144e-013,1.35458e-013,1.09144e-013,7.41738e-014,9.20569e-014,7.41738e-014,2.2006e-014,2.73115e-014,2.2006e-014
154,135.136,1.32433e-014,1.64362e-014,1.32433e-014,4.85286e-014,6.02287e-014,4.85286e-014,7.8623e-014,9.75788e-014,7.8623e-014,5.28014e-014,6.55316e-014,5.28014e-014,1.56711e-014,1.94494e-014,1.56711e-014
155,139.143,9.86168e-015,1.22393e-014,9.86168e-015,3.5922e-014,4.45827e-014,3.5922e-014,5.804e-014,7.20332e-014,5.804e-014,3.8924e-014,4.83084e-014,3.8924e-014,1.15397e-014,1.43219e-014,1.15397e-014
156,143.267,7.26628e-015,9.01816e-015,7.26628e-015,2.65329e-014,3.29299e-014,2.65329e-014,4.28635e-014,5.31977e-014,4.28635e-014,2.87061e-014,3.5627e-014,2.87061e-014,8.49788e-015,1.05467e-014,8.49788e-015
157,147.512,5.31271e-015,6.59358e-015,5.31271e-015,1.9508e-014,2.42113e-014,1.9508e-014,3.15849e-014,3.92e-014,3.15849e-014,2.11503e-014,2.62496e-014,2.11503e-014,6.25442e-015,7.76234e-015,6.25442e-015
158,151.882,3.9325e-015,4.88062e-015,3.9325e-015,1.43876e-014,1.78564e-014,1.43876e-014,2.328e-014,2.88928e-014,2.328e-014,1.56594e-014,1.94348e-014,1.56594e-014,4.67646e-015,5.80394e-015,4.67646e-015
159,156.38,2.91695e-015,3.62022e-015,2.91695e-015,1.06374e-014,1.32021e-014,1.06374e-014,1.70777e-014,2.11951e-014,1.70777e-014,1.1353e-014,1.40901e-014,1.1353e-014,3.34113e-015,4.14667e-015,3.34113e-015
160,161.009,2.19638e-015,2.72592e-015,2.19638e-015,7.98495e-015,9.91009e-015,7.98495e-015,1.26782e-014,1.57348e-014,1.26782e-014,8.33586e-015,1.03456e-014,8.33586e-015,2.42955e-015,3.01531e-015,2.42955e-015
161,165.774,1.54868e-015,1.92207e-015,1.54868e-015,5.66154e-015,7.02652e-015,5.66154e-015,9.1527e-015,1.13594e-014,9.1527e-015,6.10055e-015,7.57138e-015,6.10055e-015,1.78585e-015,2.21642e-015,1.78585e-015
162,170.679,1.13873e-015,1.41328e-015,1.13873e-015,4.16544e-015,5.16972e-015,4.16544e-015,6.7355e-015,8.35941e-015,6.7355e-015,4.48987e-015,5.57237e-015,4.48987e-015,1.31447e-015,1.63139e-015,1.31447e-015
163,175.728,8.42232e-016,1.04529e-015,8.42232e-016,3.10534e-015,3.85403e-015,3.10534e-015,5.03134e-015,6.24439e-015,5.03134e-015,3.32832e-015,4.13077e-015,3.32832e-015,9.64462e-016,1.19699e-015,9.64462e-016
164,180.924,6.12647e-016,7.60355e-016,6.12647e-016,2.22573e-015,2.76235e-015,2.22573e-015,3.57416e-015,4.43588e-015,3.57416e-015,2.37352e-015,2.94577e-015,2.37352e-015,6.93351e-016,8.60515e-016,6.93351e-016
165,186.273,4.45513e-016,5.52924e-016,4.45513e-016,1.62049e-015,2.01118e-015,1.62049e-015,2.60709e-015,3.23564e-015,2.60709e-015,1.73415e-015,2.15225e-015,1.73415e-015,5.07004e-016,6.29241e-016,5.07004e-016
166,191.779,3.28965e-016,4.08277e-016,3.28965e-016,1.1886e-015,1.47517e-015,1.1886e-015,1.91077e-015,2.37145e-015,1.91077e-015,1.27152e-015,1.57808e-015,1.27152e-015,3.71479e-016,4.61041e-016,3.71479e-016
167,197.446,2.36839e-016,2.9394e-016,2.36839e-016,8.65272e-016,1.07389e-015,8.65272e-016,1.3971e-015,1.73394e-015,1.3971e-015,9.30488e-016,1.15483e-015,9.30488e-016,2.7188e-016,3.37429e-016,2.7188e-016
168,203.279,1.72387e-016,2.13949e-016,1.72387e-016,6.31683e-016,7.83979e-016,6.31683e-016,1.02768e-015,1.27546e-015,1.02768e-015,6.89918e-016,8.56255e-016,6.89918e-016,2.0164e-016,2.50255e-016,2.0164e-016
169,209.282,1.25605e-016,1.55888e-016,1.25605e-016,4.56536e-016,5.66606e-016,4.56536e-016,7.32822e-016,9.09503e-016,7.32822e-016,4.8576e-016,6.02875e-016,4.8576e-016,1.41761e-016,1.7594e-016,1.41761e-016
170,215.462,9.18538e-017,1.14e-016,9.18538e-017,3.33445e-016,4.13837e-016,3.33445e-016,5.34571e-016,6.63454e-016,5.34571e-016,3.53166e-016,4.38314e-016,3.53166e-016,1.02281e-016,1.26941e-016,1.02281e-016
171,221.823,6.68016e-017,8.29073e-017,6.68016e-017,2.43107e-016,3.0172e-016,2.43107e-016,3.90787e-016,4.85005e-016,3.90787e-016,2.59663e-016,3.22267e-016,2.59663e-016,7.60902e-017,9.44353e-017,7.60902e-017
172,228.37,4.86454e-017,6.03736e-017,4.86454e-017,1.77016e-016,2.19694e-016,1.77016e-016,2.84577e-016,3.53188e-016,2.84577e-016,1.89125e-016,2.34722e-016,1.89125e-016,5.54149e-017,6.87752e-017,5.54149e-017
173,235.11,3.54015e-017,4.39366e-017,3.54015e-017,1.28599e-016,1.59603e-016,1.28599e-016,2.06788e-016,2.56644e-016,2.06788e-016,1.38052e-016,1.71336e-016,1.38052e-016,4.08674e-017,5.07204e-017,4.08674e-017
174,242.046,2.58303e-017,3.20579e-017,2.58303e-017,9.36926e-017,1.16282e-016,9.36926e-017,1.4985e-016,1.85978e-016,1.4985e-016,9.88177e-017,1.22642e-016,9.88177e-017,2.86656e-017,3.55768e-017,2.86656e-017
175,249.186,1.88379e-017,2.33797e-017,1.88379e-017,6.83327e-017,8.48074e-017,6.83327e-017,1.09316e-016,1.35672e-016,1.09316e-016,7.21498e-017,8.95449e-017,7.21498e-017,2.09704e-017,2.60264e-017,2.09704e-017
176,256.535,1.37244e-017,1.70333e-017,1.37244e-017,4.9783e-017,6.17855e-017,4.9783e-017,7.9656e-017,9.88608e-017,7.9656e-017,5.25986e-017,6.528e-017,5.25986e-017,1.52994e-017,1.89881e-017,1.52994e-017
177,264.1,9.99358e-018,1.2403e-017,9.99358e-018,3.62589e-017,4.50008e-017,3.62589e-017,5.8138e-017,7.21549e-017,5.8138e-017,3.85017e-017,4.77843e-017,3.85017e-017,1.12083e-017,1.39106e-017,1.12083e-017
178,271.886,7.27063e-018,9.02355e-018,7.27063e-018,2.63461e-017,3.2698e-017,2.63461e-017,4.22046e-017,5.238e-017,4.22046e-017,2.7991e-017,3.47396e-017,2.7991e-017,8.20352e-018,1.01814e-017,8.20352e-018
179,279.901,5.29294e-018,6.56905e-018,5.29294e-018,1.91037e-017,2.37095e-017,1.91037e-017,3.03155e-017,3.76245e-017,3.03155e-017,1.97954e-017,2.4568e-017,1.97954e-017,5.68934e-018,7.06102e-018,5.68934e-018
180,288.15,3.84427e-018,4.77112e-018,3.84427e-018,1.38707e-017,1.72149e-017,1.38707e-017,2.20077e-017,2.73136e-017,2.20077e-017,1.43683e-017,1.78325e-017,1.43683e-017,4.12723e-018,5.12229e-018,4.12723e-018
181,296.641,2.80847e-018,3.48559e-018,2.80847e-018,1.01248e-017,1.25659e-017,1.01248e-017,1.60374e-017,1.9904e-017,1.60374e-017,1.04481e-017,1.29671e-017,1.04481e-017,2.99663e-018,3.71911e-018,2.99663e-018
182,305.381,2.03955e-018,2.53127e-018,2.03955e-018,7.34587e-018,9.11693e-018,7.34587e-018,1.16359e-017,1.44412e-017,1.16359e-017,7.5859e-018,9.41483e-018,7.5859e-018,2.17593e-018,2.70054e-018,2.17593e-018
183,314.377,1.48863e-018,1.84753e-018,1.48863e-018,5.37396e-018,6.6696e-018,5.37396e-018,8.49564e-018,1.05439e-017,8.49564e-018,5.49522e-018,6.82011e-018,5.49522e-018,1.56173e-018,1.93825e-018,1.56173e-018
184,323.636,1.08101e-018,1.34164e-018,1.08101e-018,3.88344e-018,4.81972e-018,3.88344e-018,6.11853e-018,7.59369e-018,6.11853e-018,3.95512e-018,4.90869e-018,3.95512e-018,1.12502e-018,1.39626e-018,1.12502e-018
185,333.167,7.79475e-019,9.67403e-019,7.79475e-019,2.78462e-018,3.45598e-018,2.78462e-018,4.38025e-018,5.43631e-018,4.38025e-018,2.84591e-018,3.53205e-018,2.84591e-018,8.15849e-019,1.01255e-018,8.15849e-019
186,342.977,5.66165e-019,7.02665e-019,5.66165e-019,2.02169e-018,2.50911e-018,2.02169e-018,3.17878e-018,3.94518e-018,3.17878e-018,2.06225e-018,2.55945e-018,2.06225e-018,5.89992e-019,7.32237e-019,5.89992e-019
187,353.075,4.13097e-019,5.12694e-019,4.13097e-019,1.47408e-018,1.82947e-018,1.47408e-018,2.31049e-018,2.86755e-018,2.31049e-018,1.49156e-018,1.85117e-018,1.49156e-018,4.23786e-019,5.2596e-019,4.23786e-019
188,363.469,3.08361e-019,3.82706e-019,3.08361e-019,1.09807e-018,1.36281e-018,1.09807e-018,1.70467e-018,2.11566e-018,1.70467e-018,1.08616e-018,1.34804e-018,1.08616e-018,3.05575e-019,3.79248e-019,3.05575e-019
189,374.167,2.12637e-019,2.63903e-019,2.12637e-019,7.59867e-019,9.43069e-019,7.59867e-019,1.20179e-018,1.49154e-018,1.20179e-018,7.88287e-019,9.78341e-019,7.88287e-019,2.27271e-019,2.82066e-019,2.27271e-019
190,385.179,1.53257e-019,1.90207e-019,1.53257e-019,5.45438e-019,6.76942e-019,5.45438e-019,8.56012e-019,1.06239e-018,8.56012e-019,5.53264e-019,6.86654e-019,5.53264e-019,1.57203e-019,1.95104e-019,1.57203e-019
191,396.513,1.09415e-019,1.35795e-019,1.09415e-019,3.85724e-019,4.7872e-019,3.85724e-019,6.00439e-019,7.45203e-019,6.00439e-019,3.86449e-019,4.79621e-019,3.86449e-019,1.09774e-019,1.3624e-019,1.09774e-019
192,408.179,7.21791e-020,8.95812e-020,7.21791e-020,2.55118e-019,3.16626e-019,2.55118e-019,3.98824e-019,4.9498e-019,3.98824e-019,2.57556e-019,3.19652e-019,2.57556e-019,7.32718e-020,9.09374e-020,7.32718e-020
193,420.188,4.92434e-020,6.11158e-020,4.92434e-020,1.76242e-019,2.18733e-019,1.76242e-019,2.77685e-019,3.44633e-019,2.77685e-019,1.80559e-019,2.24092e-019,1.80559e-019,5.17169e-020,6.41857e-020,5.17169e-020
194,432.548,3.50032e-020,4.34424e-020,3.50032e-020,1.26071e-019,1.56466e-019,1.26071e-019,2.00236e-019,2.48512e-019,2.00236e-019,1.30602e-019,1.6209e-019,1.30602e-019,3.73336e-020,4.63346e-020,3.73336e-020
195,445.271,2.42453e-020,3.00908e-020,2.42453e-020,8.62945e-020,1.071e-019,8.62945e-020,1.35912e-019,1.6868e-019,1.35912e-019,8.88211e-020,1.10236e-019,8.88211e-020,2.56007e-020,3.1773e-020,2.56007e-020
196,458.366,2.23806e-020,2.77765e-020,2.23806e-020,7.8759e-020,9.77475e-020,7.8759e-020,1.21642e-019,1.50969e-019,1.21642e-019,7.76186e-020,9.63322e-020,7.76186e-020,2.19698e-020,2.72666e-020,2.19698e-020
197,471.845,0,0,0,0,0,0,0,0,0,0,0,0,0,0,0
198,485.719,0,0,0,0,0,0,0,0,0,0,0,0,0,0,0
199,500,0,0,0,0,0,0,0,0,0,0,0,0,0,0,0
