gridnumber,capital,dist[0 0],dist[0 1],dist[0 2],dist[0 3],dist[0 4],dist[0 5],dist[0 6],dist[1 0],dist[1 1],dist[1 2],dist[1 3],dist[1 4],dist[1 5],dist[1 6],dist[2 0],dist[2 1],dist[2 2],dist[2 3],dist[2 4],dist[2 5],dist[2 6],dist[3 0],dist[3 1],dist[3 2],dist[3 3],dist[3 4],dist[3 5],dist[3 6],dist[4 0],dist[4 1],dist[4 2],dist[4 3],dist[4 4],dist[4 5],dist[4 6],dist[5 0],dist[5 1],dist[5 2],dist[5 3],dist[5 4],dist[5 5],dist[5 6],dist[6 0],dist[6 1],dist[6 2],dist[6 3],dist[6 4],dist[6 5],dist[6 6]
0,0,1.41713e-005,0.000106708,0.000318934,0.00036284,0.000156814,2.54978e-005,1.5715e-006,0.00013829,0.0010413,0.00311231,0.00354076,0.00153026,0.00024882,1.53355e-005,0.000551654,0.00415388,0.0124154,0.0141245,0.0061044,0.000992572,6.1175e-005,0.000873876,0.00658017,0.0196672,0.0223747,0.00967,0.00157234,9.69077e-005,0.000551655,0.00415389,0.0124154,0.0141246,0.00610442,0.000992578,6.11754e-005,0.000138291,0.00104131,0.00311233,0.00354079,0.00153028,0.000248823,1.53357e-005,1.41714e-005,0.000106709,0.000318937,0.000362844,0.000156816,2.54982e-005,1.57153e-006
1,0.0185364,5.18922e-006,4.95778e-005,0.000186457,0.000266577,0.000144354,2.926e-005,2.23978e-006,5.06388e-005,0.000483803,0.00181954,0.00260138,0.00140868,0.000285533,2.18568e-005,0.000202003,0.00192994,0.00725832,0.0103772,0.00561936,0.00113902,8.7189e-005,0.000319994,0.00305722,0.0114979,0.0164385,0.00890163,0.00180432,0.000138116,0.000202003,0.00192994,0.00725832,0.0103772,0.00561936,0.00113902,8.7189e-005,5.06388e-005,0.000483803,0.00181954,0.00260138,0.00140868,0.000285533,2.18568e-005,5.18922e-006,4.95778e-005,0.000186457,0.000266577,0.000144354,2.926e-005,2.23978e-006
2,0.0372875,3.76169e-006,3.64498e-005,0.000138995,0.000201313,0.000110277,2.25742e-005,1.74248e-006,3.67084e-005,0.000355696,0.00135639,0.00196451,0.00107614,0.000220291,1.7004e-005,0.000146434,0.00141891,0.0054108,0.00783668,0.00429284,0.000878767,6.78311e-005,0.000231968,0.00224771,0.00857128,0.0124141,0.00680032,0.00139206,0.000107452,0.000146436,0.00141893,0.00541085,0.00783676,0.00429288,0.000878775,6.78317e-005,3.67091e-005,0.000355702,0.00135641,0.00196455,0.00107616,0.000220295,1.70043e-005,3.76179e-006,3.64508e-005,0.000138999,0.000201319,0.00011028,2.25749e-005,1.74253e-006
3,0.0562558,3.52557e-006,3.5817e-005,0.000144531,0.000224937,0.000135032,3.1015e-005,2.77233e-006,3.4404e-005,0.000349517,0.0014104,0.00219504,0.0013177,0.000302659,2.70537e-005,0.00013724,0.00139426,0.00562621,0.00875622,0.00525646,0.00120734,0.00010792,0.000217402,0.00220864,0.00891246,0.0138707,0.00832675,0.00191255,0.000170957,0.000137239,0.00139425,0.00562618,0.00875619,0.00525645,0.00120734,0.000107921,3.44035e-005,0.000349513,0.00141038,0.00219502,0.0013177,0.000302659,2.70539e-005,3.52549e-006,3.58163e-005,0.000144529,0.000224935,0.000135032,3.10151e-005,2.77236e-006
4,0.0754439,2.6034e-006,2.83689e-005,0.000123744,0.00020954,0.000137317,3.44318e-005,3.35714e-006,2.54052e-005,0.000276837,0.00120755,0.00204479,0.00134001,0.000336002,3.27606e-005,0.000101344,0.00110433,0.00481705,0.00815688,0.00534544,0.00134035,0.000130686,0.000160539,0.00174937,0.00763069,0.0129213,0.00846773,0.00212326,0.00020702,0.000101344,0.00110433,0.00481706,0.0081569,0.00534546,0.00134036,0.000130686,2.54052e-005,0.000276837,0.00120755,0.0020448,0.00134002,0.000336005,3.27609e-005,2.60341e-006,2.8369e-005,0.000123745,0.000209541,0.000137319,3.44323e-005,3.35719e-006
5,0.0948544,2.13855e-006,2.33905e-005,0.000101675,0.000170605,0.000110335,2.72367e-005,2.61086e-006,2.0869e-005,0.000228256,0.000992193,0.00166485,0.0010767,0.000265788,2.5478e-005,8.32488e-005,0.000910542,0.00395798,0.00664129,0.00429508,0.00106026,0.000101634,0.000131875,0.00144239,0.00626985,0.0105205,0.00680385,0.00167956,0.000160999,8.32494e-005,0.000910548,0.003958,0.00664133,0.0042951,0.00106026,0.000101635,2.08693e-005,0.00022826,0.000992207,0.00166487,0.00107671,0.00026579,2.54781e-005,2.13859e-006,2.3391e-005,0.000101677,0.000170609,0.000110336,2.7237e-005,2.61087e-006
6,0.11449,1.87098e-006,2.09957e-005,9.38638e-005,0.000162451,0.000108654,2.78146e-005,2.77785e-006,1.82579e-005,0.000204885,0.000915963,0.00158526,0.00106029,0.000271428,2.71076e-005,7.28324e-005,0.000817307,0.00365386,0.00632376,0.00422961,0.00108275,0.000108135,0.000115374,0.00129469,0.00578806,0.0100174,0.0067001,0.00171518,0.000171297,7.28321e-005,0.000817303,0.00365384,0.00632372,0.00422959,0.00108275,0.000108135,1.82577e-005,0.000204883,0.000915952,0.00158524,0.00106028,0.000271426,2.71076e-005,1.87096e-006,2.09954e-005,9.3862e-005,0.000162448,0.000108652,2.78144e-005,2.77785e-006
7,0.134352,1.44162e-006,1.66163e-005,7.6869e-005,0.000139153,9.86331e-005,2.71705e-005,2.98245e-006,1.40679e-005,0.000162149,0.000750123,0.00135792,0.000962509,0.000265143,2.91042e-005,5.61181e-005,0.000646828,0.00299232,0.00541689,0.00383956,0.00105769,0.0001161,8.88963e-005,0.00102464,0.00474012,0.00858089,0.00608226,0.00167549,0.000183915,5.61176e-005,0.000646824,0.00299231,0.00541689,0.00383957,0.00105769,0.000116101,1.40676e-005,0.000162147,0.00075012,0.00135792,0.000962517,0.000265146,2.91046e-005,1.44158e-006,1.6616e-005,7.68686e-005,0.000139153,9.86343e-005,2.7171e-005,2.98251e-006
8,0.154445,1.12913e-006,1.34781e-005,6.44043e-005,0.000120028,8.72175e-005,2.45189e-005,2.73568e-006,1.10186e-005,0.000131525,0.000628485,0.00117129,0.000851104,0.000239265,2.66958e-005,4.39541e-005,0.000524664,0.00250708,0.00467236,0.00339513,0.000954449,0.000106492,6.96275e-005,0.000831117,0.00397145,0.00740145,0.00537819,0.00151193,0.000168693,4.39538e-005,0.00052466,0.00250706,0.00467232,0.00339509,0.000954439,0.000106491,1.10184e-005,0.000131523,0.000628475,0.00117126,0.000851087,0.00023926,2.66953e-005,1.12911e-006,1.34778e-005,6.44028e-005,0.000120025,8.72149e-005,2.45181e-005,2.73559e-006
9,0.174771,8.93688e-007,1.08201e-005,5.25077e-005,9.96945e-005,7.41255e-005,2.14297e-005,2.47443e-006,8.72101e-006,0.000105588,0.000512394,0.000972866,0.000723352,0.000209121,2.41467e-005,3.4789e-005,0.0004212,0.00204399,0.00388087,0.00288553,0.00083421,9.63243e-005,5.51091e-005,0.000667223,0.00323789,0.00614769,0.00457098,0.00132148,0.000152588,3.47889e-005,0.0004212,0.00204399,0.00388087,0.00288554,0.000834216,9.63253e-005,8.72096e-006,0.000105587,0.000512394,0.000972869,0.000723358,0.000209124,2.41472e-005,8.93681e-007,1.08201e-005,5.25077e-005,9.9695e-005,7.41264e-005,2.14301e-005,2.4745e-006
10,0.195332,7.20369e-007,8.92737e-006,4.43757e-005,8.64623e-005,6.6113e-005,1.96955e-005,2.34944e-006,7.02971e-006,8.71176e-005,0.000433039,0.000843739,0.000645161,0.000192197,2.29268e-005,2.80423e-005,0.000347522,0.00172744,0.00336577,0.00257361,0.000766693,9.14571e-005,4.44219e-005,0.000550511,0.00273644,0.00533171,0.00407686,0.00121452,0.000144877,2.80424e-005,0.000347523,0.00172745,0.00336577,0.00257361,0.000766689,9.14564e-005,7.02977e-006,8.71183e-005,0.000433042,0.000843741,0.000645159,0.000192195,2.29265e-005,7.20379e-007,8.92749e-006,4.43761e-005,8.64626e-005,6.61127e-005,1.96952e-005,2.34938e-006
11,0.216131,5.6469e-007,7.08665e-006,3.55949e-005,6.99462e-005,5.38667e-005,1.61612e-005,1.94694e-006,5.51045e-006,6.91542e-005,0.000347348,0.000682563,0.000525654,0.000157708,1.89992e-005,2.19816e-005,0.000275861,0.0013856,0.0027228,0.00209688,0.000629111,7.57895e-005,3.48207e-005,0.000436988,0.00219491,0.00431316,0.00332165,0.000996572,0.000120058,2.19812e-005,0.000275857,0.00138558,0.00272277,0.00209686,0.000629107,7.57894e-005,5.51026e-006,6.91519e-005,0.000347338,0.000682547,0.000525644,0.000157706,1.89991e-005,5.6466e-007,7.08629e-006,3.55933e-005,6.99437e-005,5.38652e-005,1.61609e-005,1.94693e-006
12,0.237172,4.2228e-007,5.44498e-006,2.82216e-005,5.7451e-005,4.59835e-005,1.43846e-005,1.81785e-006,4.1208e-006,5.31346e-005,0.0002754,0.000560635,0.000448729,0.000140372,1.77394e-005,1.64383e-005,0.00021196,0.0010986,0.00223644,0.00179003,0.000559962,7.07646e-005,2.60399e-005,0.000335766,0.0017403,0.00354275,0.0028356,0.000887038,0.000112099,1.64383e-005,0.00021196,0.00109861,0.00223645,0.00179004,0.000559965,7.0765e-005,4.12079e-006,5.31348e-005,0.000275402,0.000560641,0.000448735,0.000140374,1.77396e-005,4.22279e-007,5.445e-006,2.82219e-005,5.74519e-005,4.59843e-005,1.43849e-005,1.81787e-006
13,0.258456,3.27652e-007,4.28712e-006,2.25907e-005,4.6862e-005,3.82854e-005,1.22326e-005,1.57921e-006,3.19736e-006,4.18354e-005,0.000220449,0.000457298,0.000373604,0.000119371,1.54106e-005,1.27546e-005,0.000166885,0.00087939,0.0018242,0.00149034,0.000476183,6.14746e-005,2.02044e-005,0.000264361,0.00139303,0.0028897,0.00236083,0.000754319,9.73817e-005,1.27545e-005,0.000166883,0.000879379,0.00182418,0.00149032,0.00047618,6.14744e-005,3.19731e-006,4.18345e-005,0.000220444,0.000457287,0.000373596,0.00011937,1.54105e-005,3.27644e-007,4.28698e-006,2.25899e-005,4.68603e-005,3.82842e-005,1.22324e-005,1.57919e-006
14,0.279986,2.40782e-007,3.20736e-006,1.72303e-005,3.65455e-005,3.06502e-005,1.01028e-005,1.35557e-006,2.34964e-006,3.12987e-005,0.00016814,0.000356625,0.000299097,9.85867e-005,1.32282e-005,9.37286e-006,0.000124853,0.000670723,0.00142261,0.00119312,0.00039327,5.27681e-005,1.48474e-005,0.000197778,0.00106248,0.00225354,0.00189001,0.000622974,8.35894e-005,9.37268e-006,0.000124851,0.000670713,0.00142259,0.0011931,0.000393264,5.27673e-005,2.34955e-006,3.12977e-005,0.000168135,0.000356616,0.000299088,9.85837e-005,1.32278e-005,2.40768e-007,3.20721e-006,1.72295e-005,3.6544e-005,3.06489e-005,1.01023e-005,1.35551e-006
15,0.301766,1.77277e-007,2.40992e-006,1.31546e-005,2.82814e-005,2.40275e-005,8.0317e-006,1.09664e-006,1.72995e-006,2.3517e-005,0.000128368,0.000275983,0.000234471,7.83769e-005,1.07015e-005,6.90092e-006,9.38116e-005,0.000512074,0.00110092,0.000935329,0.000312653,4.26893e-005,1.09317e-005,0.000148607,0.000811174,0.00174396,0.00148165,0.000495273,6.76241e-005,6.90088e-006,9.38111e-005,0.000512071,0.00110092,0.000935325,0.000312652,4.26893e-005,1.72993e-006,2.35168e-005,0.000128367,0.00027598,0.000234469,7.83764e-005,1.07015e-005,1.77274e-007,2.40988e-006,1.31544e-005,2.8281e-005,2.40273e-005,8.03163e-006,1.09663e-006
16,0.323799,1.32386e-007,1.82127e-006,1.00684e-005,2.19511e-005,1.89365e-005,6.43437e-006,8.94436e-007,1.29187e-006,1.77727e-005,9.82514e-005,0.000214208,0.00018479,6.27894e-005,8.72828e-006,5.1534e-006,7.08969e-005,0.000391934,0.000854497,0.000737146,0.000250472,3.48179e-005,8.16346e-006,0.000112307,0.00062086,0.0013536,0.00116771,0.000396772,5.51548e-005,5.15336e-006,7.08963e-005,0.000391931,0.000854491,0.000737141,0.000250471,3.48176e-005,1.29185e-006,1.77724e-005,9.825e-005,0.000214205,0.000184788,6.27885e-005,8.72815e-006,1.32382e-007,1.82122e-006,1.00682e-005,2.19507e-005,1.89361e-005,6.43424e-006,8.94416e-007
17,0.346087,9.47507e-008,1.33338e-006,7.55874e-006,1.69258e-005,1.50033e-005,5.23627e-006,7.47814e-007,9.24618e-007,1.30118e-005,7.37615e-005,0.000165169,0.000146409,5.10978e-005,7.2975e-006,3.68839e-006,5.19051e-005,0.000294242,0.000658876,0.00058404,0.000203834,2.91104e-005,5.84276e-006,8.22227e-005,0.000466107,0.00104372,0.000925175,0.000322893,4.61137e-005,3.68837e-006,5.19049e-005,0.000294241,0.000658873,0.000584037,0.000203833,2.91103e-005,9.24609e-007,1.30116e-005,7.37609e-005,0.000165168,0.000146408,5.10973e-005,7.29744e-006,9.47493e-008,1.33337e-006,7.55864e-006,1.69256e-005,1.50031e-005,5.2362e-006,7.47805e-007
18,0.368632,7.3314e-008,1.05779e-006,6.12822e-006,1.3988e-005,1.26098e-005,4.46683e-006,6.46796e-007,7.15432e-007,1.03224e-005,5.98022e-005,0.000136502,0.000123053,4.35898e-005,6.3118e-006,2.85393e-006,4.11774e-005,0.000238558,0.000544526,0.000490876,0.000173886,2.51787e-005,4.52091e-006,6.52292e-005,0.000377902,0.000862588,0.000777603,0.000275455,3.98859e-005,2.85393e-006,4.11775e-005,0.00023856,0.000544532,0.000490883,0.000173889,2.51791e-005,7.15431e-007,1.03225e-005,5.98032e-005,0.000136506,0.000123057,4.35913e-005,6.31203e-006,7.33139e-008,1.0578e-006,6.12837e-006,1.39885e-005,1.26104e-005,4.46707e-006,6.46833e-007
19,0.391439,5.01656e-008,7.34043e-007,4.31934e-006,1.00362e-005,9.23603e-006,3.35137e-006,4.99635e-007,4.89528e-007,7.16297e-006,4.21491e-005,9.79352e-005,9.01273e-005,3.27035e-005,4.87556e-006,1.95274e-006,2.85732e-005,0.000168133,0.000390665,0.000359519,0.000130455,1.94487e-005,3.09327e-006,4.52618e-005,0.000266334,0.000618838,0.000569501,0.000206648,3.0808e-005,1.95266e-006,2.8572e-005,0.000168126,0.000390647,0.000359502,0.000130449,1.94478e-005,4.89489e-007,7.16235e-006,4.21453e-005,9.79261e-005,9.01189e-005,3.27005e-005,4.87512e-006,5.01594e-008,7.33946e-007,4.31875e-006,1.00348e-005,9.23473e-006,3.35091e-006,4.99568e-007
20,0.414511,3.28895e-008,4.833e-007,2.86671e-006,6.73939e-006,6.29144e-006,2.31787e-006,3.50771e-007,3.20949e-007,4.71624e-006,2.79745e-005,6.57658e-005,6.13945e-005,2.26187e-005,3.42297e-006,1.28029e-006,1.88135e-005,0.000111593,0.000262346,0.000244908,9.02281e-005,1.36546e-005,2.0281e-006,2.98023e-005,0.000176773,0.00041558,0.000387958,0.00014293,2.16301e-005,1.28028e-006,1.88133e-005,0.000111592,0.000262343,0.000244907,9.02275e-005,1.36545e-005,3.20942e-007,4.71615e-006,2.7974e-005,6.57647e-005,6.13936e-005,2.26184e-005,3.42293e-006,3.28885e-008,4.83286e-007,2.86663e-006,6.73922e-006,6.2913e-006,2.31782e-006,3.50765e-007
21,0.437849,2.35277e-008,3.54609e-007,2.1544e-006,5.18076e-006,4.93918e-006,1.8552e-006,2.85981e-007,2.29592e-007,3.46042e-006,2.10236e-005,5.0556e-005,4.81986e-005,1.81038e-005,2.79072e-006,9.15862e-007,1.38039e-005,8.38648e-005,0.000201673,0.000192269,7.22178e-005,1.11324e-005,1.45081e-006,2.18667e-005,0.00013285,0.000319468,0.000304572,0.0001144,1.76349e-005,9.15852e-007,1.38038e-005,8.38641e-005,0.000201671,0.000192267,7.22174e-005,1.11324e-005,2.29587e-007,3.46035e-006,2.10232e-005,5.05552e-005,4.81979e-005,1.81036e-005,2.79069e-006,2.35268e-008,3.54598e-007,2.15434e-006,5.18063e-006,4.93907e-006,1.85516e-006,2.85975e-007
22,0.461458,1.63798e-008,2.52492e-007,1.5677e-006,3.85111e-006,3.74847e-006,1.43637e-006,2.25861e-007,1.59841e-007,2.46391e-006,1.52983e-005,3.75808e-005,3.65792e-005,1.40167e-005,2.20406e-006,6.37619e-007,9.82876e-006,6.10262e-005,0.000149913,0.000145918,5.5914e-005,8.79223e-006,1.01005e-006,1.55696e-005,9.66711e-005,0.000237476,0.000231148,8.85733e-005,1.39278e-005,6.37611e-007,9.82865e-006,6.10256e-005,0.000149912,0.000145917,5.59139e-005,8.79225e-006,1.59837e-007,2.46386e-006,1.5298e-005,3.75802e-005,3.65788e-005,1.40166e-005,2.20407e-006,1.63792e-008,2.52483e-007,1.56766e-006,3.85102e-006,3.74841e-006,1.43636e-006,2.25862e-007
23,0.485341,1.10349e-008,1.72444e-007,1.08562e-006,2.70687e-006,2.67782e-006,1.04423e-006,1.67403e-007,1.07683e-007,1.68278e-006,1.0594e-005,2.64147e-005,2.61313e-005,1.019e-005,1.63358e-006,4.29555e-007,6.71275e-006,4.22603e-005,0.000105371,0.00010424,4.06487e-005,6.51649e-006,6.80454e-007,1.06336e-005,6.69442e-005,0.000166917,0.000165126,6.43912e-005,1.03227e-005,4.2955e-007,6.71269e-006,4.22599e-005,0.00010537,0.000104239,4.06482e-005,6.5164e-006,1.0768e-007,1.68275e-006,1.05938e-005,2.64143e-005,2.61308e-005,1.01898e-005,1.63354e-006,1.10345e-008,1.72439e-007,1.0856e-006,2.7068e-006,2.67775e-006,1.04419e-006,1.67396e-007
24,0.5095,7.37987e-009,1.17662e-007,7.54008e-007,1.90754e-006,1.90676e-006,7.47959e-007,1.20106e-007,7.20154e-008,1.14818e-006,7.35786e-006,1.86143e-005,1.86067e-005,7.29882e-006,1.17204e-006,2.87274e-007,4.58017e-006,2.93509e-005,7.42536e-005,7.42231e-005,2.91153e-005,4.67532e-006,4.55065e-007,7.25535e-006,4.64941e-005,0.000117623,0.000117575,4.6121e-005,7.40607e-006,2.87267e-007,4.58006e-006,2.93501e-005,7.42515e-005,7.4221e-005,2.91145e-005,4.67519e-006,7.20122e-008,1.14813e-006,7.35747e-006,1.86133e-005,1.86057e-005,7.29841e-006,1.17198e-006,7.37938e-009,1.17653e-007,7.53948e-007,1.90738e-006,1.90659e-006,7.47895e-007,1.20097e-007
25,0.533939,4.84556e-009,7.8403e-008,5.09685e-007,1.3094e-006,1.33144e-006,5.32292e-007,8.73371e-008,4.72849e-008,7.65088e-007,4.97371e-006,1.27776e-005,1.29927e-005,5.19433e-006,8.52272e-007,1.88623e-007,3.052e-006,1.98405e-005,5.09709e-005,5.18291e-005,2.07206e-005,3.39979e-006,2.98796e-007,4.83464e-006,3.14292e-005,8.07426e-005,8.2102e-005,3.28234e-005,5.38557e-006,1.8862e-007,3.05196e-006,1.98403e-005,5.09703e-005,5.18285e-005,2.07204e-005,3.39975e-006,4.72836e-008,7.65068e-007,4.97359e-006,1.27773e-005,1.29925e-005,5.19422e-006,8.52256e-007,4.84536e-009,7.84e-008,5.09667e-007,1.30935e-006,1.3314e-006,5.32276e-007,8.73347e-008
26,0.558661,3.2008e-009,5.27434e-008,3.48886e-007,9.11773e-007,9.42931e-007,3.83252e-007,6.39349e-008,3.12347e-008,5.14691e-007,3.40457e-006,8.89746e-006,9.20152e-006,3.73993e-006,6.23905e-007,1.24598e-007,2.05315e-006,1.35811e-005,3.54928e-005,3.67057e-005,1.49189e-005,2.48882e-006,1.97374e-007,3.25237e-006,2.15138e-005,5.62238e-005,5.81453e-005,2.3633e-005,3.94252e-006,1.24596e-007,2.05312e-006,1.3581e-005,3.54924e-005,3.67054e-005,1.49188e-005,2.4888e-006,3.12338e-008,5.1468e-007,3.40451e-006,8.89731e-006,9.20138e-006,3.73989e-006,6.23899e-007,3.20067e-009,5.27416e-008,3.48876e-007,9.11749e-007,9.4291e-007,3.83244e-007,6.3934e-008
27,0.58367,1.94894e-009,3.28394e-008,2.22555e-007,5.9652e-007,6.32379e-007,2.62973e-007,4.47982e-008,1.90183e-008,3.20455e-007,2.17175e-006,5.82101e-006,6.17095e-006,2.56618e-006,4.37157e-007,7.58642e-008,1.2783e-006,8.66317e-006,2.32202e-005,2.46162e-005,1.02366e-005,1.74384e-006,1.20174e-007,2.02492e-006,1.37231e-005,3.67826e-005,3.8994e-005,1.62156e-005,2.76239e-006,7.58609e-008,1.27825e-006,8.66285e-006,2.32195e-005,2.46155e-005,1.02364e-005,1.7438e-006,1.90166e-008,3.20429e-007,2.17159e-006,5.82062e-006,6.17059e-006,2.56604e-006,4.37137e-007,1.94869e-009,3.28353e-008,2.22529e-007,5.96459e-007,6.32323e-007,2.62952e-007,4.47951e-008
28,0.608968,1.227e-009,2.09988e-008,1.44149e-007,3.90238e-007,4.16567e-007,1.73933e-007,2.96798e-008,1.19736e-008,2.04915e-007,1.40666e-006,3.80808e-006,4.06501e-006,1.6973e-006,2.89625e-007,4.77634e-008,8.1742e-007,5.61128e-006,1.51907e-005,1.62156e-005,6.77061e-006,1.15533e-006,7.56615e-008,1.29486e-006,8.88875e-006,2.40633e-005,2.56868e-005,1.07252e-005,1.83014e-006,4.77627e-008,8.17407e-007,5.61118e-006,1.51904e-005,1.62152e-005,6.77046e-006,1.1553e-006,1.19732e-008,2.04908e-007,1.40661e-006,3.80794e-006,4.06484e-006,1.69722e-006,2.8961e-007,1.22695e-009,2.09978e-008,1.44142e-007,3.90215e-007,4.1654e-007,1.7392e-007,2.96775e-008
29,0.634559,7.6034e-010,1.33357e-008,9.36872e-008,2.591e-007,2.81905e-007,1.19677e-007,2.07268e-008,7.41964e-009,1.30134e-007,9.14236e-007,2.5284e-006,2.75095e-006,1.16786e-006,2.02261e-007,2.95973e-008,5.19115e-007,3.64695e-006,1.0086e-005,1.09738e-005,4.65871e-006,8.06837e-007,4.68845e-008,8.22321e-007,5.7771e-006,1.59771e-005,1.73835e-005,7.37983e-006,1.27811e-006,2.95965e-008,5.19104e-007,3.6469e-006,1.00859e-005,1.09737e-005,4.65867e-006,8.06831e-007,7.41924e-009,1.30129e-007,9.14208e-007,2.52834e-006,2.7509e-006,1.16784e-006,2.02258e-007,7.60277e-010,1.33349e-008,9.36829e-008,2.59091e-007,2.81898e-007,1.19675e-007,2.07264e-008
30,0.660447,4.57276e-010,8.21915e-009,5.9022e-008,1.66404e-007,1.84052e-007,7.92169e-008,1.38828e-008,4.46223e-009,8.02047e-008,5.75953e-007,1.62382e-006,1.79603e-006,7.73022e-007,1.35473e-007,1.78e-008,3.19939e-007,2.29749e-006,6.47747e-006,7.16442e-006,3.08361e-006,5.40407e-007,2.81965e-008,5.06807e-007,3.63939e-006,1.02608e-005,1.1349e-005,4.88467e-006,8.56045e-007,1.77994e-008,3.19928e-007,2.29741e-006,6.47724e-006,7.16417e-006,3.08351e-006,5.4039e-007,4.46192e-009,8.01991e-008,5.75911e-007,1.6237e-006,1.7959e-006,7.72971e-007,1.35464e-007,4.57228e-010,8.21826e-009,5.90155e-008,1.66386e-007,1.84032e-007,7.9209e-008,1.38815e-008
31,0.686635,2.67891e-010,4.88007e-009,3.5564e-008,1.01955e-007,1.14845e-007,5.03768e-008,9.0044e-009,2.61417e-009,4.76215e-008,3.47046e-007,9.94911e-007,1.1207e-006,4.91598e-007,8.78689e-008,1.04281e-008,1.89965e-007,1.38439e-006,3.96877e-006,4.47056e-006,1.96103e-006,3.50518e-007,1.65189e-008,3.0092e-007,2.19299e-006,6.28688e-006,7.08177e-006,3.10645e-006,5.55254e-007,1.04278e-008,1.89961e-007,1.38436e-006,3.96871e-006,4.4705e-006,1.96101e-006,3.50517e-007,2.61404e-009,4.76193e-008,3.47032e-007,9.94878e-007,1.12067e-006,4.9159e-007,8.78683e-008,2.67871e-010,4.87974e-009,3.55618e-008,1.01949e-007,1.1484e-007,5.03756e-008,9.00431e-009
32,0.713126,1.56672e-010,2.92605e-009,2.18392e-008,6.40368e-008,7.36268e-008,3.28817e-008,5.97187e-009,1.52886e-009,2.85533e-008,2.13113e-007,6.24888e-007,7.18468e-007,3.20867e-007,5.82747e-008,6.09869e-009,1.139e-007,8.50115e-007,2.49269e-006,2.86598e-006,1.27994e-006,2.32458e-007,9.66079e-009,1.80427e-007,1.34664e-006,3.9486e-006,4.53991e-006,2.02751e-006,3.68227e-007,6.09851e-009,1.13897e-007,8.50087e-007,2.4926e-006,2.86586e-006,1.27988e-006,2.32446e-007,1.52877e-009,2.85515e-008,2.13098e-007,6.2484e-007,7.18407e-007,3.20836e-007,5.82687e-008,1.56659e-010,2.92578e-009,2.18369e-008,6.40294e-008,7.36173e-008,3.2877e-008,5.97093e-009
33,0.739924,8.97748e-011,1.69755e-009,1.27715e-008,3.76058e-008,4.32884e-008,1.93146e-008,3.49957e-009,8.76052e-010,1.65653e-008,1.24628e-007,3.6697e-007,4.22424e-007,1.88478e-007,3.415e-008,3.49462e-009,6.60799e-008,4.9715e-007,1.46387e-006,1.68507e-006,7.51852e-007,1.36227e-007,5.53575e-009,1.04676e-007,7.87526e-007,2.31889e-006,2.6693e-006,1.191e-006,2.15794e-007,3.49453e-009,6.60783e-008,4.97138e-007,1.46383e-006,1.68504e-006,7.51837e-007,1.36224e-007,8.76007e-010,1.65645e-008,1.24623e-007,3.66954e-007,4.22406e-007,1.88471e-007,3.41487e-008,8.97678e-011,1.69743e-009,1.27706e-008,3.76033e-008,4.32857e-008,1.93134e-008,3.49935e-009
34,0.767033,5.02408e-011,9.73111e-010,7.47342e-009,2.23934e-008,2.61555e-008,1.18111e-008,2.16214e-009,4.90266e-010,9.49593e-009,7.29281e-008,2.18522e-007,2.55234e-007,1.15257e-007,2.1099e-008,1.95569e-009,3.78798e-008,2.90914e-007,8.71698e-007,1.01814e-006,4.59767e-007,8.41651e-008,3.09797e-009,6.00046e-008,4.60831e-007,1.38084e-006,1.61282e-006,7.28309e-007,1.33325e-007,1.95564e-009,3.78788e-008,2.90907e-007,8.71677e-007,1.01812e-006,4.59757e-007,8.41634e-008,4.90239e-010,9.49543e-009,7.29244e-008,2.18512e-007,2.55222e-007,1.15252e-007,2.10981e-008,5.02366e-011,9.73033e-010,7.47285e-009,2.23918e-008,2.61536e-008,1.18103e-008,2.16201e-009
35,0.794456,2.81188e-011,5.55071e-010,4.33965e-009,1.32263e-008,1.56959e-008,7.19121e-009,1.33428e-009,2.74393e-010,5.41657e-009,4.23478e-008,1.29067e-007,1.53166e-007,7.01743e-008,1.30204e-008,1.09457e-009,2.1607e-008,1.68928e-007,5.14856e-007,6.10987e-007,2.79929e-007,5.19392e-008,1.73388e-009,3.42272e-008,2.67595e-007,8.15573e-007,9.67853e-007,4.43431e-007,8.22759e-008,1.09454e-009,2.16065e-008,1.68924e-007,5.14844e-007,6.10973e-007,2.79923e-007,5.1938e-008,2.74379e-010,5.4163e-009,4.23457e-008,1.29061e-007,1.53159e-007,7.01711e-008,1.30198e-008,2.81167e-011,5.55029e-010,4.33933e-009,1.32254e-008,1.56948e-008,7.19071e-009,1.33419e-009
36,0.822196,1.46518e-011,2.98912e-010,2.41266e-009,7.56665e-009,9.1969e-009,4.29455e-009,8.09054e-010,1.42976e-010,2.91687e-009,2.35435e-008,7.38381e-008,8.9747e-008,4.1908e-008,7.8951e-009,5.70332e-010,1.16355e-008,9.39161e-008,2.94545e-007,3.58008e-007,1.67175e-007,3.14943e-008,9.03442e-010,1.84314e-008,1.48771e-007,4.66585e-007,5.67117e-007,2.64821e-007,4.98901e-008,5.70306e-010,1.16351e-008,9.39136e-008,2.9454e-007,3.58004e-007,1.67174e-007,3.14942e-008,1.42963e-010,2.91666e-009,2.35422e-008,7.38354e-008,8.97448e-008,4.19074e-008,7.89505e-009,1.46498e-011,2.98879e-010,2.41246e-009,7.56622e-009,9.19656e-009,4.29445e-009,8.09045e-010
37,0.850258,7.71907e-012,1.62203e-010,1.34418e-009,4.31196e-009,5.33925e-009,2.53051e-009,4.82578e-010,7.53237e-011,1.58279e-009,1.31166e-008,4.20764e-008,5.21007e-008,2.46928e-008,4.70902e-009,3.00464e-010,6.31371e-009,5.23214e-008,1.67841e-007,2.07827e-007,9.84982e-008,1.8784e-008,4.7595e-010,1.00012e-008,8.28792e-008,2.65866e-007,3.29205e-007,1.56025e-007,2.97545e-008,3.00445e-010,6.31327e-009,5.23175e-008,1.67827e-007,2.0781e-007,9.84902e-008,1.87824e-008,7.53139e-011,1.58257e-009,1.31146e-008,4.20698e-008,5.20924e-008,2.46888e-008,4.70824e-009,7.71754e-012,1.62168e-010,1.34387e-009,4.31093e-009,5.33795e-009,2.52988e-009,4.82457e-010
38,0.878644,3.75147e-012,7.89569e-011,6.53535e-010,2.09169e-009,2.58384e-009,1.22208e-009,2.3267e-010,3.66078e-011,7.70482e-010,6.37737e-009,2.04113e-008,2.52138e-008,1.19254e-008,2.27046e-009,1.46029e-010,3.07347e-009,2.54395e-008,8.14213e-008,1.00579e-007,4.75709e-008,9.05692e-009,2.31321e-010,4.86859e-009,4.02979e-008,1.28977e-007,1.59324e-007,7.53557e-008,1.43468e-008,1.46024e-010,3.07335e-009,2.54385e-008,8.14182e-008,1.00575e-007,4.75692e-008,9.0566e-009,3.66049e-011,7.70422e-010,6.37688e-009,2.04098e-008,2.52119e-008,1.19246e-008,2.27029e-009,3.75102e-012,7.89475e-011,6.53459e-010,2.09145e-009,2.58355e-009,1.22195e-009,2.32645e-010
39,0.90736,1.83353e-012,3.94081e-011,3.32926e-010,1.08709e-009,1.36854e-009,6.58585e-010,1.27422e-010,1.78921e-011,3.84556e-010,3.2488e-009,1.06081e-008,1.33547e-008,6.42668e-009,1.24342e-009,7.13722e-011,1.53401e-009,1.29596e-008,4.23164e-008,5.32725e-008,2.56364e-008,4.96007e-009,1.13059e-010,2.42999e-009,2.0529e-008,6.70324e-008,8.43879e-008,4.061e-008,7.85715e-009,7.13698e-011,1.53396e-009,1.29592e-008,4.23152e-008,5.32711e-008,2.56357e-008,4.95995e-009,1.78909e-011,3.84532e-010,3.24861e-009,1.06075e-008,1.3354e-008,6.42635e-009,1.24336e-009,1.83334e-012,3.94044e-011,3.32897e-010,1.08699e-009,1.36843e-009,6.58532e-010,1.27412e-010
40,0.936408,9.0599e-013,2.00664e-011,1.73983e-010,5.80564e-010,7.43773e-010,3.62884e-010,7.09979e-011,8.8409e-012,1.95814e-010,1.69778e-009,5.66532e-009,7.25796e-009,3.54113e-009,6.9282e-010,3.52666e-011,7.8111e-010,6.77252e-009,2.25992e-008,2.89523e-008,1.41258e-008,2.76369e-009,5.58649e-011,1.23733e-009,1.07282e-008,3.57988e-008,4.58627e-008,2.23763e-008,4.3779e-009,3.52654e-011,7.81083e-010,6.77231e-009,2.25985e-008,2.89515e-008,1.41253e-008,2.76361e-009,8.84026e-012,1.95801e-010,1.69767e-009,5.66497e-009,7.25753e-009,3.54093e-009,6.92781e-010,9.0589e-013,2.00644e-011,1.73966e-010,5.8051e-010,7.43706e-010,3.62852e-010,7.09918e-011
41,0.965793,4.39152e-013,1.00748e-011,8.98507e-011,3.06443e-010,3.99072e-010,1.97067e-010,3.89121e-011,4.28536e-012,9.83128e-011,8.76789e-010,2.99037e-009,3.89426e-009,1.92304e-009,3.79717e-010,1.70944e-011,3.92173e-010,3.49755e-009,1.19287e-008,1.55344e-008,7.67108e-009,1.51471e-009,2.70788e-011,6.21231e-010,5.54037e-009,1.88959e-008,2.46076e-008,1.21516e-008,2.39941e-009,1.70938e-011,3.92159e-010,3.49743e-009,1.19283e-008,1.55339e-008,7.67085e-009,1.51466e-009,4.28504e-012,9.83059e-011,8.76731e-010,2.99018e-009,3.89402e-009,1.92292e-009,3.79694e-010,4.39101e-013,1.00737e-011,8.98416e-011,3.06414e-010,3.99034e-010,1.97049e-010,3.89086e-011
42,0.995519,2.0404e-013,4.76653e-012,4.30388e-011,1.48022e-010,1.93848e-010,9.60826e-011,1.90217e-011,1.99107e-012,4.6513e-011,4.19984e-010,1.44444e-009,1.89162e-009,9.376e-010,1.85619e-010,7.94241e-012,1.85541e-010,1.67532e-009,5.76192e-009,7.54572e-009,3.74012e-009,7.4044e-010,1.25813e-011,2.9391e-010,2.65383e-009,9.12728e-009,1.19529e-008,5.92461e-009,1.17291e-009,7.94207e-012,1.85534e-010,1.67526e-009,5.7617e-009,7.54543e-009,3.73998e-009,7.40413e-010,1.9909e-012,4.65091e-011,4.1995e-010,1.44433e-009,1.89147e-009,9.37531e-010,1.85605e-010,2.04013e-013,4.76593e-012,4.30335e-011,1.48005e-010,1.93825e-010,9.60719e-011,1.90196e-011
43,1.02559,8.53006e-014,2.00849e-012,1.82446e-011,6.30449e-011,8.28708e-011,4.11971e-011,8.17587e-012,8.32368e-013,1.95988e-011,1.78031e-010,6.1519e-010,8.08648e-010,4.01998e-010,7.97793e-011,3.32027e-012,7.81785e-011,7.1015e-010,2.45394e-009,3.22561e-009,1.60353e-009,3.1823e-010,5.25943e-012,1.23837e-010,1.1249e-009,3.88709e-009,5.10943e-009,2.54001e-009,5.0408e-010,3.32e-012,7.81718e-011,7.10085e-010,2.4537e-009,3.22528e-009,1.60336e-009,3.18195e-010,8.32235e-013,1.95955e-011,1.77998e-010,6.1507e-010,8.08482e-010,4.01912e-010,7.97616e-011,8.52798e-014,2.00796e-012,1.82395e-011,6.30262e-011,8.28449e-011,4.11837e-011,8.17311e-012
44,1.05601,3.57382e-014,8.67945e-013,8.08299e-012,2.84934e-011,3.80483e-011,1.91499e-011,3.83908e-012,3.48741e-013,8.46962e-012,7.8876e-011,2.78047e-010,3.71286e-010,1.8687e-010,3.74628e-011,1.39113e-012,3.37855e-011,3.14638e-010,1.10914e-009,1.48107e-009,7.45432e-010,1.49441e-010,2.20364e-012,5.35184e-011,4.98409e-010,1.75695e-009,2.34613e-009,1.18082e-009,2.36725e-010,1.39107e-012,3.37841e-011,3.14626e-010,1.1091e-009,1.48102e-009,7.45407e-010,1.49436e-010,3.48708e-013,8.4689e-012,7.88699e-011,2.78027e-010,3.7126e-010,1.86857e-010,3.74603e-011,3.5733e-014,8.67833e-013,8.08204e-012,2.84903e-011,3.80443e-011,1.91479e-011,3.83869e-012
45,1.08678,1.52921e-014,3.82486e-013,3.6484e-012,1.31133e-011,1.77848e-011,9.06201e-012,1.83528e-012,1.4922e-013,3.73231e-012,3.56013e-011,1.27961e-010,1.73546e-010,8.84286e-011,1.7909e-011,5.9523e-013,1.4888e-011,1.42012e-010,5.10432e-010,6.92272e-010,3.5274e-010,7.14389e-011,9.42862e-013,2.35831e-011,2.24953e-010,8.08547e-010,1.09659e-009,5.5876e-010,1.13163e-010,5.95178e-013,1.48868e-011,1.42001e-010,5.10397e-010,6.92228e-010,3.5272e-010,7.1435e-011,1.49194e-013,3.7317e-012,3.5596e-011,1.27943e-010,1.73524e-010,8.84181e-011,1.7907e-011,1.5288e-014,3.8239e-013,3.64756e-012,1.31105e-011,1.77813e-011,9.06039e-012,1.83497e-012
46,1.1179,5.64801e-015,1.45167e-013,1.4174e-012,5.19444e-012,7.15654e-012,3.69244e-012,7.55587e-013,5.5114e-014,1.41656e-012,1.38312e-011,5.06882e-011,6.98347e-011,3.60315e-011,7.37315e-012,2.19848e-013,5.65062e-012,5.51723e-011,2.02195e-010,2.7857e-010,1.43729e-010,2.94115e-011,3.4825e-013,8.95087e-012,8.73958e-011,3.20287e-010,4.4127e-010,2.27675e-010,4.65894e-011,2.19834e-013,5.65027e-012,5.5169e-011,2.02183e-010,2.78554e-010,1.43721e-010,2.94098e-011,5.51066e-014,1.41638e-012,1.38295e-011,5.06822e-011,6.98267e-011,3.60274e-011,7.37234e-012,5.64687e-015,1.45139e-013,1.41714e-012,5.19351e-012,7.15529e-012,3.69181e-012,7.55459e-013
47,1.14939,2.08655e-015,5.497e-014,5.46184e-013,2.02645e-012,2.81611e-012,1.46184e-012,3.00491e-013,2.03608e-014,5.36406e-013,5.32976e-012,1.97745e-011,2.74801e-011,1.42649e-011,2.93225e-012,8.12188e-014,2.13972e-012,2.12604e-011,7.88802e-011,1.09618e-010,5.69028e-011,1.16968e-011,1.28655e-013,3.38943e-012,3.36776e-011,1.24951e-010,1.73642e-010,9.01375e-011,1.85284e-011,8.12135e-014,2.13959e-012,2.12592e-011,7.88761e-011,1.09613e-010,5.68999e-011,1.16962e-011,2.03582e-014,5.36343e-013,5.32917e-012,1.97723e-011,2.74773e-011,1.42635e-011,2.93195e-012,2.08614e-015,5.49601e-014,5.46091e-013,2.02612e-012,2.81566e-012,1.46161e-012,3.00444e-013
48,1.18124,8.23698e-016,2.22616e-014,2.25407e-013,8.4812e-013,1.19096e-012,6.23051e-013,1.28857e-013,8.03777e-015,2.17232e-013,2.19956e-012,8.27612e-012,1.16216e-011,6.07985e-012,1.25741e-012,3.20626e-014,8.66538e-013,8.77402e-012,3.30134e-011,4.63587e-011,2.42525e-011,5.0158e-012,5.07888e-014,1.37264e-012,1.38985e-011,5.22951e-011,7.34348e-011,3.84174e-011,7.94533e-012,3.20607e-014,8.66489e-013,8.77354e-012,3.30116e-011,4.63562e-011,2.42512e-011,5.01554e-012,8.03683e-015,2.17208e-013,2.19931e-012,8.27522e-012,1.16204e-011,6.07921e-012,1.25728e-012,8.2355e-016,2.22577e-014,2.25369e-013,8.47981e-013,1.19077e-012,6.22951e-013,1.28836e-013
49,1.21346,2.56601e-016,7.02813e-015,7.18719e-014,2.72449e-013,3.8473e-013,2.02123e-013,4.19425e-014,2.50386e-015,6.85787e-014,7.01304e-013,2.65847e-012,3.75406e-012,1.97223e-012,4.09258e-013,9.98749e-015,2.73548e-013,2.79736e-012,1.06041e-011,1.49741e-011,7.86679e-012,1.63243e-012,1.58202e-014,4.33297e-013,4.43098e-012,1.67966e-011,2.37186e-011,1.24608e-011,2.58572e-012,9.98619e-015,2.7351e-013,2.79695e-012,1.06024e-011,1.49717e-011,7.8655e-012,1.63216e-012,2.5032e-015,6.85593e-014,7.01094e-013,2.65764e-012,3.75285e-012,1.97158e-012,4.0912e-013,2.56498e-016,7.0251e-015,7.18391e-014,2.7232e-013,3.84541e-013,2.02021e-013,4.19209e-014
50,1.24606,8.28225e-017,2.29568e-015,2.36761e-014,9.03044e-014,1.28097e-013,6.75232e-014,1.40486e-014,8.08197e-016,2.24017e-014,2.31036e-013,8.81208e-013,1.25e-012,6.58906e-013,1.37089e-013,3.22389e-015,8.93604e-014,9.21601e-013,3.51514e-012,4.98626e-012,2.62838e-012,5.46851e-013,5.10682e-015,1.41552e-013,1.45987e-012,5.56819e-012,7.89854e-012,4.16351e-012,8.66245e-013,3.22371e-015,8.93555e-014,9.21553e-013,3.51496e-012,4.98601e-012,2.62825e-012,5.46824e-013,8.08106e-016,2.23993e-014,2.31011e-013,8.81118e-013,1.24988e-012,6.5884e-013,1.37076e-013,8.28084e-017,2.29531e-015,2.36723e-014,9.02903e-014,1.28078e-013,6.7513e-014,1.40465e-014
51,1.27903,2.78606e-017,7.89957e-016,8.28629e-015,3.2012e-014,4.58497e-014,2.4346e-014,5.09499e-015,2.71866e-016,7.70848e-015,8.08584e-014,3.12376e-013,4.47407e-013,2.37571e-013,4.97176e-014,1.08446e-015,3.07488e-014,3.22541e-013,1.24606e-012,1.78469e-012,9.47662e-013,1.98322e-013,1.71783e-015,4.87074e-014,5.1092e-013,1.97381e-012,2.82703e-012,1.50114e-012,3.14151e-013,1.08438e-015,3.07466e-014,3.22519e-013,1.24597e-012,1.78457e-012,9.47599e-013,1.98309e-013,2.71825e-016,7.70736e-015,8.0847e-014,3.12333e-013,4.47346e-013,2.37539e-013,4.9711e-014,2.78542e-017,7.89783e-016,8.2845e-015,3.20052e-014,4.58402e-014,2.4341e-014,5.09396e-015
52,1.31239,7.71214e-018,2.21569e-016,2.34637e-015,9.1281e-015,1.31414e-014,7.00475e-015,1.47034e-015,7.52554e-017,2.16208e-015,2.28961e-014,8.90727e-014,1.28234e-013,6.8353e-014,1.43477e-014,3.00189e-016,8.62443e-015,9.13312e-014,3.55307e-013,5.11521e-013,2.72657e-013,5.72322e-014,4.7551e-016,1.36614e-014,1.44672e-013,5.6282e-013,8.1027e-013,4.319e-013,9.06582e-014,3.00165e-016,8.62375e-015,9.13242e-014,3.5528e-013,5.11483e-013,2.72637e-013,5.7228e-014,7.52431e-017,2.16174e-015,2.28925e-014,8.90591e-014,1.28215e-013,6.83428e-014,1.43455e-014,7.71022e-018,2.21516e-016,2.34582e-015,9.12598e-015,1.31384e-014,7.00317e-015,1.47001e-015
53,1.34613,2.18274e-018,6.38747e-017,6.85525e-016,2.69332e-015,3.90589e-015,2.09335e-015,4.41301e-016,2.12992e-017,6.2329e-016,6.68937e-015,2.62815e-014,3.81139e-014,2.0427e-014,4.30624e-015,8.49607e-017,2.48626e-015,2.66834e-014,1.04835e-013,1.52034e-013,8.14823e-014,1.71774e-014,1.3458e-016,3.93831e-015,4.22674e-014,1.66063e-013,2.40827e-013,1.29071e-013,2.72096e-014,8.49529e-017,2.48604e-015,2.66812e-014,1.04827e-013,1.52022e-013,8.14758e-014,1.7176e-014,2.12953e-017,6.2318e-016,6.68822e-015,2.62771e-014,3.81077e-014,2.04238e-014,4.30556e-015,2.18213e-018,6.38575e-017,6.85346e-016,2.69264e-015,3.90492e-015,2.09284e-015,4.41195e-016
54,1.38026,5.58981e-019,1.6722e-017,1.82464e-016,7.25919e-016,1.06277e-015,5.73702e-016,1.2164e-016,5.45442e-018,1.63171e-016,1.78046e-015,7.08343e-015,1.03704e-014,5.59813e-015,1.18695e-015,2.17568e-017,6.50864e-016,7.10201e-015,2.82549e-014,4.13663e-014,2.23303e-014,4.73462e-015,3.44627e-017,1.03097e-015,1.12496e-014,4.4756e-014,6.55247e-014,3.53715e-014,7.49971e-015,2.17539e-017,6.50783e-016,7.10117e-015,2.82517e-014,4.13617e-014,2.23279e-014,4.73412e-015,5.45298e-018,1.6313e-016,1.78003e-015,7.0818e-015,1.03681e-014,5.5969e-015,1.1867e-015,5.58757e-019,1.67157e-017,1.82398e-016,7.25664e-016,1.06241e-015,5.73511e-016,1.216e-016
55,1.41479,1.24936e-019,3.80142e-018,4.19977e-017,1.68629e-016,2.48577e-016,1.34877e-016,2.8714e-017,1.21906e-018,3.70924e-017,4.09793e-016,1.6454e-015,2.42548e-015,1.31606e-015,2.80176e-016,4.86253e-018,1.47952e-016,1.63455e-015,6.56305e-015,9.6746e-015,5.2494e-015,1.11755e-015,7.70204e-018,2.34349e-016,2.58905e-015,1.03956e-014,1.53241e-014,8.31479e-015,1.77014e-015,4.86165e-018,1.47924e-016,1.63425e-015,6.56182e-015,9.67278e-015,5.24841e-015,1.11733e-015,1.21862e-018,3.70787e-017,4.0964e-016,1.64478e-015,2.42457e-015,1.31556e-015,2.8007e-016,1.24866e-019,3.79928e-018,4.19738e-017,1.68533e-016,2.48434e-016,1.34799e-016,2.86974e-017
56,1.44971,2.38365e-020,7.27869e-019,8.06058e-018,3.24179e-017,4.78425e-017,2.59807e-017,5.53454e-018,2.32588e-019,7.10228e-018,7.86521e-017,3.16322e-016,4.66829e-016,2.53509e-016,5.40039e-017,9.27744e-019,2.83294e-017,3.13725e-016,1.26174e-015,1.86207e-015,1.01119e-015,2.15409e-016,1.46952e-018,4.4873e-017,4.96932e-016,1.99855e-015,2.94946e-015,1.60169e-015,3.41201e-016,9.27596e-019,2.83248e-017,3.13674e-016,1.26153e-015,1.86176e-015,1.01102e-015,2.15373e-016,2.32514e-019,7.09998e-018,7.86263e-017,3.16217e-016,4.66673e-016,2.53425e-016,5.39858e-017,2.38249e-020,7.27509e-019,8.05654e-018,3.24016e-017,4.78182e-017,2.59674e-017,5.53171e-018
57,1.48504,4.62472e-021,1.423e-019,1.58432e-018,6.39637e-018,9.46631e-018,5.15129e-018,1.09913e-018,4.51282e-020,1.38857e-018,1.54598e-017,6.24161e-017,9.23726e-017,5.02665e-017,1.07254e-017,1.80014e-019,5.53891e-018,6.16682e-017,2.48974e-016,3.68469e-016,2.0051e-016,4.27828e-017,2.85148e-019,8.77383e-018,9.76847e-017,3.94384e-016,5.83668e-016,3.17615e-016,6.77695e-017,1.79999e-019,5.53845e-018,6.16632e-017,2.48954e-016,3.68439e-016,2.00494e-016,4.27793e-017,4.51207e-020,1.38834e-018,1.54573e-017,6.24058e-017,9.23575e-017,5.02582e-017,1.07236e-017,4.62355e-021,1.42264e-019,1.58392e-018,6.39477e-018,9.46394e-018,5.15e-018,1.09886e-018
58,1.52078,7.73772e-022,2.39039e-020,2.66869e-019,1.07953e-018,1.59988e-018,8.71498e-019,1.86099e-019,7.55044e-021,2.33253e-019,2.6041e-018,1.0534e-017,1.56116e-017,8.50406e-018,1.81595e-018,3.01181e-020,9.30429e-019,1.03876e-017,4.20194e-017,6.22735e-017,3.3922e-017,7.24367e-018,4.77078e-020,1.47382e-018,1.64542e-017,6.65598e-017,9.86429e-017,5.37333e-017,1.14742e-017,3.01152e-020,9.30341e-019,1.03866e-017,4.20155e-017,6.22677e-017,3.39188e-017,7.243e-018,7.54901e-021,2.33209e-019,2.60361e-018,1.05321e-017,1.56087e-017,8.50247e-018,1.81561e-018,7.73548e-022,2.3897e-020,2.66793e-019,1.07922e-018,1.59943e-018,8.7125e-019,1.86046e-019
59,1.55694,1.25745e-022,3.90712e-021,4.37984e-020,1.77694e-019,2.63913e-019,1.43989e-019,3.07855e-020,1.227e-021,3.81251e-020,4.27379e-019,1.73391e-018,2.57522e-018,1.40502e-018,3.004e-019,4.89434e-021,1.52076e-019,1.70476e-018,6.91636e-018,1.02722e-017,5.60444e-018,1.19826e-018,7.75266e-021,2.4089e-019,2.70035e-018,1.09556e-017,1.62713e-017,8.87748e-018,1.89805e-018,4.89376e-021,1.52058e-019,1.70456e-018,6.91555e-018,1.0271e-017,5.60379e-018,1.19812e-018,1.22671e-021,3.81161e-020,4.27278e-019,1.73351e-018,2.57462e-018,1.40469e-018,3.0033e-019,1.25699e-022,3.90572e-021,4.37827e-020,1.7763e-019,2.63818e-019,1.43937e-019,3.07744e-020
60,1.59351,1.72989e-023,5.39716e-022,6.06776e-021,2.46694e-020,3.66957e-020,2.00438e-020,4.28931e-021,1.68798e-022,5.26639e-021,5.92075e-020,2.40717e-019,3.58067e-019,1.95582e-019,4.18538e-020,6.73304e-022,2.10067e-020,2.36168e-019,9.60175e-019,1.42826e-018,7.80139e-019,1.66947e-019,1.0665e-021,3.32742e-020,3.74086e-019,1.5209e-018,2.26235e-018,1.23573e-018,2.64442e-019,6.73206e-022,2.10036e-020,2.36133e-019,9.60036e-019,1.42806e-018,7.80026e-019,1.66923e-019,1.68749e-022,5.26486e-021,5.91903e-020,2.40647e-019,3.57963e-019,1.95525e-019,4.18417e-020,1.72913e-023,5.39476e-022,6.06507e-021,2.46585e-020,3.66795e-020,2.00349e-020,4.28741e-021
61,1.63051,2.10659e-024,6.60163e-023,7.44555e-022,3.03415e-021,4.52105e-021,2.47262e-021,5.29666e-022,2.05549e-023,6.4415e-022,7.26495e-021,2.96055e-020,4.41139e-020,2.41265e-020,5.16818e-021,8.19875e-023,2.56932e-021,2.89777e-020,1.18088e-019,1.75957e-019,9.62334e-020,2.06144e-020,1.29863e-022,4.06966e-021,4.5899e-020,1.87044e-019,2.78706e-019,1.52428e-019,3.2652e-020,8.19711e-023,2.56881e-021,2.89719e-020,1.18064e-019,1.75922e-019,9.62142e-020,2.06103e-020,2.05467e-023,6.43892e-022,7.26204e-021,2.95937e-020,4.40962e-020,2.41168e-020,5.16612e-021,2.1053e-024,6.5976e-023,7.44101e-022,3.0323e-021,4.51829e-021,2.47112e-021,5.29343e-022
62,1.66794,1.94427e-025,6.11399e-024,6.9126e-023,2.82205e-022,4.21059e-022,2.3051e-022,4.94165e-023,1.89697e-024,5.96524e-023,6.74443e-022,2.75339e-021,4.10815e-021,2.24902e-021,4.82142e-022,7.56591e-024,2.37919e-022,2.68996e-021,1.09817e-020,1.63851e-020,8.97005e-021,1.92299e-021,1.19831e-023,3.76824e-022,4.26045e-021,1.73932e-020,2.59512e-020,1.42071e-020,3.04569e-021,7.56335e-024,2.37838e-022,2.68905e-021,1.0978e-020,1.63795e-020,8.96701e-021,1.92233e-021,1.89568e-024,5.96118e-023,6.73984e-022,2.75152e-021,4.10535e-021,2.24749e-021,4.81814e-022,1.94225e-025,6.10764e-024,6.90543e-023,2.81912e-022,4.20622e-022,2.30271e-022,4.93651e-023
63,1.7058,1.0381e-026,3.26887e-025,3.69943e-024,1.51135e-023,2.25615e-023,1.23561e-023,2.64969e-024,1.01275e-025,3.18902e-024,3.60907e-023,1.47443e-022,2.20104e-022,1.20543e-022,2.58497e-023,4.03886e-025,1.27179e-023,1.43931e-022,5.88008e-022,8.77783e-022,4.8073e-022,1.03089e-022,6.39625e-025,2.01411e-023,2.2794e-022,9.31216e-022,1.39012e-021,7.61322e-022,1.6326e-022,4.03671e-025,1.27111e-023,1.43854e-022,5.87695e-022,8.77315e-022,4.80474e-022,1.03035e-022,1.01166e-025,3.18561e-024,3.60521e-023,1.47286e-022,2.19869e-022,1.20414e-022,2.58221e-023,1.03641e-026,3.26354e-025,3.6934e-024,1.50888e-023,2.25247e-023,1.2336e-023,2.64537e-024
64,1.7441,3.83539e-028,1.20852e-026,1.36834e-025,5.59204e-025,8.34993e-025,4.5738e-025,9.80965e-026,3.7425e-027,1.17925e-025,1.3352e-024,5.4566e-024,8.14769e-024,4.46303e-024,9.57206e-025,1.49282e-026,4.70383e-025,5.3259e-024,2.17656e-023,3.24999e-023,1.78023e-023,3.81815e-024,2.36463e-026,7.45085e-025,8.43621e-024,3.44766e-023,5.14797e-023,2.81988e-023,6.04794e-024,1.49263e-026,4.70322e-025,5.32521e-024,2.17628e-023,3.24957e-023,1.78e-023,3.81766e-024,3.74152e-027,1.17894e-025,1.33485e-024,5.45519e-024,8.14558e-024,4.46187e-024,9.56959e-025,3.83387e-028,1.20804e-026,1.3678e-025,5.58984e-025,8.34664e-025,4.572e-025,9.80579e-026
65,1.78284,1.21359e-029,3.82507e-028,4.33181e-027,1.77056e-026,2.64406e-026,1.44844e-026,3.10674e-027,1.1842e-028,3.73243e-027,4.2269e-026,1.72768e-025,2.58002e-025,1.41336e-025,3.0315e-026,4.72359e-028,1.48881e-026,1.68605e-025,6.89146e-025,1.02913e-024,5.63768e-025,1.20922e-025,7.48215e-028,2.35827e-026,2.6707e-025,1.09161e-024,1.63014e-024,8.93008e-025,1.9154e-025,4.72298e-028,1.48862e-026,1.68583e-025,6.89058e-025,1.029e-024,5.63696e-025,1.20906e-025,1.18389e-028,3.73147e-027,4.22582e-026,1.72724e-025,2.57936e-025,1.413e-025,3.03072e-026,1.21312e-029,3.82358e-028,4.33012e-027,1.76987e-026,2.64303e-026,1.44788e-026,3.10553e-027
66,1.82203,3.21008e-031,1.01183e-029,1.14592e-028,4.68392e-028,6.99484e-028,3.83191e-028,8.2191e-029,3.13229e-030,9.87311e-029,1.11815e-027,4.57041e-027,6.82534e-027,3.73905e-027,8.01992e-028,1.24941e-029,3.93818e-028,4.46008e-027,1.82304e-026,2.72249e-026,1.49143e-026,3.19898e-027,1.97903e-029,6.23799e-028,7.06467e-027,2.88766e-026,4.31236e-026,2.36239e-026,5.06712e-027,1.24921e-029,3.93757e-028,4.4594e-027,1.82276e-026,2.72207e-026,1.4912e-026,3.19849e-027,3.13132e-030,9.87005e-029,1.11781e-027,4.569e-027,6.82322e-027,3.73789e-027,8.01744e-028,3.20857e-031,1.01135e-029,1.14538e-028,4.68171e-028,6.99154e-028,3.8301e-028,8.21522e-029
67,1.86167,6.8234e-033,2.15082e-031,2.4359e-030,9.9568e-030,1.48694e-029,8.14579e-030,1.74721e-030,6.6579e-032,2.09865e-030,2.37682e-029,9.71531e-029,1.45087e-028,7.94823e-029,1.70483e-029,2.65565e-031,8.37093e-030,9.48046e-029,3.87516e-028,5.78713e-028,3.17032e-028,6.80009e-029,4.2064e-031,1.32591e-029,1.50165e-028,6.13805e-028,9.1665e-028,5.02162e-028,1.0771e-028,2.65513e-031,8.36931e-030,9.47863e-029,3.87441e-028,5.786e-028,3.16971e-028,6.79878e-029,6.65531e-032,2.09784e-030,2.3759e-029,9.71153e-029,1.45031e-028,7.94513e-029,1.70417e-029,6.81934e-033,2.14954e-031,2.43446e-030,9.95089e-030,1.48606e-029,8.14095e-030,1.74617e-030
68,1.90178,1.09691e-034,3.45766e-033,3.916e-032,1.60069e-031,2.39046e-031,1.30956e-031,2.80891e-032,1.07027e-033,3.37368e-032,3.82089e-031,1.56181e-030,2.3324e-030,1.27775e-030,2.74069e-031,4.26886e-033,1.34562e-031,1.52399e-030,6.22941e-030,9.30299e-030,5.09641e-030,1.09315e-030,6.76143e-033,2.13132e-031,2.41384e-030,9.86673e-030,1.4735e-029,8.07218e-030,1.73143e-030,4.26776e-033,1.34527e-031,1.5236e-030,6.22779e-030,9.30058e-030,5.09509e-030,1.09286e-030,1.06971e-033,3.37192e-032,3.8189e-031,1.561e-030,2.33119e-030,1.27708e-030,2.73926e-031,1.09604e-034,3.45491e-033,3.91289e-032,1.59942e-031,2.38856e-031,1.30852e-031,2.80668e-032
69,1.94235,1.19644e-036,3.7714e-035,4.27135e-034,1.74594e-033,2.6074e-033,1.4284e-033,3.06383e-034,1.1673e-035,3.67956e-034,4.16733e-033,1.70343e-032,2.5439e-032,1.39362e-032,2.98921e-033,4.65557e-035,1.46753e-033,1.66207e-032,6.79382e-032,1.01459e-031,5.55819e-032,1.1922e-032,7.37347e-035,2.32426e-033,2.63237e-032,1.076e-031,1.6069e-031,8.80303e-032,1.88819e-032,4.65377e-035,1.46696e-033,1.66143e-032,6.79119e-032,1.0142e-031,5.55604e-032,1.19173e-032,1.16639e-035,3.6767e-034,4.16409e-033,1.7021e-032,2.54192e-032,1.39253e-032,2.98689e-033,1.19502e-036,3.76694e-035,4.26629e-034,1.74388e-033,2.60431e-033,1.42671e-033,3.0602e-034
70,1.98339,6.87339e-039,2.16663e-037,2.45385e-036,1.00303e-035,1.49792e-035,8.20602e-036,1.76014e-036,6.70476e-038,2.11347e-036,2.39364e-035,9.78418e-035,1.46117e-034,8.00469e-035,1.71695e-035,2.6736e-037,8.42771e-036,9.54492e-035,3.90156e-034,5.82659e-034,3.19196e-034,6.84655e-035,4.23368e-037,1.33454e-035,1.51145e-034,6.17816e-034,9.22648e-034,5.05451e-034,1.08416e-034,2.67162e-037,8.42146e-036,9.53785e-035,3.89866e-034,5.82227e-034,3.1896e-034,6.84147e-035,6.69478e-038,2.11033e-036,2.39008e-035,9.76962e-035,1.459e-034,7.99278e-035,1.7144e-035,6.8578e-039,2.16172e-037,2.44828e-036,1.00075e-035,1.49453e-035,8.18741e-036,1.75615e-036
71,2.0249,8.7301e-042,2.7519e-040,3.1167e-039,1.27397e-038,1.90256e-038,1.04227e-038,2.2356e-039,8.51027e-041,2.68261e-039,3.03822e-038,1.2419e-037,1.85465e-037,1.01603e-037,2.17931e-038,3.39137e-040,1.06903e-038,1.21074e-037,4.949e-037,7.39085e-037,4.0489e-037,8.68463e-038,5.36685e-040,1.69174e-038,1.916e-037,7.83179e-037,1.1696e-036,6.40739e-037,1.37434e-037,3.38453e-040,1.06687e-038,1.2083e-037,4.93901e-037,7.37593e-037,4.04073e-037,8.6671e-038,8.4758e-041,2.67174e-039,3.02592e-038,1.23687e-037,1.84714e-037,1.01191e-037,2.17048e-038,8.67624e-042,2.73492e-040,3.09748e-039,1.26612e-038,1.89082e-038,1.03584e-038,2.22181e-039
72,2.0669,1.69177e-046,5.33281e-045,6.03974e-044,2.46879e-043,3.6869e-043,2.01978e-043,4.33229e-044,1.64672e-045,5.19079e-044,5.8789e-043,2.40304e-042,3.58871e-042,1.96599e-042,4.21692e-043,6.55275e-045,2.06555e-043,2.33937e-042,9.56236e-042,1.42804e-041,7.82321e-042,1.67803e-042,1.03548e-044,3.26403e-043,3.69673e-042,1.51106e-041,2.25663e-041,1.23624e-041,2.65165e-042,6.52068e-045,2.05545e-043,2.32793e-042,9.51557e-042,1.42106e-041,7.78493e-042,1.66982e-042,1.63058e-045,5.13992e-044,5.82128e-043,2.37949e-042,3.55354e-042,1.94672e-042,4.17559e-043,1.66656e-046,5.25332e-045,5.94972e-044,2.43199e-043,3.63194e-043,1.98967e-043,4.26772e-044
73,2.10938,0,0,0,0,0,0,0,0,0,0,0,0,0,0,0,0,0,0,0,0,0,0,0,0,0,0,0,0,0,0,0,0,0,0,0,0,0,0,0,0,0,0,0,0,0,0,0,0,0
74,2.15235,0,0,0,0,0,0,0,0,0,0,0,0,0,0,0,0,0,0,0,0,0,0,0,0,0,0,0,0,0,0,0,0,0,0,0,0,0,0,0,0,0,0,0,0,0,0,0,0,0
75,2.19582,0,0,0,0,0,0,0,0,0,0,0,0,0,0,0,0,0,0,0,0,0,0,0,0,0,0,0,0,0,0,0,0,0,0,0,0,0,0,0,0,0,0,0,0,0,0,0,0,0
76,2.2398,0,0,0,0,0,0,0,0,0,0,0,0,0,0,0,0,0,0,0,0,0,0,0,0,0,0,0,0,0,0,0,0,0,0,0,0,0,0,0,0,0,0,0,0,0,0,0,0,0
77,2.28428,0,0,0,0,0,0,0,0,0,0,0,0,0,0,0,0,0,0,0,0,0,0,0,0,0,0,0,0,0,0,0,0,0,0,0,0,0,0,0,0,0,0,0,0,0,0,0,0,0
78,2.32928,0,0,0,0,0,0,0,0,0,0,0,0,0,0,0,0,0,0,0,0,0,0,0,0,0,0,0,0,0,0,0,0,0,0,0,0,0,0,0,0,0,0,0,0,0,0,0,0,0
79,2.37481,0,0,0,0,0,0,0,0,0,0,0,0,0,0,0,0,0,0,0,0,0,0,0,0,0,0,0,0,0,0,0,0,0,0,0,0,0,0,0,0,0,0,0,0,0,0,0,0,0
80,2.42085,0,0,0,0,0,0,0,0,0,0,0,0,0,0,0,0,0,0,0,0,0,0,0,0,0,0,0,0,0,0,0,0,0,0,0,0,0,0,0,0,0,0,0,0,0,0,0,0,0
81,2.46744,0,0,0,0,0,0,0,0,0,0,0,0,0,0,0,0,0,0,0,0,0,0,0,0,0,0,0,0,0,0,0,0,0,0,0,0,0,0,0,0,0,0,0,0,0,0,0,0,0
82,2.51456,0,0,0,0,0,0,0,0,0,0,0,0,0,0,0,0,0,0,0,0,0,0,0,0,0,0,0,0,0,0,0,0,0,0,0,0,0,0,0,0,0,0,0,0,0,0,0,0,0
83,2.56223,0,0,0,0,0,0,0,0,0,0,0,0,0,0,0,0,0,0,0,0,0,0,0,0,0,0,0,0,0,0,0,0,0,0,0,0,0,0,0,0,0,0,0,0,0,0,0,0,0
84,2.61045,0,0,0,0,0,0,0,0,0,0,0,0,0,0,0,0,0,0,0,0,0,0,0,0,0,0,0,0,0,0,0,0,0,0,0,0,0,0,0,0,0,0,0,0,0,0,0,0,0
85,2.65923,0,0,0,0,0,0,0,0,0,0,0,0,0,0,0,0,0,0,0,0,0,0,0,0,0,0,0,0,0,0,0,0,0,0,0,0,0,0,0,0,0,0,0,0,0,0,0,0,0
86,2.70857,0,0,0,0,0,0,0,0,0,0,0,0,0,0,0,0,0,0,0,0,0,0,0,0,0,0,0,0,0,0,0,0,0,0,0,0,0,0,0,0,0,0,0,0,0,0,0,0,0
87,2.75849,0,0,0,0,0,0,0,0,0,0,0,0,0,0,0,0,0,0,0,0,0,0,0,0,0,0,0,0,0,0,0,0,0,0,0,0,0,0,0,0,0,0,0,0,0,0,0,0,0
88,2.80898,0,0,0,0,0,0,0,0,0,0,0,0,0,0,0,0,0,0,0,0,0,0,0,0,0,0,0,0,0,0,0,0,0,0,0,0,0,0,0,0,0,0,0,0,0,0,0,0,0
89,2.86006,0,0,0,0,0,0,0,0,0,0,0,0,0,0,0,0,0,0,0,0,0,0,0,0,0,0,0,0,0,0,0,0,0,0,0,0,0,0,0,0,0,0,0,0,0,0,0,0,0
90,2.91173,0,0,0,0,0,0,0,0,0,0,0,0,0,0,0,0,0,0,0,0,0,0,0,0,0,0,0,0,0,0,0,0,0,0,0,0,0,0,0,0,0,0,0,0,0,0,0,0,0
91,2.964,0,0,0,0,0,0,0,0,0,0,0,0,0,0,0,0,0,0,0,0,0,0,0,0,0,0,0,0,0,0,0,0,0,0,0,0,0,0,0,0,0,0,0,0,0,0,0,0,0
92,3.01688,0,0,0,0,0,0,0,0,0,0,0,0,0,0,0,0,0,0,0,0,0,0,0,0,0,0,0,0,0,0,0,0,0,0,0,0,0,0,0,0,0,0,0,0,0,0,0,0,0
93,3.07036,0,0,0,0,0,0,0,0,0,0,0,0,0,0,0,0,0,0,0,0,0,0,0,0,0,0,0,0,0,0,0,0,0,0,0,0,0,0,0,0,0,0,0,0,0,0,0,0,0
94,3.12447,0,0,0,0,0,0,0,0,0,0,0,0,0,0,0,0,0,0,0,0,0,0,0,0,0,0,0,0,0,0,0,0,0,0,0,0,0,0,0,0,0,0,0,0,0,0,0,0,0
95,3.1792,0,0,0,0,0,0,0,0,0,0,0,0,0,0,0,0,0,0,0,0,0,0,0,0,0,0,0,0,0,0,0,0,0,0,0,0,0,0,0,0,0,0,0,0,0,0,0,0,0
96,3.23457,0,0,0,0,0,0,0,0,0,0,0,0,0,0,0,0,0,0,0,0,0,0,0,0,0,0,0,0,0,0,0,0,0,0,0,0,0,0,0,0,0,0,0,0,0,0,0,0,0
97,3.29058,0,0,0,0,0,0,0,0,0,0,0,0,0,0,0,0,0,0,0,0,0,0,0,0,0,0,0,0,0,0,0,0,0,0,0,0,0,0,0,0,0,0,0,0,0,0,0,0,0
98,3.34724,0,0,0,0,0,0,0,0,0,0,0,0,0,0,0,0,0,0,0,0,0,0,0,0,0,0,0,0,0,0,0,0,0,0,0,0,0,0,0,0,0,0,0,0,0,0,0,0,0
99,3.40456,0,0,0,0,0,0,0,0,0,0,0,0,0,0,0,0,0,0,0,0,0,0,0,0,0,0,0,0,0,0,0,0,0,0,0,0,0,0,0,0,0,0,0,0,0,0,0,0,0
100,3.46253,0,0,0,0,0,0,0,0,0,0,0,0,0,0,0,0,0,0,0,0,0,0,0,0,0,0,0,0,0,0,0,0,0,0,0,0,0,0,0,0,0,0,0,0,0,0,0,0,0
101,3.52119,0,0,0,0,0,0,0,0,0,0,0,0,0,0,0,0,0,0,0,0,0,0,0,0,0,0,0,0,0,0,0,0,0,0,0,0,0,0,0,0,0,0,0,0,0,0,0,0,0
102,3.58052,0,0,0,0,0,0,0,0,0,0,0,0,0,0,0,0,0,0,0,0,0,0,0,0,0,0,0,0,0,0,0,0,0,0,0,0,0,0,0,0,0,0,0,0,0,0,0,0,0
103,3.64053,0,0,0,0,0,0,0,0,0,0,0,0,0,0,0,0,0,0,0,0,0,0,0,0,0,0,0,0,0,0,0,0,0,0,0,0,0,0,0,0,0,0,0,0,0,0,0,0,0
104,3.70125,0,0,0,0,0,0,0,0,0,0,0,0,0,0,0,0,0,0,0,0,0,0,0,0,0,0,0,0,0,0,0,0,0,0,0,0,0,0,0,0,0,0,0,0,0,0,0,0,0
105,3.76266,0,0,0,0,0,0,0,0,0,0,0,0,0,0,0,0,0,0,0,0,0,0,0,0,0,0,0,0,0,0,0,0,0,0,0,0,0,0,0,0,0,0,0,0,0,0,0,0,0
106,3.82479,0,0,0,0,0,0,0,0,0,0,0,0,0,0,0,0,0,0,0,0,0,0,0,0,0,0,0,0,0,0,0,0,0,0,0,0,0,0,0,0,0,0,0,0,0,0,0,0,0
107,3.88764,0,0,0,0,0,0,0,0,0,0,0,0,0,0,0,0,0,0,0,0,0,0,0,0,0,0,0,0,0,0,0,0,0,0,0,0,0,0,0,0,0,0,0,0,0,0,0,0,0
108,3.95121,0,0,0,0,0,0,0,0,0,0,0,0,0,0,0,0,0,0,0,0,0,0,0,0,0,0,0,0,0,0,0,0,0,0,0,0,0,0,0,0,0,0,0,0,0,0,0,0,0
109,4.01552,0,0,0,0,0,0,0,0,0,0,0,0,0,0,0,0,0,0,0,0,0,0,0,0,0,0,0,0,0,0,0,0,0,0,0,0,0,0,0,0,0,0,0,0,0,0,0,0,0
110,4.08058,0,0,0,0,0,0,0,0,0,0,0,0,0,0,0,0,0,0,0,0,0,0,0,0,0,0,0,0,0,0,0,0,0,0,0,0,0,0,0,0,0,0,0,0,0,0,0,0,0
111,4.14639,0,0,0,0,0,0,0,0,0,0,0,0,0,0,0,0,0,0,0,0,0,0,0,0,0,0,0,0,0,0,0,0,0,0,0,0,0,0,0,0,0,0,0,0,0,0,0,0,0
112,4.21297,0,0,0,0,0,0,0,0,0,0,0,0,0,0,0,0,0,0,0,0,0,0,0,0,0,0,0,0,0,0,0,0,0,0,0,0,0,0,0,0,0,0,0,0,0,0,0,0,0
113,4.28031,0,0,0,0,0,0,0,0,0,0,0,0,0,0,0,0,0,0,0,0,0,0,0,0,0,0,0,0,0,0,0,0,0,0,0,0,0,0,0,0,0,0,0,0,0,0,0,0,0
114,4.34843,0,0,0,0,0,0,0,0,0,0,0,0,0,0,0,0,0,0,0,0,0,0,0,0,0,0,0,0,0,0,0,0,0,0,0,0,0,0,0,0,0,0,0,0,0,0,0,0,0
115,4.41735,0,0,0,0,0,0,0,0,0,0,0,0,0,0,0,0,0,0,0,0,0,0,0,0,0,0,0,0,0,0,0,0,0,0,0,0,0,0,0,0,0,0,0,0,0,0,0,0,0
116,4.48706,0,0,0,0,0,0,0,0,0,0,0,0,0,0,0,0,0,0,0,0,0,0,0,0,0,0,0,0,0,0,0,0,0,0,0,0,0,0,0,0,0,0,0,0,0,0,0,0,0
117,4.55758,0,0,0,0,0,0,0,0,0,0,0,0,0,0,0,0,0,0,0,0,0,0,0,0,0,0,0,0,0,0,0,0,0,0,0,0,0,0,0,0,0,0,0,0,0,0,0,0,0
118,4.62892,0,0,0,0,0,0,0,0,0,0,0,0,0,0,0,0,0,0,0,0,0,0,0,0,0,0,0,0,0,0,0,0,0,0,0,0,0,0,0,0,0,0,0,0,0,0,0,0,0
119,4.70108,0,0,0,0,0,0,0,0,0,0,0,0,0,0,0,0,0,0,0,0,0,0,0,0,0,0,0,0,0,0,0,0,0,0,0,0,0,0,0,0,0,0,0,0,0,0,0,0,0
120,4.77408,0,0,0,0,0,0,0,0,0,0,0,0,0,0,0,0,0,0,0,0,0,0,0,0,0,0,0,0,0,0,0,0,0,0,0,0,0,0,0,0,0,0,0,0,0,0,0,0,0
121,4.84793,0,0,0,0,0,0,0,0,0,0,0,0,0,0,0,0,0,0,0,0,0,0,0,0,0,0,0,0,0,0,0,0,0,0,0,0,0,0,0,0,0,0,0,0,0,0,0,0,0
122,4.92263,0,0,0,0,0,0,0,0,0,0,0,0,0,0,0,0,0,0,0,0,0,0,0,0,0,0,0,0,0,0,0,0,0,0,0,0,0,0,0,0,0,0,0,0,0,0,0,0,0
123,4.99819,0,0,0,0,0,0,0,0,0,0,0,0,0,0,0,0,0,0,0,0,0,0,0,0,0,0,0,0,0,0,0,0,0,0,0,0,0,0,0,0,0,0,0,0,0,0,0,0,0
124,5.07463,0,0,0,0,0,0,0,0,0,0,0,0,0,0,0,0,0,0,0,0,0,0,0,0,0,0,0,0,0,0,0,0,0,0,0,0,0,0,0,0,0,0,0,0,0,0,0,0,0
125,5.15196,0,0,0,0,0,0,0,0,0,0,0,0,0,0,0,0,0,0,0,0,0,0,0,0,0,0,0,0,0,0,0,0,0,0,0,0,0,0,0,0,0,0,0,0,0,0,0,0,0
126,5.23019,0,0,0,0,0,0,0,0,0,0,0,0,0,0,0,0,0,0,0,0,0,0,0,0,0,0,0,0,0,0,0,0,0,0,0,0,0,0,0,0,0,0,0,0,0,0,0,0,0
127,5.30931,0,0,0,0,0,0,0,0,0,0,0,0,0,0,0,0,0,0,0,0,0,0,0,0,0,0,0,0,0,0,0,0,0,0,0,0,0,0,0,0,0,0,0,0,0,0,0,0,0
128,5.38936,0,0,0,0,0,0,0,0,0,0,0,0,0,0,0,0,0,0,0,0,0,0,0,0,0,0,0,0,0,0,0,0,0,0,0,0,0,0,0,0,0,0,0,0,0,0,0,0,0
129,5.47033,0,0,0,0,0,0,0,0,0,0,0,0,0,0,0,0,0,0,0,0,0,0,0,0,0,0,0,0,0,0,0,0,0,0,0,0,0,0,0,0,0,0,0,0,0,0,0,0,0
130,5.55225,0,0,0,0,0,0,0,0,0,0,0,0,0,0,0,0,0,0,0,0,0,0,0,0,0,0,0,0,0,0,0,0,0,0,0,0,0,0,0,0,0,0,0,0,0,0,0,0,0
131,5.63511,0,0,0,0,0,0,0,0,0,0,0,0,0,0,0,0,0,0,0,0,0,0,0,0,0,0,0,0,0,0,0,0,0,0,0,0,0,0,0,0,0,0,0,0,0,0,0,0,0
132,5.71893,0,0,0,0,0,0,0,0,0,0,0,0,0,0,0,0,0,0,0,0,0,0,0,0,0,0,0,0,0,0,0,0,0,0,0,0,0,0,0,0,0,0,0,0,0,0,0,0,0
133,5.80372,0,0,0,0,0,0,0,0,0,0,0,0,0,0,0,0,0,0,0,0,0,0,0,0,0,0,0,0,0,0,0,0,0,0,0,0,0,0,0,0,0,0,0,0,0,0,0,0,0
134,5.88949,0,0,0,0,0,0,0,0,0,0,0,0,0,0,0,0,0,0,0,0,0,0,0,0,0,0,0,0,0,0,0,0,0,0,0,0,0,0,0,0,0,0,0,0,0,0,0,0,0
135,5.97626,0,0,0,0,0,0,0,0,0,0,0,0,0,0,0,0,0,0,0,0,0,0,0,0,0,0,0,0,0,0,0,0,0,0,0,0,0,0,0,0,0,0,0,0,0,0,0,0,0
136,6.06403,0,0,0,0,0,0,0,0,0,0,0,0,0,0,0,0,0,0,0,0,0,0,0,0,0,0,0,0,0,0,0,0,0,0,0,0,0,0,0,0,0,0,0,0,0,0,0,0,0
137,6.15282,0,0,0,0,0,0,0,0,0,0,0,0,0,0,0,0,0,0,0,0,0,0,0,0,0,0,0,0,0,0,0,0,0,0,0,0,0,0,0,0,0,0,0,0,0,0,0,0,0
138,6.24264,0,0,0,0,0,0,0,0,0,0,0,0,0,0,0,0,0,0,0,0,0,0,0,0,0,0,0,0,0,0,0,0,0,0,0,0,0,0,0,0,0,0,0,0,0,0,0,0,0
139,6.3335,0,0,0,0,0,0,0,0,0,0,0,0,0,0,0,0,0,0,0,0,0,0,0,0,0,0,0,0,0,0,0,0,0,0,0,0,0,0,0,0,0,0,0,0,0,0,0,0,0
140,6.42541,0,0,0,0,0,0,0,0,0,0,0,0,0,0,0,0,0,0,0,0,0,0,0,0,0,0,0,0,0,0,0,0,0,0,0,0,0,0,0,0,0,0,0,0,0,0,0,0,0
141,6.51839,0,0,0,0,0,0,0,0,0,0,0,0,0,0,0,0,0,0,0,0,0,0,0,0,0,0,0,0,0,0,0,0,0,0,0,0,0,0,0,0,0,0,0,0,0,0,0,0,0
142,6.61244,0,0,0,0,0,0,0,0,0,0,0,0,0,0,0,0,0,0,0,0,0,0,0,0,0,0,0,0,0,0,0,0,0,0,0,0,0,0,0,0,0,0,0,0,0,0,0,0,0
143,6.70758,0,0,0,0,0,0,0,0,0,0,0,0,0,0,0,0,0,0,0,0,0,0,0,0,0,0,0,0,0,0,0,0,0,0,0,0,0,0,0,0,0,0,0,0,0,0,0,0,0
144,6.80383,0,0,0,0,0,0,0,0,0,0,0,0,0,0,0,0,0,0,0,0,0,0,0,0,0,0,0,0,0,0,0,0,0,0,0,0,0,0,0,0,0,0,0,0,0,0,0,0,0
145,6.90119,0,0,0,0,0,0,0,0,0,0,0,0,0,0,0,0,0,0,0,0,0,0,0,0,0,0,0,0,0,0,0,0,0,0,0,0,0,0,0,0,0,0,0,0,0,0,0,0,0
146,6.99968,0,0,0,0,0,0,0,0,0,0,0,0,0,0,0,0,0,0,0,0,0,0,0,0,0,0,0,0,0,0,0,0,0,0,0,0,0,0,0,0,0,0,0,0,0,0,0,0,0
147,7.0993,0,0,0,0,0,0,0,0,0,0,0,0,0,0,0,0,0,0,0,0,0,0,0,0,0,0,0,0,0,0,0,0,0,0,0,0,0,0,0,0,0,0,0,0,0,0,0,0,0
148,7.20009,0,0,0,0,0,0,0,0,0,0,0,0,0,0,0,0,0,0,0,0,0,0,0,0,0,0,0,0,0,0,0,0,0,0,0,0,0,0,0,0,0,0,0,0,0,0,0,0,0
149,7.30204,0,0,0,0,0,0,0,0,0,0,0,0,0,0,0,0,0,0,0,0,0,0,0,0,0,0,0,0,0,0,0,0,0,0,0,0,0,0,0,0,0,0,0,0,0,0,0,0,0
150,7.40517,0,0,0,0,0,0,0,0,0,0,0,0,0,0,0,0,0,0,0,0,0,0,0,0,0,0,0,0,0,0,0,0,0,0,0,0,0,0,0,0,0,0,0,0,0,0,0,0,0
151,7.5095,0,0,0,0,0,0,0,0,0,0,0,0,0,0,0,0,0,0,0,0,0,0,0,0,0,0,0,0,0,0,0,0,0,0,0,0,0,0,0,0,0,0,0,0,0,0,0,0,0
152,7.61503,0,0,0,0,0,0,0,0,0,0,0,0,0,0,0,0,0,0,0,0,0,0,0,0,0,0,0,0,0,0,0,0,0,0,0,0,0,0,0,0,0,0,0,0,0,0,0,0,0
153,7.72179,0,0,0,0,0,0,0,0,0,0,0,0,0,0,0,0,0,0,0,0,0,0,0,0,0,0,0,0,0,0,0,0,0,0,0,0,0,0,0,0,0,0,0,0,0,0,0,0,0
154,7.82979,0,0,0,0,0,0,0,0,0,0,0,0,0,0,0,0,0,0,0,0,0,0,0,0,0,0,0,0,0,0,0,0,0,0,0,0,0,0,0,0,0,0,0,0,0,0,0,0,0
155,7.93903,0,0,0,0,0,0,0,0,0,0,0,0,0,0,0,0,0,0,0,0,0,0,0,0,0,0,0,0,0,0,0,0,0,0,0,0,0,0,0,0,0,0,0,0,0,0,0,0,0
156,8.04955,0,0,0,0,0,0,0,0,0,0,0,0,0,0,0,0,0,0,0,0,0,0,0,0,0,0,0,0,0,0,0,0,0,0,0,0,0,0,0,0,0,0,0,0,0,0,0,0,0
157,8.16134,0,0,0,0,0,0,0,0,0,0,0,0,0,0,0,0,0,0,0,0,0,0,0,0,0,0,0,0,0,0,0,0,0,0,0,0,0,0,0,0,0,0,0,0,0,0,0,0,0
158,8.27443,0,0,0,0,0,0,0,0,0,0,0,0,0,0,0,0,0,0,0,0,0,0,0,0,0,0,0,0,0,0,0,0,0,0,0,0,0,0,0,0,0,0,0,0,0,0,0,0,0
159,8.38882,0,0,0,0,0,0,0,0,0,0,0,0,0,0,0,0,0,0,0,0,0,0,0,0,0,0,0,0,0,0,0,0,0,0,0,0,0,0,0,0,0,0,0,0,0,0,0,0,0
160,8.50455,0,0,0,0,0,0,0,0,0,0,0,0,0,0,0,0,0,0,0,0,0,0,0,0,0,0,0,0,0,0,0,0,0,0,0,0,0,0,0,0,0,0,0,0,0,0,0,0,0
161,8.62161,0,0,0,0,0,0,0,0,0,0,0,0,0,0,0,0,0,0,0,0,0,0,0,0,0,0,0,0,0,0,0,0,0,0,0,0,0,0,0,0,0,0,0,0,0,0,0,0,0
162,8.74003,0,0,0,0,0,0,0,0,0,0,0,0,0,0,0,0,0,0,0,0,0,0,0,0,0,0,0,0,0,0,0,0,0,0,0,0,0,0,0,0,0,0,0,0,0,0,0,0,0
163,8.85982,0,0,0,0,0,0,0,0,0,0,0,0,0,0,0,0,0,0,0,0,0,0,0,0,0,0,0,0,0,0,0,0,0,0,0,0,0,0,0,0,0,0,0,0,0,0,0,0,0
164,8.981,0,0,0,0,0,0,0,0,0,0,0,0,0,0,0,0,0,0,0,0,0,0,0,0,0,0,0,0,0,0,0,0,0,0,0,0,0,0,0,0,0,0,0,0,0,0,0,0,0
165,9.10358,0,0,0,0,0,0,0,0,0,0,0,0,0,0,0,0,0,0,0,0,0,0,0,0,0,0,0,0,0,0,0,0,0,0,0,0,0,0,0,0,0,0,0,0,0,0,0,0,0
166,9.22759,0,0,0,0,0,0,0,0,0,0,0,0,0,0,0,0,0,0,0,0,0,0,0,0,0,0,0,0,0,0,0,0,0,0,0,0,0,0,0,0,0,0,0,0,0,0,0,0,0
167,9.35303,0,0,0,0,0,0,0,0,0,0,0,0,0,0,0,0,0,0,0,0,0,0,0,0,0,0,0,0,0,0,0,0,0,0,0,0,0,0,0,0,0,0,0,0,0,0,0,0,0
168,9.47992,0,0,0,0,0,0,0,0,0,0,0,0,0,0,0,0,0,0,0,0,0,0,0,0,0,0,0,0,0,0,0,0,0,0,0,0,0,0,0,0,0,0,0,0,0,0,0,0,0
169,9.60828,0,0,0,0,0,0,0,0,0,0,0,0,0,0,0,0,0,0,0,0,0,0,0,0,0,0,0,0,0,0,0,0,0,0,0,0,0,0,0,0,0,0,0,0,0,0,0,0,0
170,9.73813,0,0,0,0,0,0,0,0,0,0,0,0,0,0,0,0,0,0,0,0,0,0,0,0,0,0,0,0,0,0,0,0,0,0,0,0,0,0,0,0,0,0,0,0,0,0,0,0,0
171,9.86949,0,0,0,0,0,0,0,0,0,0,0,0,0,0,0,0,0,0,0,0,0,0,0,0,0,0,0,0,0,0,0,0,0,0,0,0,0,0,0,0,0,0,0,0,0,0,0,0,0
172,10.0024,0,0,0,0,0,0,0,0,0,0,0,0,0,0,0,0,0,0,0,0,0,0,0,0,0,0,0,0,0,0,0,0,0,0,0,0,0,0,0,0,0,0,0,0,0,0,0,0,0
173,10.1368,0,0,0,0,0,0,0,0,0,0,0,0,0,0,0,0,0,0,0,0,0,0,0,0,0,0,0,0,0,0,0,0,0,0,0,0,0,0,0,0,0,0,0,0,0,0,0,0,0
174,10.2728,0,0,0,0,0,0,0,0,0,0,0,0,0,0,0,0,0,0,0,0,0,0,0,0,0,0,0,0,0,0,0,0,0,0,0,0,0,0,0,0,0,0,0,0,0,0,0,0,0
175,10.4103,0,0,0,0,0,0,0,0,0,0,0,0,0,0,0,0,0,0,0,0,0,0,0,0,0,0,0,0,0,0,0,0,0,0,0,0,0,0,0,0,0,0,0,0,0,0,0,0,0
176,10.5494,0,0,0,0,0,0,0,0,0,0,0,0,0,0,0,0,0,0,0,0,0,0,0,0,0,0,0,0,0,0,0,0,0,0,0,0,0,0,0,0,0,0,0,0,0,0,0,0,0
177,10.6902,0,0,0,0,0,0,0,0,0,0,0,0,0,0,0,0,0,0,0,0,0,0,0,0,0,0,0,0,0,0,0,0,0,0,0,0,0,0,0,0,0,0,0,0,0,0,0,0,0
178,10.8326,0,0,0,0,0,0,0,0,0,0,0,0,0,0,0,0,0,0,0,0,0,0,0,0,0,0,0,0,0,0,0,0,0,0,0,0,0,0,0,0,0,0,0,0,0,0,0,0,0
179,10.9766,0,0,0,0,0,0,0,0,0,0,0,0,0,0,0,0,0,0,0,0,0,0,0,0,0,0,0,0,0,0,0,0,0,0,0,0,0,0,0,0,0,0,0,0,0,0,0,0,0
180,11.1223,0,0,0,0,0,0,0,0,0,0,0,0,0,0,0,0,0,0,0,0,0,0,0,0,0,0,0,0,0,0,0,0,0,0,0,0,0,0,0,0,0,0,0,0,0,0,0,0,0
181,11.2697,0,0,0,0,0,0,0,0,0,0,0,0,0,0,0,0,0,0,0,0,0,0,0,0,0,0,0,0,0,0,0,0,0,0,0,0,0,0,0,0,0,0,0,0,0,0,0,0,0
182,11.4188,0,0,0,0,0,0,0,0,0,0,0,0,0,0,0,0,0,0,0,0,0,0,0,0,0,0,0,0,0,0,0,0,0,0,0,0,0,0,0,0,0,0,0,0,0,0,0,0,0
183,11.5696,0,0,0,0,0,0,0,0,0,0,0,0,0,0,0,0,0,0,0,0,0,0,0,0,0,0,0,0,0,0,0,0,0,0,0,0,0,0,0,0,0,0,0,0,0,0,0,0,0
184,11.7222,0,0,0,0,0,0,0,0,0,0,0,0,0,0,0,0,0,0,0,0,0,0,0,0,0,0,0,0,0,0,0,0,0,0,0,0,0,0,0,0,0,0,0,0,0,0,0,0,0
185,11.8766,0,0,0,0,0,0,0,0,0,0,0,0,0,0,0,0,0,0,0,0,0,0,0,0,0,0,0,0,0,0,0,0,0,0,0,0,0,0,0,0,0,0,0,0,0,0,0,0,0
186,12.0327,0,0,0,0,0,0,0,0,0,0,0,0,0,0,0,0,0,0,0,0,0,0,0,0,0,0,0,0,0,0,0,0,0,0,0,0,0,0,0,0,0,0,0,0,0,0,0,0,0
187,12.1906,0,0,0,0,0,0,0,0,0,0,0,0,0,0,0,0,0,0,0,0,0,0,0,0,0,0,0,0,0,0,0,0,0,0,0,0,0,0,0,0,0,0,0,0,0,0,0,0,0
188,12.3504,0,0,0,0,0,0,0,0,0,0,0,0,0,0,0,0,0,0,0,0,0,0,0,0,0,0,0,0,0,0,0,0,0,0,0,0,0,0,0,0,0,0,0,0,0,0,0,0,0
189,12.512,0,0,0,0,0,0,0,0,0,0,0,0,0,0,0,0,0,0,0,0,0,0,0,0,0,0,0,0,0,0,0,0,0,0,0,0,0,0,0,0,0,0,0,0,0,0,0,0,0
190,12.6755,0,0,0,0,0,0,0,0,0,0,0,0,0,0,0,0,0,0,0,0,0,0,0,0,0,0,0,0,0,0,0,0,0,0,0,0,0,0,0,0,0,0,0,0,0,0,0,0,0
191,12.8409,0,0,0,0,0,0,0,0,0,0,0,0,0,0,0,0,0,0,0,0,0,0,0,0,0,0,0,0,0,0,0,0,0,0,0,0,0,0,0,0,0,0,0,0,0,0,0,0,0
192,13.0082,0,0,0,0,0,0,0,0,0,0,0,0,0,0,0,0,0,0,0,0,0,0,0,0,0,0,0,0,0,0,0,0,0,0,0,0,0,0,0,0,0,0,0,0,0,0,0,0,0
193,13.1774,0,0,0,0,0,0,0,0,0,0,0,0,0,0,0,0,0,0,0,0,0,0,0,0,0,0,0,0,0,0,0,0,0,0,0,0,0,0,0,0,0,0,0,0,0,0,0,0,0
194,13.3486,0,0,0,0,0,0,0,0,0,0,0,0,0,0,0,0,0,0,0,0,0,0,0,0,0,0,0,0,0,0,0,0,0,0,0,0,0,0,0,0,0,0,0,0,0,0,0,0,0
195,13.5218,0,0,0,0,0,0,0,0,0,0,0,0,0,0,0,0,0,0,0,0,0,0,0,0,0,0,0,0,0,0,0,0,0,0,0,0,0,0,0,0,0,0,0,0,0,0,0,0,0
196,13.697,0,0,0,0,0,0,0,0,0,0,0,0,0,0,0,0,0,0,0,0,0,0,0,0,0,0,0,0,0,0,0,0,0,0,0,0,0,0,0,0,0,0,0,0,0,0,0,0,0
197,13.8742,0,0,0,0,0,0,0,0,0,0,0,0,0,0,0,0,0,0,0,0,0,0,0,0,0,0,0,0,0,0,0,0,0,0,0,0,0,0,0,0,0,0,0,0,0,0,0,0,0
198,14.0535,0,0,0,0,0,0,0,0,0,0,0,0,0,0,0,0,0,0,0,0,0,0,0,0,0,0,0,0,0,0,0,0,0,0,0,0,0,0,0,0,0,0,0,0,0,0,0,0,0
199,14.2348,0,0,0,0,0,0,0,0,0,0,0,0,0,0,0,0,0,0,0,0,0,0,0,0,0,0,0,0,0,0,0,0,0,0,0,0,0,0,0,0,0,0,0,0,0,0,0,0,0
200,14.4183,0,0,0,0,0,0,0,0,0,0,0,0,0,0,0,0,0,0,0,0,0,0,0,0,0,0,0,0,0,0,0,0,0,0,0,0,0,0,0,0,0,0,0,0,0,0,0,0,0
201,14.6039,0,0,0,0,0,0,0,0,0,0,0,0,0,0,0,0,0,0,0,0,0,0,0,0,0,0,0,0,0,0,0,0,0,0,0,0,0,0,0,0,0,0,0,0,0,0,0,0,0
202,14.7916,0,0,0,0,0,0,0,0,0,0,0,0,0,0,0,0,0,0,0,0,0,0,0,0,0,0,0,0,0,0,0,0,0,0,0,0,0,0,0,0,0,0,0,0,0,0,0,0,0
203,14.9815,0,0,0,0,0,0,0,0,0,0,0,0,0,0,0,0,0,0,0,0,0,0,0,0,0,0,0,0,0,0,0,0,0,0,0,0,0,0,0,0,0,0,0,0,0,0,0,0,0
204,15.1736,0,0,0,0,0,0,0,0,0,0,0,0,0,0,0,0,0,0,0,0,0,0,0,0,0,0,0,0,0,0,0,0,0,0,0,0,0,0,0,0,0,0,0,0,0,0,0,0,0
205,15.3679,0,0,0,0,0,0,0,0,0,0,0,0,0,0,0,0,0,0,0,0,0,0,0,0,0,0,0,0,0,0,0,0,0,0,0,0,0,0,0,0,0,0,0,0,0,0,0,0,0
206,15.5645,0,0,0,0,0,0,0,0,0,0,0,0,0,0,0,0,0,0,0,0,0,0,0,0,0,0,0,0,0,0,0,0,0,0,0,0,0,0,0,0,0,0,0,0,0,0,0,0,0
207,15.7633,0,0,0,0,0,0,0,0,0,0,0,0,0,0,0,0,0,0,0,0,0,0,0,0,0,0,0,0,0,0,0,0,0,0,0,0,0,0,0,0,0,0,0,0,0,0,0,0,0
208,15.9645,0,0,0,0,0,0,0,0,0,0,0,0,0,0,0,0,0,0,0,0,0,0,0,0,0,0,0,0,0,0,0,0,0,0,0,0,0,0,0,0,0,0,0,0,0,0,0,0,0
209,16.168,0,0,0,0,0,0,0,0,0,0,0,0,0,0,0,0,0,0,0,0,0,0,0,0,0,0,0,0,0,0,0,0,0,0,0,0,0,0,0,0,0,0,0,0,0,0,0,0,0
210,16.3738,0,0,0,0,0,0,0,0,0,0,0,0,0,0,0,0,0,0,0,0,0,0,0,0,0,0,0,0,0,0,0,0,0,0,0,0,0,0,0,0,0,0,0,0,0,0,0,0,0
211,16.5821,0,0,0,0,0,0,0,0,0,0,0,0,0,0,0,0,0,0,0,0,0,0,0,0,0,0,0,0,0,0,0,0,0,0,0,0,0,0,0,0,0,0,0,0,0,0,0,0,0
212,16.7927,0,0,0,0,0,0,0,0,0,0,0,0,0,0,0,0,0,0,0,0,0,0,0,0,0,0,0,0,0,0,0,0,0,0,0,0,0,0,0,0,0,0,0,0,0,0,0,0,0
213,17.0058,0,0,0,0,0,0,0,0,0,0,0,0,0,0,0,0,0,0,0,0,0,0,0,0,0,0,0,0,0,0,0,0,0,0,0,0,0,0,0,0,0,0,0,0,0,0,0,0,0
214,17.2213,0,0,0,0,0,0,0,0,0,0,0,0,0,0,0,0,0,0,0,0,0,0,0,0,0,0,0,0,0,0,0,0,0,0,0,0,0,0,0,0,0,0,0,0,0,0,0,0,0
215,17.4394,0,0,0,0,0,0,0,0,0,0,0,0,0,0,0,0,0,0,0,0,0,0,0,0,0,0,0,0,0,0,0,0,0,0,0,0,0,0,0,0,0,0,0,0,0,0,0,0,0
216,17.66,0,0,0,0,0,0,0,0,0,0,0,0,0,0,0,0,0,0,0,0,0,0,0,0,0,0,0,0,0,0,0,0,0,0,0,0,0,0,0,0,0,0,0,0,0,0,0,0,0
217,17.8831,0,0,0,0,0,0,0,0,0,0,0,0,0,0,0,0,0,0,0,0,0,0,0,0,0,0,0,0,0,0,0,0,0,0,0,0,0,0,0,0,0,0,0,0,0,0,0,0,0
218,18.1088,0,0,0,0,0,0,0,0,0,0,0,0,0,0,0,0,0,0,0,0,0,0,0,0,0,0,0,0,0,0,0,0,0,0,0,0,0,0,0,0,0,0,0,0,0,0,0,0,0
219,18.3372,0,0,0,0,0,0,0,0,0,0,0,0,0,0,0,0,0,0,0,0,0,0,0,0,0,0,0,0,0,0,0,0,0,0,0,0,0,0,0,0,0,0,0,0,0,0,0,0,0
220,18.5681,0,0,0,0,0,0,0,0,0,0,0,0,0,0,0,0,0,0,0,0,0,0,0,0,0,0,0,0,0,0,0,0,0,0,0,0,0,0,0,0,0,0,0,0,0,0,0,0,0
221,18.8018,0,0,0,0,0,0,0,0,0,0,0,0,0,0,0,0,0,0,0,0,0,0,0,0,0,0,0,0,0,0,0,0,0,0,0,0,0,0,0,0,0,0,0,0,0,0,0,0,0
222,19.0381,0,0,0,0,0,0,0,0,0,0,0,0,0,0,0,0,0,0,0,0,0,0,0,0,0,0,0,0,0,0,0,0,0,0,0,0,0,0,0,0,0,0,0,0,0,0,0,0,0
223,19.2772,0,0,0,0,0,0,0,0,0,0,0,0,0,0,0,0,0,0,0,0,0,0,0,0,0,0,0,0,0,0,0,0,0,0,0,0,0,0,0,0,0,0,0,0,0,0,0,0,0
224,19.5191,0,0,0,0,0,0,0,0,0,0,0,0,0,0,0,0,0,0,0,0,0,0,0,0,0,0,0,0,0,0,0,0,0,0,0,0,0,0,0,0,0,0,0,0,0,0,0,0,0
225,19.7638,0,0,0,0,0,0,0,0,0,0,0,0,0,0,0,0,0,0,0,0,0,0,0,0,0,0,0,0,0,0,0,0,0,0,0,0,0,0,0,0,0,0,0,0,0,0,0,0,0
226,20.0113,0,0,0,0,0,0,0,0,0,0,0,0,0,0,0,0,0,0,0,0,0,0,0,0,0,0,0,0,0,0,0,0,0,0,0,0,0,0,0,0,0,0,0,0,0,0,0,0,0
227,20.2617,0,0,0,0,0,0,0,0,0,0,0,0,0,0,0,0,0,0,0,0,0,0,0,0,0,0,0,0,0,0,0,0,0,0,0,0,0,0,0,0,0,0,0,0,0,0,0,0,0
228,20.5149,0,0,0,0,0,0,0,0,0,0,0,0,0,0,0,0,0,0,0,0,0,0,0,0,0,0,0,0,0,0,0,0,0,0,0,0,0,0,0,0,0,0,0,0,0,0,0,0,0
229,20.7711,0,0,0,0,0,0,0,0,0,0,0,0,0,0,0,0,0,0,0,0,0,0,0,0,0,0,0,0,0,0,0,0,0,0,0,0,0,0,0,0,0,0,0,0,0,0,0,0,0
230,21.0303,0,0,0,0,0,0,0,0,0,0,0,0,0,0,0,0,0,0,0,0,0,0,0,0,0,0,0,0,0,0,0,0,0,0,0,0,0,0,0,0,0,0,0,0,0,0,0,0,0
231,21.2925,0,0,0,0,0,0,0,0,0,0,0,0,0,0,0,0,0,0,0,0,0,0,0,0,0,0,0,0,0,0,0,0,0,0,0,0,0,0,0,0,0,0,0,0,0,0,0,0,0
232,21.5577,0,0,0,0,0,0,0,0,0,0,0,0,0,0,0,0,0,0,0,0,0,0,0,0,0,0,0,0,0,0,0,0,0,0,0,0,0,0,0,0,0,0,0,0,0,0,0,0,0
233,21.826,0,0,0,0,0,0,0,0,0,0,0,0,0,0,0,0,0,0,0,0,0,0,0,0,0,0,0,0,0,0,0,0,0,0,0,0,0,0,0,0,0,0,0,0,0,0,0,0,0
234,22.0974,0,0,0,0,0,0,0,0,0,0,0,0,0,0,0,0,0,0,0,0,0,0,0,0,0,0,0,0,0,0,0,0,0,0,0,0,0,0,0,0,0,0,0,0,0,0,0,0,0
235,22.3719,0,0,0,0,0,0,0,0,0,0,0,0,0,0,0,0,0,0,0,0,0,0,0,0,0,0,0,0,0,0,0,0,0,0,0,0,0,0,0,0,0,0,0,0,0,0,0,0,0
236,22.6496,0,0,0,0,0,0,0,0,0,0,0,0,0,0,0,0,0,0,0,0,0,0,0,0,0,0,0,0,0,0,0,0,0,0,0,0,0,0,0,0,0,0,0,0,0,0,0,0,0
237,22.9306,0,0,0,0,0,0,0,0,0,0,0,0,0,0,0,0,0,0,0,0,0,0,0,0,0,0,0,0,0,0,0,0,0,0,0,0,0,0,0,0,0,0,0,0,0,0,0,0,0
238,23.2148,0,0,0,0,0,0,0,0,0,0,0,0,0,0,0,0,0,0,0,0,0,0,0,0,0,0,0,0,0,0,0,0,0,0,0,0,0,0,0,0,0,0,0,0,0,0,0,0,0
239,23.5023,0,0,0,0,0,0,0,0,0,0,0,0,0,0,0,0,0,0,0,0,0,0,0,0,0,0,0,0,0,0,0,0,0,0,0,0,0,0,0,0,0,0,0,0,0,0,0,0,0
240,23.7931,0,0,0,0,0,0,0,0,0,0,0,0,0,0,0,0,0,0,0,0,0,0,0,0,0,0,0,0,0,0,0,0,0,0,0,0,0,0,0,0,0,0,0,0,0,0,0,0,0
241,24.0873,0,0,0,0,0,0,0,0,0,0,0,0,0,0,0,0,0,0,0,0,0,0,0,0,0,0,0,0,0,0,0,0,0,0,0,0,0,0,0,0,0,0,0,0,0,0,0,0,0
242,24.3848,0,0,0,0,0,0,0,0,0,0,0,0,0,0,0,0,0,0,0,0,0,0,0,0,0,0,0,0,0,0,0,0,0,0,0,0,0,0,0,0,0,0,0,0,0,0,0,0,0
243,24.6859,0,0,0,0,0,0,0,0,0,0,0,0,0,0,0,0,0,0,0,0,0,0,0,0,0,0,0,0,0,0,0,0,0,0,0,0,0,0,0,0,0,0,0,0,0,0,0,0,0
244,24.9904,0,0,0,0,0,0,0,0,0,0,0,0,0,0,0,0,0,0,0,0,0,0,0,0,0,0,0,0,0,0,0,0,0,0,0,0,0,0,0,0,0,0,0,0,0,0,0,0,0
245,25.2985,0,0,0,0,0,0,0,0,0,0,0,0,0,0,0,0,0,0,0,0,0,0,0,0,0,0,0,0,0,0,0,0,0,0,0,0,0,0,0,0,0,0,0,0,0,0,0,0,0
246,25.6101,0,0,0,0,0,0,0,0,0,0,0,0,0,0,0,0,0,0,0,0,0,0,0,0,0,0,0,0,0,0,0,0,0,0,0,0,0,0,0,0,0,0,0,0,0,0,0,0,0
247,25.9253,0,0,0,0,0,0,0,0,0,0,0,0,0,0,0,0,0,0,0,0,0,0,0,0,0,0,0,0,0,0,0,0,0,0,0,0,0,0,0,0,0,0,0,0,0,0,0,0,0
248,26.2442,0,0,0,0,0,0,0,0,0,0,0,0,0,0,0,0,0,0,0,0,0,0,0,0,0,0,0,0,0,0,0,0,0,0,0,0,0,0,0,0,0,0,0,0,0,0,0,0,0
249,26.5668,0,0,0,0,0,0,0,0,0,0,0,0,0,0,0,0,0,0,0,0,0,0,0,0,0,0,0,0,0,0,0,0,0,0,0,0,0,0,0,0,0,0,0,0,0,0,0,0,0
250,26.8931,0,0,0,0,0,0,0,0,0,0,0,0,0,0,0,0,0,0,0,0,0,0,0,0,0,0,0,0,0,0,0,0,0,0,0,0,0,0,0,0,0,0,0,0,0,0,0,0,0
251,27.2232,0,0,0,0,0,0,0,0,0,0,0,0,0,0,0,0,0,0,0,0,0,0,0,0,0,0,0,0,0,0,0,0,0,0,0,0,0,0,0,0,0,0,0,0,0,0,0,0,0
252,27.5571,0,0,0,0,0,0,0,0,0,0,0,0,0,0,0,0,0,0,0,0,0,0,0,0,0,0,0,0,0,0,0,0,0,0,0,0,0,0,0,0,0,0,0,0,0,0,0,0,0
253,27.8949,0,0,0,0,0,0,0,0,0,0,0,0,0,0,0,0,0,0,0,0,0,0,0,0,0,0,0,0,0,0,0,0,0,0,0,0,0,0,0,0,0,0,0,0,0,0,0,0,0
254,28.2366,0,0,0,0,0,0,0,0,0,0,0,0,0,0,0,0,0,0,0,0,0,0,0,0,0,0,0,0,0,0,0,0,0,0,0,0,0,0,0,0,0,0,0,0,0,0,0,0,0
255,28.5823,0,0,0,0,0,0,0,0,0,0,0,0,0,0,0,0,0,0,0,0,0,0,0,0,0,0,0,0,0,0,0,0,0,0,0,0,0,0,0,0,0,0,0,0,0,0,0,0,0
256,28.932,0,0,0,0,0,0,0,0,0,0,0,0,0,0,0,0,0,0,0,0,0,0,0,0,0,0,0,0,0,0,0,0,0,0,0,0,0,0,0,0,0,0,0,0,0,0,0,0,0
257,29.2857,0,0,0,0,0,0,0,0,0,0,0,0,0,0,0,0,0,0,0,0,0,0,0,0,0,0,0,0,0,0,0,0,0,0,0,0,0,0,0,0,0,0,0,0,0,0,0,0,0
258,29.6435,0,0,0,0,0,0,0,0,0,0,0,0,0,0,0,0,0,0,0,0,0,0,0,0,0,0,0,0,0,0,0,0,0,0,0,0,0,0,0,0,0,0,0,0,0,0,0,0,0
259,30.0055,0,0,0,0,0,0,0,0,0,0,0,0,0,0,0,0,0,0,0,0,0,0,0,0,0,0,0,0,0,0,0,0,0,0,0,0,0,0,0,0,0,0,0,0,0,0,0,0,0
260,30.3716,0,0,0,0,0,0,0,0,0,0,0,0,0,0,0,0,0,0,0,0,0,0,0,0,0,0,0,0,0,0,0,0,0,0,0,0,0,0,0,0,0,0,0,0,0,0,0,0,0
261,30.742,0,0,0,0,0,0,0,0,0,0,0,0,0,0,0,0,0,0,0,0,0,0,0,0,0,0,0,0,0,0,0,0,0,0,0,0,0,0,0,0,0,0,0,0,0,0,0,0,0
262,31.1167,0,0,0,0,0,0,0,0,0,0,0,0,0,0,0,0,0,0,0,0,0,0,0,0,0,0,0,0,0,0,0,0,0,0,0,0,0,0,0,0,0,0,0,0,0,0,0,0,0
263,31.4958,0,0,0,0,0,0,0,0,0,0,0,0,0,0,0,0,0,0,0,0,0,0,0,0,0,0,0,0,0,0,0,0,0,0,0,0,0,0,0,0,0,0,0,0,0,0,0,0,0
264,31.8792,0,0,0,0,0,0,0,0,0,0,0,0,0,0,0,0,0,0,0,0,0,0,0,0,0,0,0,0,0,0,0,0,0,0,0,0,0,0,0,0,0,0,0,0,0,0,0,0,0
265,32.267,0,0,0,0,0,0,0,0,0,0,0,0,0,0,0,0,0,0,0,0,0,0,0,0,0,0,0,0,0,0,0,0,0,0,0,0,0,0,0,0,0,0,0,0,0,0,0,0,0
266,32.6594,0,0,0,0,0,0,0,0,0,0,0,0,0,0,0,0,0,0,0,0,0,0,0,0,0,0,0,0,0,0,0,0,0,0,0,0,0,0,0,0,0,0,0,0,0,0,0,0,0
267,33.0563,0,0,0,0,0,0,0,0,0,0,0,0,0,0,0,0,0,0,0,0,0,0,0,0,0,0,0,0,0,0,0,0,0,0,0,0,0,0,0,0,0,0,0,0,0,0,0,0,0
268,33.4578,0,0,0,0,0,0,0,0,0,0,0,0,0,0,0,0,0,0,0,0,0,0,0,0,0,0,0,0,0,0,0,0,0,0,0,0,0,0,0,0,0,0,0,0,0,0,0,0,0
269,33.864,0,0,0,0,0,0,0,0,0,0,0,0,0,0,0,0,0,0,0,0,0,0,0,0,0,0,0,0,0,0,0,0,0,0,0,0,0,0,0,0,0,0,0,0,0,0,0,0,0
270,34.2748,0,0,0,0,0,0,0,0,0,0,0,0,0,0,0,0,0,0,0,0,0,0,0,0,0,0,0,0,0,0,0,0,0,0,0,0,0,0,0,0,0,0,0,0,0,0,0,0,0
271,34.6904,0,0,0,0,0,0,0,0,0,0,0,0,0,0,0,0,0,0,0,0,0,0,0,0,0,0,0,0,0,0,0,0,0,0,0,0,0,0,0,0,0,0,0,0,0,0,0,0,0
272,35.1109,0,0,0,0,0,0,0,0,0,0,0,0,0,0,0,0,0,0,0,0,0,0,0,0,0,0,0,0,0,0,0,0,0,0,0,0,0,0,0,0,0,0,0,0,0,0,0,0,0
273,35.5362,0,0,0,0,0,0,0,0,0,0,0,0,0,0,0,0,0,0,0,0,0,0,0,0,0,0,0,0,0,0,0,0,0,0,0,0,0,0,0,0,0,0,0,0,0,0,0,0,0
274,35.9664,0,0,0,0,0,0,0,0,0,0,0,0,0,0,0,0,0,0,0,0,0,0,0,0,0,0,0,0,0,0,0,0,0,0,0,0,0,0,0,0,0,0,0,0,0,0,0,0,0
275,36.4016,0,0,0,0,0,0,0,0,0,0,0,0,0,0,0,0,0,0,0,0,0,0,0,0,0,0,0,0,0,0,0,0,0,0,0,0,0,0,0,0,0,0,0,0,0,0,0,0,0
276,36.8419,0,0,0,0,0,0,0,0,0,0,0,0,0,0,0,0,0,0,0,0,0,0,0,0,0,0,0,0,0,0,0,0,0,0,0,0,0,0,0,0,0,0,0,0,0,0,0,0,0
277,37.2872,0,0,0,0,0,0,0,0,0,0,0,0,0,0,0,0,0,0,0,0,0,0,0,0,0,0,0,0,0,0,0,0,0,0,0,0,0,0,0,0,0,0,0,0,0,0,0,0,0
278,37.7377,0,0,0,0,0,0,0,0,0,0,0,0,0,0,0,0,0,0,0,0,0,0,0,0,0,0,0,0,0,0,0,0,0,0,0,0,0,0,0,0,0,0,0,0,0,0,0,0,0
279,38.1935,0,0,0,0,0,0,0,0,0,0,0,0,0,0,0,0,0,0,0,0,0,0,0,0,0,0,0,0,0,0,0,0,0,0,0,0,0,0,0,0,0,0,0,0,0,0,0,0,0
280,38.6545,0,0,0,0,0,0,0,0,0,0,0,0,0,0,0,0,0,0,0,0,0,0,0,0,0,0,0,0,0,0,0,0,0,0,0,0,0,0,0,0,0,0,0,0,0,0,0,0,0
281,39.1209,0,0,0,0,0,0,0,0,0,0,0,0,0,0,0,0,0,0,0,0,0,0,0,0,0,0,0,0,0,0,0,0,0,0,0,0,0,0,0,0,0,0,0,0,0,0,0,0,0
282,39.5926,0,0,0,0,0,0,0,0,0,0,0,0,0,0,0,0,0,0,0,0,0,0,0,0,0,0,0,0,0,0,0,0,0,0,0,0,0,0,0,0,0,0,0,0,0,0,0,0,0
283,40.0698,0,0,0,0,0,0,0,0,0,0,0,0,0,0,0,0,0,0,0,0,0,0,0,0,0,0,0,0,0,0,0,0,0,0,0,0,0,0,0,0,0,0,0,0,0,0,0,0,0
284,40.5526,0,0,0,0,0,0,0,0,0,0,0,0,0,0,0,0,0,0,0,0,0,0,0,0,0,0,0,0,0,0,0,0,0,0,0,0,0,0,0,0,0,0,0,0,0,0,0,0,0
285,41.0409,0,0,0,0,0,0,0,0,0,0,0,0,0,0,0,0,0,0,0,0,0,0,0,0,0,0,0,0,0,0,0,0,0,0,0,0,0,0,0,0,0,0,0,0,0,0,0,0,0
286,41.5349,0,0,0,0,0,0,0,0,0,0,0,0,0,0,0,0,0,0,0,0,0,0,0,0,0,0,0,0,0,0,0,0,0,0,0,0,0,0,0,0,0,0,0,0,0,0,0,0,0
287,42.0347,0,0,0,0,0,0,0,0,0,0,0,0,0,0,0,0,0,0,0,0,0,0,0,0,0,0,0,0,0,0,0,0,0,0,0,0,0,0,0,0,0,0,0,0,0,0,0,0,0
288,42.5402,0,0,0,0,0,0,0,0,0,0,0,0,0,0,0,0,0,0,0,0,0,0,0,0,0,0,0,0,0,0,0,0,0,0,0,0,0,0,0,0,0,0,0,0,0,0,0,0,0
289,43.0516,0,0,0,0,0,0,0,0,0,0,0,0,0,0,0,0,0,0,0,0,0,0,0,0,0,0,0,0,0,0,0,0,0,0,0,0,0,0,0,0,0,0,0,0,0,0,0,0,0
290,43.5689,0,0,0,0,0,0,0,0,0,0,0,0,0,0,0,0,0,0,0,0,0,0,0,0,0,0,0,0,0,0,0,0,0,0,0,0,0,0,0,0,0,0,0,0,0,0,0,0,0
291,44.0922,0,0,0,0,0,0,0,0,0,0,0,0,0,0,0,0,0,0,0,0,0,0,0,0,0,0,0,0,0,0,0,0,0,0,0,0,0,0,0,0,0,0,0,0,0,0,0,0,0
292,44.6215,0,0,0,0,0,0,0,0,0,0,0,0,0,0,0,0,0,0,0,0,0,0,0,0,0,0,0,0,0,0,0,0,0,0,0,0,0,0,0,0,0,0,0,0,0,0,0,0,0
293,45.157,0,0,0,0,0,0,0,0,0,0,0,0,0,0,0,0,0,0,0,0,0,0,0,0,0,0,0,0,0,0,0,0,0,0,0,0,0,0,0,0,0,0,0,0,0,0,0,0,0
294,45.6987,0,0,0,0,0,0,0,0,0,0,0,0,0,0,0,0,0,0,0,0,0,0,0,0,0,0,0,0,0,0,0,0,0,0,0,0,0,0,0,0,0,0,0,0,0,0,0,0,0
295,46.2467,0,0,0,0,0,0,0,0,0,0,0,0,0,0,0,0,0,0,0,0,0,0,0,0,0,0,0,0,0,0,0,0,0,0,0,0,0,0,0,0,0,0,0,0,0,0,0,0,0
296,46.801,0,0,0,0,0,0,0,0,0,0,0,0,0,0,0,0,0,0,0,0,0,0,0,0,0,0,0,0,0,0,0,0,0,0,0,0,0,0,0,0,0,0,0,0,0,0,0,0,0
297,47.3617,0,0,0,0,0,0,0,0,0,0,0,0,0,0,0,0,0,0,0,0,0,0,0,0,0,0,0,0,0,0,0,0,0,0,0,0,0,0,0,0,0,0,0,0,0,0,0,0,0
298,47.9289,0,0,0,0,0,0,0,0,0,0,0,0,0,0,0,0,0,0,0,0,0,0,0,0,0,0,0,0,0,0,0,0,0,0,0,0,0,0,0,0,0,0,0,0,0,0,0,0,0
299,48.5027,0,0,0,0,0,0,0,0,0,0,0,0,0,0,0,0,0,0,0,0,0,0,0,0,0,0,0,0,0,0,0,0,0,0,0,0,0,0,0,0,0,0,0,0,0,0,0,0,0
300,49.0832,0,0,0,0,0,0,0,0,0,0,0,0,0,0,0,0,0,0,0,0,0,0,0,0,0,0,0,0,0,0,0,0,0,0,0,0,0,0,0,0,0,0,0,0,0,0,0,0,0
301,49.6704,0,0,0,0,0,0,0,0,0,0,0,0,0,0,0,0,0,0,0,0,0,0,0,0,0,0,0,0,0,0,0,0,0,0,0,0,0,0,0,0,0,0,0,0,0,0,0,0,0
302,50.2644,0,0,0,0,0,0,0,0,0,0,0,0,0,0,0,0,0,0,0,0,0,0,0,0,0,0,0,0,0,0,0,0,0,0,0,0,0,0,0,0,0,0,0,0,0,0,0,0,0
303,50.8652,0,0,0,0,0,0,0,0,0,0,0,0,0,0,0,0,0,0,0,0,0,0,0,0,0,0,0,0,0,0,0,0,0,0,0,0,0,0,0,0,0,0,0,0,0,0,0,0,0
304,51.473,0,0,0,0,0,0,0,0,0,0,0,0,0,0,0,0,0,0,0,0,0,0,0,0,0,0,0,0,0,0,0,0,0,0,0,0,0,0,0,0,0,0,0,0,0,0,0,0,0
305,52.0879,0,0,0,0,0,0,0,0,0,0,0,0,0,0,0,0,0,0,0,0,0,0,0,0,0,0,0,0,0,0,0,0,0,0,0,0,0,0,0,0,0,0,0,0,0,0,0,0,0
306,52.7099,0,0,0,0,0,0,0,0,0,0,0,0,0,0,0,0,0,0,0,0,0,0,0,0,0,0,0,0,0,0,0,0,0,0,0,0,0,0,0,0,0,0,0,0,0,0,0,0,0
307,53.3391,0,0,0,0,0,0,0,0,0,0,0,0,0,0,0,0,0,0,0,0,0,0,0,0,0,0,0,0,0,0,0,0,0,0,0,0,0,0,0,0,0,0,0,0,0,0,0,0,0
308,53.9756,0,0,0,0,0,0,0,0,0,0,0,0,0,0,0,0,0,0,0,0,0,0,0,0,0,0,0,0,0,0,0,0,0,0,0,0,0,0,0,0,0,0,0,0,0,0,0,0,0
309,54.6194,0,0,0,0,0,0,0,0,0,0,0,0,0,0,0,0,0,0,0,0,0,0,0,0,0,0,0,0,0,0,0,0,0,0,0,0,0,0,0,0,0,0,0,0,0,0,0,0,0
310,55.2707,0,0,0,0,0,0,0,0,0,0,0,0,0,0,0,0,0,0,0,0,0,0,0,0,0,0,0,0,0,0,0,0,0,0,0,0,0,0,0,0,0,0,0,0,0,0,0,0,0
311,55.9296,0,0,0,0,0,0,0,0,0,0,0,0,0,0,0,0,0,0,0,0,0,0,0,0,0,0,0,0,0,0,0,0,0,0,0,0,0,0,0,0,0,0,0,0,0,0,0,0,0
312,56.5961,0,0,0,0,0,0,0,0,0,0,0,0,0,0,0,0,0,0,0,0,0,0,0,0,0,0,0,0,0,0,0,0,0,0,0,0,0,0,0,0,0,0,0,0,0,0,0,0,0
313,57.2703,0,0,0,0,0,0,0,0,0,0,0,0,0,0,0,0,0,0,0,0,0,0,0,0,0,0,0,0,0,0,0,0,0,0,0,0,0,0,0,0,0,0,0,0,0,0,0,0,0
314,57.9523,0,0,0,0,0,0,0,0,0,0,0,0,0,0,0,0,0,0,0,0,0,0,0,0,0,0,0,0,0,0,0,0,0,0,0,0,0,0,0,0,0,0,0,0,0,0,0,0,0
315,58.6423,0,0,0,0,0,0,0,0,0,0,0,0,0,0,0,0,0,0,0,0,0,0,0,0,0,0,0,0,0,0,0,0,0,0,0,0,0,0,0,0,0,0,0,0,0,0,0,0,0
316,59.3402,0,0,0,0,0,0,0,0,0,0,0,0,0,0,0,0,0,0,0,0,0,0,0,0,0,0,0,0,0,0,0,0,0,0,0,0,0,0,0,0,0,0,0,0,0,0,0,0,0
317,60.0462,0,0,0,0,0,0,0,0,0,0,0,0,0,0,0,0,0,0,0,0,0,0,0,0,0,0,0,0,0,0,0,0,0,0,0,0,0,0,0,0,0,0,0,0,0,0,0,0,0
318,60.7604,0,0,0,0,0,0,0,0,0,0,0,0,0,0,0,0,0,0,0,0,0,0,0,0,0,0,0,0,0,0,0,0,0,0,0,0,0,0,0,0,0,0,0,0,0,0,0,0,0
319,61.4828,0,0,0,0,0,0,0,0,0,0,0,0,0,0,0,0,0,0,0,0,0,0,0,0,0,0,0,0,0,0,0,0,0,0,0,0,0,0,0,0,0,0,0,0,0,0,0,0,0
320,62.2137,0,0,0,0,0,0,0,0,0,0,0,0,0,0,0,0,0,0,0,0,0,0,0,0,0,0,0,0,0,0,0,0,0,0,0,0,0,0,0,0,0,0,0,0,0,0,0,0,0
321,62.9529,0,0,0,0,0,0,0,0,0,0,0,0,0,0,0,0,0,0,0,0,0,0,0,0,0,0,0,0,0,0,0,0,0,0,0,0,0,0,0,0,0,0,0,0,0,0,0,0,0
322,63.7008,0,0,0,0,0,0,0,0,0,0,0,0,0,0,0,0,0,0,0,0,0,0,0,0,0,0,0,0,0,0,0,0,0,0,0,0,0,0,0,0,0,0,0,0,0,0,0,0,0
323,64.4573,0,0,0,0,0,0,0,0,0,0,0,0,0,0,0,0,0,0,0,0,0,0,0,0,0,0,0,0,0,0,0,0,0,0,0,0,0,0,0,0,0,0,0,0,0,0,0,0,0
324,65.2226,0,0,0,0,0,0,0,0,0,0,0,0,0,0,0,0,0,0,0,0,0,0,0,0,0,0,0,0,0,0,0,0,0,0,0,0,0,0,0,0,0,0,0,0,0,0,0,0,0
325,65.9968,0,0,0,0,0,0,0,0,0,0,0,0,0,0,0,0,0,0,0,0,0,0,0,0,0,0,0,0,0,0,0,0,0,0,0,0,0,0,0,0,0,0,0,0,0,0,0,0,0
326,66.7799,0,0,0,0,0,0,0,0,0,0,0,0,0,0,0,0,0,0,0,0,0,0,0,0,0,0,0,0,0,0,0,0,0,0,0,0,0,0,0,0,0,0,0,0,0,0,0,0,0
327,67.5721,0,0,0,0,0,0,0,0,0,0,0,0,0,0,0,0,0,0,0,0,0,0,0,0,0,0,0,0,0,0,0,0,0,0,0,0,0,0,0,0,0,0,0,0,0,0,0,0,0
328,68.3735,0,0,0,0,0,0,0,0,0,0,0,0,0,0,0,0,0,0,0,0,0,0,0,0,0,0,0,0,0,0,0,0,0,0,0,0,0,0,0,0,0,0,0,0,0,0,0,0,0
329,69.1841,0,0,0,0,0,0,0,0,0,0,0,0,0,0,0,0,0,0,0,0,0,0,0,0,0,0,0,0,0,0,0,0,0,0,0,0,0,0,0,0,0,0,0,0,0,0,0,0,0
330,70.0042,0,0,0,0,0,0,0,0,0,0,0,0,0,0,0,0,0,0,0,0,0,0,0,0,0,0,0,0,0,0,0,0,0,0,0,0,0,0,0,0,0,0,0,0,0,0,0,0,0
331,70.8337,0,0,0,0,0,0,0,0,0,0,0,0,0,0,0,0,0,0,0,0,0,0,0,0,0,0,0,0,0,0,0,0,0,0,0,0,0,0,0,0,0,0,0,0,0,0,0,0,0
332,71.6729,0,0,0,0,0,0,0,0,0,0,0,0,0,0,0,0,0,0,0,0,0,0,0,0,0,0,0,0,0,0,0,0,0,0,0,0,0,0,0,0,0,0,0,0,0,0,0,0,0
333,72.5218,0,0,0,0,0,0,0,0,0,0,0,0,0,0,0,0,0,0,0,0,0,0,0,0,0,0,0,0,0,0,0,0,0,0,0,0,0,0,0,0,0,0,0,0,0,0,0,0,0
334,73.3805,0,0,0,0,0,0,0,0,0,0,0,0,0,0,0,0,0,0,0,0,0,0,0,0,0,0,0,0,0,0,0,0,0,0,0,0,0,0,0,0,0,0,0,0,0,0,0,0,0
335,74.2492,0,0,0,0,0,0,0,0,0,0,0,0,0,0,0,0,0,0,0,0,0,0,0,0,0,0,0,0,0,0,0,0,0,0,0,0,0,0,0,0,0,0,0,0,0,0,0,0,0
336,75.1279,0,0,0,0,0,0,0,0,0,0,0,0,0,0,0,0,0,0,0,0,0,0,0,0,0,0,0,0,0,0,0,0,0,0,0,0,0,0,0,0,0,0,0,0,0,0,0,0,0
337,76.0168,0,0,0,0,0,0,0,0,0,0,0,0,0,0,0,0,0,0,0,0,0,0,0,0,0,0,0,0,0,0,0,0,0,0,0,0,0,0,0,0,0,0,0,0,0,0,0,0,0
338,76.916,0,0,0,0,0,0,0,0,0,0,0,0,0,0,0,0,0,0,0,0,0,0,0,0,0,0,0,0,0,0,0,0,0,0,0,0,0,0,0,0,0,0,0,0,0,0,0,0,0
339,77.8256,0,0,0,0,0,0,0,0,0,0,0,0,0,0,0,0,0,0,0,0,0,0,0,0,0,0,0,0,0,0,0,0,0,0,0,0,0,0,0,0,0,0,0,0,0,0,0,0,0
340,78.7458,0,0,0,0,0,0,0,0,0,0,0,0,0,0,0,0,0,0,0,0,0,0,0,0,0,0,0,0,0,0,0,0,0,0,0,0,0,0,0,0,0,0,0,0,0,0,0,0,0
341,79.6766,0,0,0,0,0,0,0,0,0,0,0,0,0,0,0,0,0,0,0,0,0,0,0,0,0,0,0,0,0,0,0,0,0,0,0,0,0,0,0,0,0,0,0,0,0,0,0,0,0
342,80.6182,0,0,0,0,0,0,0,0,0,0,0,0,0,0,0,0,0,0,0,0,0,0,0,0,0,0,0,0,0,0,0,0,0,0,0,0,0,0,0,0,0,0,0,0,0,0,0,0,0
343,81.5708,0,0,0,0,0,0,0,0,0,0,0,0,0,0,0,0,0,0,0,0,0,0,0,0,0,0,0,0,0,0,0,0,0,0,0,0,0,0,0,0,0,0,0,0,0,0,0,0,0
344,82.5343,0,0,0,0,0,0,0,0,0,0,0,0,0,0,0,0,0,0,0,0,0,0,0,0,0,0,0,0,0,0,0,0,0,0,0,0,0,0,0,0,0,0,0,0,0,0,0,0,0
345,83.509,0,0,0,0,0,0,0,0,0,0,0,0,0,0,0,0,0,0,0,0,0,0,0,0,0,0,0,0,0,0,0,0,0,0,0,0,0,0,0,0,0,0,0,0,0,0,0,0,0
346,84.495,0,0,0,0,0,0,0,0,0,0,0,0,0,0,0,0,0,0,0,0,0,0,0,0,0,0,0,0,0,0,0,0,0,0,0,0,0,0,0,0,0,0,0,0,0,0,0,0,0
347,85.4925,0,0,0,0,0,0,0,0,0,0,0,0,0,0,0,0,0,0,0,0,0,0,0,0,0,0,0,0,0,0,0,0,0,0,0,0,0,0,0,0,0,0,0,0,0,0,0,0,0
348,86.5014,0,0,0,0,0,0,0,0,0,0,0,0,0,0,0,0,0,0,0,0,0,0,0,0,0,0,0,0,0,0,0,0,0,0,0,0,0,0,0,0,0,0,0,0,0,0,0,0,0
349,87.5221,0,0,0,0,0,0,0,0,0,0,0,0,0,0,0,0,0,0,0,0,0,0,0,0,0,0,0,0,0,0,0,0,0,0,0,0,0,0,0,0,0,0,0,0,0,0,0,0,0
350,88.5546,0,0,0,0,0,0,0,0,0,0,0,0,0,0,0,0,0,0,0,0,0,0,0,0,0,0,0,0,0,0,0,0,0,0,0,0,0,0,0,0,0,0,0,0,0,0,0,0,0
351,89.5991,0,0,0,0,0,0,0,0,0,0,0,0,0,0,0,0,0,0,0,0,0,0,0,0,0,0,0,0,0,0,0,0,0,0,0,0,0,0,0,0,0,0,0,0,0,0,0,0,0
352,90.6556,0,0,0,0,0,0,0,0,0,0,0,0,0,0,0,0,0,0,0,0,0,0,0,0,0,0,0,0,0,0,0,0,0,0,0,0,0,0,0,0,0,0,0,0,0,0,0,0,0
353,91.7245,0,0,0,0,0,0,0,0,0,0,0,0,0,0,0,0,0,0,0,0,0,0,0,0,0,0,0,0,0,0,0,0,0,0,0,0,0,0,0,0,0,0,0,0,0,0,0,0,0
354,92.8056,0,0,0,0,0,0,0,0,0,0,0,0,0,0,0,0,0,0,0,0,0,0,0,0,0,0,0,0,0,0,0,0,0,0,0,0,0,0,0,0,0,0,0,0,0,0,0,0,0
355,93.8993,0,0,0,0,0,0,0,0,0,0,0,0,0,0,0,0,0,0,0,0,0,0,0,0,0,0,0,0,0,0,0,0,0,0,0,0,0,0,0,0,0,0,0,0,0,0,0,0,0
356,95.0057,0,0,0,0,0,0,0,0,0,0,0,0,0,0,0,0,0,0,0,0,0,0,0,0,0,0,0,0,0,0,0,0,0,0,0,0,0,0,0,0,0,0,0,0,0,0,0,0,0
357,96.1249,0,0,0,0,0,0,0,0,0,0,0,0,0,0,0,0,0,0,0,0,0,0,0,0,0,0,0,0,0,0,0,0,0,0,0,0,0,0,0,0,0,0,0,0,0,0,0,0,0
358,97.2571,0,0,0,0,0,0,0,0,0,0,0,0,0,0,0,0,0,0,0,0,0,0,0,0,0,0,0,0,0,0,0,0,0,0,0,0,0,0,0,0,0,0,0,0,0,0,0,0,0
359,98.4024,0,0,0,0,0,0,0,0,0,0,0,0,0,0,0,0,0,0,0,0,0,0,0,0,0,0,0,0,0,0,0,0,0,0,0,0,0,0,0,0,0,0,0,0,0,0,0,0,0
360,99.5609,0,0,0,0,0,0,0,0,0,0,0,0,0,0,0,0,0,0,0,0,0,0,0,0,0,0,0,0,0,0,0,0,0,0,0,0,0,0,0,0,0,0,0,0,0,0,0,0,0
361,100.733,0,0,0,0,0,0,0,0,0,0,0,0,0,0,0,0,0,0,0,0,0,0,0,0,0,0,0,0,0,0,0,0,0,0,0,0,0,0,0,0,0,0,0,0,0,0,0,0,0
362,101.918,0,0,0,0,0,0,0,0,0,0,0,0,0,0,0,0,0,0,0,0,0,0,0,0,0,0,0,0,0,0,0,0,0,0,0,0,0,0,0,0,0,0,0,0,0,0,0,0,0
363,103.118,0,0,0,0,0,0,0,0,0,0,0,0,0,0,0,0,0,0,0,0,0,0,0,0,0,0,0,0,0,0,0,0,0,0,0,0,0,0,0,0,0,0,0,0,0,0,0,0,0
364,104.331,0,0,0,0,0,0,0,0,0,0,0,0,0,0,0,0,0,0,0,0,0,0,0,0,0,0,0,0,0,0,0,0,0,0,0,0,0,0,0,0,0,0,0,0,0,0,0,0,0
365,105.558,0,0,0,0,0,0,0,0,0,0,0,0,0,0,0,0,0,0,0,0,0,0,0,0,0,0,0,0,0,0,0,0,0,0,0,0,0,0,0,0,0,0,0,0,0,0,0,0,0
366,106.8,0,0,0,0,0,0,0,0,0,0,0,0,0,0,0,0,0,0,0,0,0,0,0,0,0,0,0,0,0,0,0,0,0,0,0,0,0,0,0,0,0,0,0,0,0,0,0,0,0
367,108.055,0,0,0,0,0,0,0,0,0,0,0,0,0,0,0,0,0,0,0,0,0,0,0,0,0,0,0,0,0,0,0,0,0,0,0,0,0,0,0,0,0,0,0,0,0,0,0,0,0
368,109.326,0,0,0,0,0,0,0,0,0,0,0,0,0,0,0,0,0,0,0,0,0,0,0,0,0,0,0,0,0,0,0,0,0,0,0,0,0,0,0,0,0,0,0,0,0,0,0,0,0
369,110.611,0,0,0,0,0,0,0,0,0,0,0,0,0,0,0,0,0,0,0,0,0,0,0,0,0,0,0,0,0,0,0,0,0,0,0,0,0,0,0,0,0,0,0,0,0,0,0,0,0
370,111.911,0,0,0,0,0,0,0,0,0,0,0,0,0,0,0,0,0,0,0,0,0,0,0,0,0,0,0,0,0,0,0,0,0,0,0,0,0,0,0,0,0,0,0,0,0,0,0,0,0
371,113.226,0,0,0,0,0,0,0,0,0,0,0,0,0,0,0,0,0,0,0,0,0,0,0,0,0,0,0,0,0,0,0,0,0,0,0,0,0,0,0,0,0,0,0,0,0,0,0,0,0
372,114.556,0,0,0,0,0,0,0,0,0,0,0,0,0,0,0,0,0,0,0,0,0,0,0,0,0,0,0,0,0,0,0,0,0,0,0,0,0,0,0,0,0,0,0,0,0,0,0,0,0
373,115.902,0,0,0,0,0,0,0,0,0,0,0,0,0,0,0,0,0,0,0,0,0,0,0,0,0,0,0,0,0,0,0,0,0,0,0,0,0,0,0,0,0,0,0,0,0,0,0,0,0
374,117.263,0,0,0,0,0,0,0,0,0,0,0,0,0,0,0,0,0,0,0,0,0,0,0,0,0,0,0,0,0,0,0,0,0,0,0,0,0,0,0,0,0,0,0,0,0,0,0,0,0
375,118.64,0,0,0,0,0,0,0,0,0,0,0,0,0,0,0,0,0,0,0,0,0,0,0,0,0,0,0,0,0,0,0,0,0,0,0,0,0,0,0,0,0,0,0,0,0,0,0,0,0
376,120.033,0,0,0,0,0,0,0,0,0,0,0,0,0,0,0,0,0,0,0,0,0,0,0,0,0,0,0,0,0,0,0,0,0,0,0,0,0,0,0,0,0,0,0,0,0,0,0,0,0
377,121.442,0,0,0,0,0,0,0,0,0,0,0,0,0,0,0,0,0,0,0,0,0,0,0,0,0,0,0,0,0,0,0,0,0,0,0,0,0,0,0,0,0,0,0,0,0,0,0,0,0
378,122.868,0,0,0,0,0,0,0,0,0,0,0,0,0,0,0,0,0,0,0,0,0,0,0,0,0,0,0,0,0,0,0,0,0,0,0,0,0,0,0,0,0,0,0,0,0,0,0,0,0
379,124.31,0,0,0,0,0,0,0,0,0,0,0,0,0,0,0,0,0,0,0,0,0,0,0,0,0,0,0,0,0,0,0,0,0,0,0,0,0,0,0,0,0,0,0,0,0,0,0,0,0
380,125.769,0,0,0,0,0,0,0,0,0,0,0,0,0,0,0,0,0,0,0,0,0,0,0,0,0,0,0,0,0,0,0,0,0,0,0,0,0,0,0,0,0,0,0,0,0,0,0,0,0
381,127.244,0,0,0,0,0,0,0,0,0,0,0,0,0,0,0,0,0,0,0,0,0,0,0,0,0,0,0,0,0,0,0,0,0,0,0,0,0,0,0,0,0,0,0,0,0,0,0,0,0
382,128.737,0,0,0,0,0,0,0,0,0,0,0,0,0,0,0,0,0,0,0,0,0,0,0,0,0,0,0,0,0,0,0,0,0,0,0,0,0,0,0,0,0,0,0,0,0,0,0,0,0
383,130.247,0,0,0,0,0,0,0,0,0,0,0,0,0,0,0,0,0,0,0,0,0,0,0,0,0,0,0,0,0,0,0,0,0,0,0,0,0,0,0,0,0,0,0,0,0,0,0,0,0
384,131.774,0,0,0,0,0,0,0,0,0,0,0,0,0,0,0,0,0,0,0,0,0,0,0,0,0,0,0,0,0,0,0,0,0,0,0,0,0,0,0,0,0,0,0,0,0,0,0,0,0
385,133.32,0,0,0,0,0,0,0,0,0,0,0,0,0,0,0,0,0,0,0,0,0,0,0,0,0,0,0,0,0,0,0,0,0,0,0,0,0,0,0,0,0,0,0,0,0,0,0,0,0
386,134.883,0,0,0,0,0,0,0,0,0,0,0,0,0,0,0,0,0,0,0,0,0,0,0,0,0,0,0,0,0,0,0,0,0,0,0,0,0,0,0,0,0,0,0,0,0,0,0,0,0
387,136.464,0,0,0,0,0,0,0,0,0,0,0,0,0,0,0,0,0,0,0,0,0,0,0,0,0,0,0,0,0,0,0,0,0,0,0,0,0,0,0,0,0,0,0,0,0,0,0,0,0
388,138.063,0,0,0,0,0,0,0,0,0,0,0,0,0,0,0,0,0,0,0,0,0,0,0,0,0,0,0,0,0,0,0,0,0,0,0,0,0,0,0,0,0,0,0,0,0,0,0,0,0
389,139.681,0,0,0,0,0,0,0,0,0,0,0,0,0,0,0,0,0,0,0,0,0,0,0,0,0,0,0,0,0,0,0,0,0,0,0,0,0,0,0,0,0,0,0,0,0,0,0,0,0
390,141.318,0,0,0,0,0,0,0,0,0,0,0,0,0,0,0,0,0,0,0,0,0,0,0,0,0,0,0,0,0,0,0,0,0,0,0,0,0,0,0,0,0,0,0,0,0,0,0,0,0
391,142.974,0,0,0,0,0,0,0,0,0,0,0,0,0,0,0,0,0,0,0,0,0,0,0,0,0,0,0,0,0,0,0,0,0,0,0,0,0,0,0,0,0,0,0,0,0,0,0,0,0
392,144.649,0,0,0,0,0,0,0,0,0,0,0,0,0,0,0,0,0,0,0,0,0,0,0,0,0,0,0,0,0,0,0,0,0,0,0,0,0,0,0,0,0,0,0,0,0,0,0,0,0
393,146.343,0,0,0,0,0,0,0,0,0,0,0,0,0,0,0,0,0,0,0,0,0,0,0,0,0,0,0,0,0,0,0,0,0,0,0,0,0,0,0,0,0,0,0,0,0,0,0,0,0
394,148.057,0,0,0,0,0,0,0,0,0,0,0,0,0,0,0,0,0,0,0,0,0,0,0,0,0,0,0,0,0,0,0,0,0,0,0,0,0,0,0,0,0,0,0,0,0,0,0,0,0
395,149.791,0,0,0,0,0,0,0,0,0,0,0,0,0,0,0,0,0,0,0,0,0,0,0,0,0,0,0,0,0,0,0,0,0,0,0,0,0,0,0,0,0,0,0,0,0,0,0,0,0
396,151.545,0,0,0,0,0,0,0,0,0,0,0,0,0,0,0,0,0,0,0,0,0,0,0,0,0,0,0,0,0,0,0,0,0,0,0,0,0,0,0,0,0,0,0,0,0,0,0,0,0
397,153.319,0,0,0,0,0,0,0,0,0,0,0,0,0,0,0,0,0,0,0,0,0,0,0,0,0,0,0,0,0,0,0,0,0,0,0,0,0,0,0,0,0,0,0,0,0,0,0,0,0
398,155.114,0,0,0,0,0,0,0,0,0,0,0,0,0,0,0,0,0,0,0,0,0,0,0,0,0,0,0,0,0,0,0,0,0,0,0,0,0,0,0,0,0,0,0,0,0,0,0,0,0
399,156.929,0,0,0,0,0,0,0,0,0,0,0,0,0,0,0,0,0,0,0,0,0,0,0,0,0,0,0,0,0,0,0,0,0,0,0,0,0,0,0,0,0,0,0,0,0,0,0,0,0
400,158.766,0,0,0,0,0,0,0,0,0,0,0,0,0,0,0,0,0,0,0,0,0,0,0,0,0,0,0,0,0,0,0,0,0,0,0,0,0,0,0,0,0,0,0,0,0,0,0,0,0
401,160.624,0,0,0,0,0,0,0,0,0,0,0,0,0,0,0,0,0,0,0,0,0,0,0,0,0,0,0,0,0,0,0,0,0,0,0,0,0,0,0,0,0,0,0,0,0,0,0,0,0
402,162.503,0,0,0,0,0,0,0,0,0,0,0,0,0,0,0,0,0,0,0,0,0,0,0,0,0,0,0,0,0,0,0,0,0,0,0,0,0,0,0,0,0,0,0,0,0,0,0,0,0
403,164.404,0,0,0,0,0,0,0,0,0,0,0,0,0,0,0,0,0,0,0,0,0,0,0,0,0,0,0,0,0,0,0,0,0,0,0,0,0,0,0,0,0,0,0,0,0,0,0,0,0
404,166.328,0,0,0,0,0,0,0,0,0,0,0,0,0,0,0,0,0,0,0,0,0,0,0,0,0,0,0,0,0,0,0,0,0,0,0,0,0,0,0,0,0,0,0,0,0,0,0,0,0
405,168.273,0,0,0,0,0,0,0,0,0,0,0,0,0,0,0,0,0,0,0,0,0,0,0,0,0,0,0,0,0,0,0,0,0,0,0,0,0,0,0,0,0,0,0,0,0,0,0,0,0
406,170.241,0,0,0,0,0,0,0,0,0,0,0,0,0,0,0,0,0,0,0,0,0,0,0,0,0,0,0,0,0,0,0,0,0,0,0,0,0,0,0,0,0,0,0,0,0,0,0,0,0
407,172.232,0,0,0,0,0,0,0,0,0,0,0,0,0,0,0,0,0,0,0,0,0,0,0,0,0,0,0,0,0,0,0,0,0,0,0,0,0,0,0,0,0,0,0,0,0,0,0,0,0
408,174.246,0,0,0,0,0,0,0,0,0,0,0,0,0,0,0,0,0,0,0,0,0,0,0,0,0,0,0,0,0,0,0,0,0,0,0,0,0,0,0,0,0,0,0,0,0,0,0,0,0
409,176.283,0,0,0,0,0,0,0,0,0,0,0,0,0,0,0,0,0,0,0,0,0,0,0,0,0,0,0,0,0,0,0,0,0,0,0,0,0,0,0,0,0,0,0,0,0,0,0,0,0
410,178.344,0,0,0,0,0,0,0,0,0,0,0,0,0,0,0,0,0,0,0,0,0,0,0,0,0,0,0,0,0,0,0,0,0,0,0,0,0,0,0,0,0,0,0,0,0,0,0,0,0
411,180.428,0,0,0,0,0,0,0,0,0,0,0,0,0,0,0,0,0,0,0,0,0,0,0,0,0,0,0,0,0,0,0,0,0,0,0,0,0,0,0,0,0,0,0,0,0,0,0,0,0
412,182.537,0,0,0,0,0,0,0,0,0,0,0,0,0,0,0,0,0,0,0,0,0,0,0,0,0,0,0,0,0,0,0,0,0,0,0,0,0,0,0,0,0,0,0,0,0,0,0,0,0
413,184.671,0,0,0,0,0,0,0,0,0,0,0,0,0,0,0,0,0,0,0,0,0,0,0,0,0,0,0,0,0,0,0,0,0,0,0,0,0,0,0,0,0,0,0,0,0,0,0,0,0
414,186.829,0,0,0,0,0,0,0,0,0,0,0,0,0,0,0,0,0,0,0,0,0,0,0,0,0,0,0,0,0,0,0,0,0,0,0,0,0,0,0,0,0,0,0,0,0,0,0,0,0
415,189.012,0,0,0,0,0,0,0,0,0,0,0,0,0,0,0,0,0,0,0,0,0,0,0,0,0,0,0,0,0,0,0,0,0,0,0,0,0,0,0,0,0,0,0,0,0,0,0,0,0
416,191.22,0,0,0,0,0,0,0,0,0,0,0,0,0,0,0,0,0,0,0,0,0,0,0,0,0,0,0,0,0,0,0,0,0,0,0,0,0,0,0,0,0,0,0,0,0,0,0,0,0
417,193.454,0,0,0,0,0,0,0,0,0,0,0,0,0,0,0,0,0,0,0,0,0,0,0,0,0,0,0,0,0,0,0,0,0,0,0,0,0,0,0,0,0,0,0,0,0,0,0,0,0
418,195.713,0,0,0,0,0,0,0,0,0,0,0,0,0,0,0,0,0,0,0,0,0,0,0,0,0,0,0,0,0,0,0,0,0,0,0,0,0,0,0,0,0,0,0,0,0,0,0,0,0
419,197.999,0,0,0,0,0,0,0,0,0,0,0,0,0,0,0,0,0,0,0,0,0,0,0,0,0,0,0,0,0,0,0,0,0,0,0,0,0,0,0,0,0,0,0,0,0,0,0,0,0
420,200.312,0,0,0,0,0,0,0,0,0,0,0,0,0,0,0,0,0,0,0,0,0,0,0,0,0,0,0,0,0,0,0,0,0,0,0,0,0,0,0,0,0,0,0,0,0,0,0,0,0
421,202.651,0,0,0,0,0,0,0,0,0,0,0,0,0,0,0,0,0,0,0,0,0,0,0,0,0,0,0,0,0,0,0,0,0,0,0,0,0,0,0,0,0,0,0,0,0,0,0,0,0
422,205.017,0,0,0,0,0,0,0,0,0,0,0,0,0,0,0,0,0,0,0,0,0,0,0,0,0,0,0,0,0,0,0,0,0,0,0,0,0,0,0,0,0,0,0,0,0,0,0,0,0
423,207.411,0,0,0,0,0,0,0,0,0,0,0,0,0,0,0,0,0,0,0,0,0,0,0,0,0,0,0,0,0,0,0,0,0,0,0,0,0,0,0,0,0,0,0,0,0,0,0,0,0
424,209.832,0,0,0,0,0,0,0,0,0,0,0,0,0,0,0,0,0,0,0,0,0,0,0,0,0,0,0,0,0,0,0,0,0,0,0,0,0,0,0,0,0,0,0,0,0,0,0,0,0
425,212.282,0,0,0,0,0,0,0,0,0,0,0,0,0,0,0,0,0,0,0,0,0,0,0,0,0,0,0,0,0,0,0,0,0,0,0,0,0,0,0,0,0,0,0,0,0,0,0,0,0
426,214.76,0,0,0,0,0,0,0,0,0,0,0,0,0,0,0,0,0,0,0,0,0,0,0,0,0,0,0,0,0,0,0,0,0,0,0,0,0,0,0,0,0,0,0,0,0,0,0,0,0
427,217.266,0,0,0,0,0,0,0,0,0,0,0,0,0,0,0,0,0,0,0,0,0,0,0,0,0,0,0,0,0,0,0,0,0,0,0,0,0,0,0,0,0,0,0,0,0,0,0,0,0
428,219.802,0,0,0,0,0,0,0,0,0,0,0,0,0,0,0,0,0,0,0,0,0,0,0,0,0,0,0,0,0,0,0,0,0,0,0,0,0,0,0,0,0,0,0,0,0,0,0,0,0
429,222.367,0,0,0,0,0,0,0,0,0,0,0,0,0,0,0,0,0,0,0,0,0,0,0,0,0,0,0,0,0,0,0,0,0,0,0,0,0,0,0,0,0,0,0,0,0,0,0,0,0
430,224.962,0,0,0,0,0,0,0,0,0,0,0,0,0,0,0,0,0,0,0,0,0,0,0,0,0,0,0,0,0,0,0,0,0,0,0,0,0,0,0,0,0,0,0,0,0,0,0,0,0
431,227.586,0,0,0,0,0,0,0,0,0,0,0,0,0,0,0,0,0,0,0,0,0,0,0,0,0,0,0,0,0,0,0,0,0,0,0,0,0,0,0,0,0,0,0,0,0,0,0,0,0
432,230.242,0,0,0,0,0,0,0,0,0,0,0,0,0,0,0,0,0,0,0,0,0,0,0,0,0,0,0,0,0,0,0,0,0,0,0,0,0,0,0,0,0,0,0,0,0,0,0,0,0
433,232.928,0,0,0,0,0,0,0,0,0,0,0,0,0,0,0,0,0,0,0,0,0,0,0,0,0,0,0,0,0,0,0,0,0,0,0,0,0,0,0,0,0,0,0,0,0,0,0,0,0
434,235.645,0,0,0,0,0,0,0,0,0,0,0,0,0,0,0,0,0,0,0,0,0,0,0,0,0,0,0,0,0,0,0,0,0,0,0,0,0,0,0,0,0,0,0,0,0,0,0,0,0
435,238.393,0,0,0,0,0,0,0,0,0,0,0,0,0,0,0,0,0,0,0,0,0,0,0,0,0,0,0,0,0,0,0,0,0,0,0,0,0,0,0,0,0,0,0,0,0,0,0,0,0
436,241.174,0,0,0,0,0,0,0,0,0,0,0,0,0,0,0,0,0,0,0,0,0,0,0,0,0,0,0,0,0,0,0,0,0,0,0,0,0,0,0,0,0,0,0,0,0,0,0,0,0
437,243.986,0,0,0,0,0,0,0,0,0,0,0,0,0,0,0,0,0,0,0,0,0,0,0,0,0,0,0,0,0,0,0,0,0,0,0,0,0,0,0,0,0,0,0,0,0,0,0,0,0
438,246.831,0,0,0,0,0,0,0,0,0,0,0,0,0,0,0,0,0,0,0,0,0,0,0,0,0,0,0,0,0,0,0,0,0,0,0,0,0,0,0,0,0,0,0,0,0,0,0,0,0
439,249.709,0,0,0,0,0,0,0,0,0,0,0,0,0,0,0,0,0,0,0,0,0,0,0,0,0,0,0,0,0,0,0,0,0,0,0,0,0,0,0,0,0,0,0,0,0,0,0,0,0
440,252.621,0,0,0,0,0,0,0,0,0,0,0,0,0,0,0,0,0,0,0,0,0,0,0,0,0,0,0,0,0,0,0,0,0,0,0,0,0,0,0,0,0,0,0,0,0,0,0,0,0
441,255.566,0,0,0,0,0,0,0,0,0,0,0,0,0,0,0,0,0,0,0,0,0,0,0,0,0,0,0,0,0,0,0,0,0,0,0,0,0,0,0,0,0,0,0,0,0,0,0,0,0
442,258.545,0,0,0,0,0,0,0,0,0,0,0,0,0,0,0,0,0,0,0,0,0,0,0,0,0,0,0,0,0,0,0,0,0,0,0,0,0,0,0,0,0,0,0,0,0,0,0,0,0
443,261.559,0,0,0,0,0,0,0,0,0,0,0,0,0,0,0,0,0,0,0,0,0,0,0,0,0,0,0,0,0,0,0,0,0,0,0,0,0,0,0,0,0,0,0,0,0,0,0,0,0
444,264.608,0,0,0,0,0,0,0,0,0,0,0,0,0,0,0,0,0,0,0,0,0,0,0,0,0,0,0,0,0,0,0,0,0,0,0,0,0,0,0,0,0,0,0,0,0,0,0,0,0
445,267.692,0,0,0,0,0,0,0,0,0,0,0,0,0,0,0,0,0,0,0,0,0,0,0,0,0,0,0,0,0,0,0,0,0,0,0,0,0,0,0,0,0,0,0,0,0,0,0,0,0
446,270.812,0,0,0,0,0,0,0,0,0,0,0,0,0,0,0,0,0,0,0,0,0,0,0,0,0,0,0,0,0,0,0,0,0,0,0,0,0,0,0,0,0,0,0,0,0,0,0,0,0
447,273.968,0,0,0,0,0,0,0,0,0,0,0,0,0,0,0,0,0,0,0,0,0,0,0,0,0,0,0,0,0,0,0,0,0,0,0,0,0,0,0,0,0,0,0,0,0,0,0,0,0
448,277.16,0,0,0,0,0,0,0,0,0,0,0,0,0,0,0,0,0,0,0,0,0,0,0,0,0,0,0,0,0,0,0,0,0,0,0,0,0,0,0,0,0,0,0,0,0,0,0,0,0
449,280.39,0,0,0,0,0,0,0,0,0,0,0,0,0,0,0,0,0,0,0,0,0,0,0,0,0,0,0,0,0,0,0,0,0,0,0,0,0,0,0,0,0,0,0,0,0,0,0,0,0
450,283.657,0,0,0,0,0,0,0,0,0,0,0,0,0,0,0,0,0,0,0,0,0,0,0,0,0,0,0,0,0,0,0,0,0,0,0,0,0,0,0,0,0,0,0,0,0,0,0,0,0
451,286.962,0,0,0,0,0,0,0,0,0,0,0,0,0,0,0,0,0,0,0,0,0,0,0,0,0,0,0,0,0,0,0,0,0,0,0,0,0,0,0,0,0,0,0,0,0,0,0,0,0
452,290.305,0,0,0,0,0,0,0,0,0,0,0,0,0,0,0,0,0,0,0,0,0,0,0,0,0,0,0,0,0,0,0,0,0,0,0,0,0,0,0,0,0,0,0,0,0,0,0,0,0
453,293.686,0,0,0,0,0,0,0,0,0,0,0,0,0,0,0,0,0,0,0,0,0,0,0,0,0,0,0,0,0,0,0,0,0,0,0,0,0,0,0,0,0,0,0,0,0,0,0,0,0
454,297.107,0,0,0,0,0,0,0,0,0,0,0,0,0,0,0,0,0,0,0,0,0,0,0,0,0,0,0,0,0,0,0,0,0,0,0,0,0,0,0,0,0,0,0,0,0,0,0,0,0
455,300.568,0,0,0,0,0,0,0,0,0,0,0,0,0,0,0,0,0,0,0,0,0,0,0,0,0,0,0,0,0,0,0,0,0,0,0,0,0,0,0,0,0,0,0,0,0,0,0,0,0
456,304.069,0,0,0,0,0,0,0,0,0,0,0,0,0,0,0,0,0,0,0,0,0,0,0,0,0,0,0,0,0,0,0,0,0,0,0,0,0,0,0,0,0,0,0,0,0,0,0,0,0
457,307.61,0,0,0,0,0,0,0,0,0,0,0,0,0,0,0,0,0,0,0,0,0,0,0,0,0,0,0,0,0,0,0,0,0,0,0,0,0,0,0,0,0,0,0,0,0,0,0,0,0
458,311.192,0,0,0,0,0,0,0,0,0,0,0,0,0,0,0,0,0,0,0,0,0,0,0,0,0,0,0,0,0,0,0,0,0,0,0,0,0,0,0,0,0,0,0,0,0,0,0,0,0
459,314.816,0,0,0,0,0,0,0,0,0,0,0,0,0,0,0,0,0,0,0,0,0,0,0,0,0,0,0,0,0,0,0,0,0,0,0,0,0,0,0,0,0,0,0,0,0,0,0,0,0
460,318.482,0,0,0,0,0,0,0,0,0,0,0,0,0,0,0,0,0,0,0,0,0,0,0,0,0,0,0,0,0,0,0,0,0,0,0,0,0,0,0,0,0,0,0,0,0,0,0,0,0
461,322.19,0,0,0,0,0,0,0,0,0,0,0,0,0,0,0,0,0,0,0,0,0,0,0,0,0,0,0,0,0,0,0,0,0,0,0,0,0,0,0,0,0,0,0,0,0,0,0,0,0
462,325.941,0,0,0,0,0,0,0,0,0,0,0,0,0,0,0,0,0,0,0,0,0,0,0,0,0,0,0,0,0,0,0,0,0,0,0,0,0,0,0,0,0,0,0,0,0,0,0,0,0
463,329.736,0,0,0,0,0,0,0,0,0,0,0,0,0,0,0,0,0,0,0,0,0,0,0,0,0,0,0,0,0,0,0,0,0,0,0,0,0,0,0,0,0,0,0,0,0,0,0,0,0
464,333.574,0,0,0,0,0,0,0,0,0,0,0,0,0,0,0,0,0,0,0,0,0,0,0,0,0,0,0,0,0,0,0,0,0,0,0,0,0,0,0,0,0,0,0,0,0,0,0,0,0
465,337.457,0,0,0,0,0,0,0,0,0,0,0,0,0,0,0,0,0,0,0,0,0,0,0,0,0,0,0,0,0,0,0,0,0,0,0,0,0,0,0,0,0,0,0,0,0,0,0,0,0
466,341.385,0,0,0,0,0,0,0,0,0,0,0,0,0,0,0,0,0,0,0,0,0,0,0,0,0,0,0,0,0,0,0,0,0,0,0,0,0,0,0,0,0,0,0,0,0,0,0,0,0
467,345.359,0,0,0,0,0,0,0,0,0,0,0,0,0,0,0,0,0,0,0,0,0,0,0,0,0,0,0,0,0,0,0,0,0,0,0,0,0,0,0,0,0,0,0,0,0,0,0,0,0
468,349.379,0,0,0,0,0,0,0,0,0,0,0,0,0,0,0,0,0,0,0,0,0,0,0,0,0,0,0,0,0,0,0,0,0,0,0,0,0,0,0,0,0,0,0,0,0,0,0,0,0
469,353.445,0,0,0,0,0,0,0,0,0,0,0,0,0,0,0,0,0,0,0,0,0,0,0,0,0,0,0,0,0,0,0,0,0,0,0,0,0,0,0,0,0,0,0,0,0,0,0,0,0
470,357.558,0,0,0,0,0,0,0,0,0,0,0,0,0,0,0,0,0,0,0,0,0,0,0,0,0,0,0,0,0,0,0,0,0,0,0,0,0,0,0,0,0,0,0,0,0,0,0,0,0
471,361.719,0,0,0,0,0,0,0,0,0,0,0,0,0,0,0,0,0,0,0,0,0,0,0,0,0,0,0,0,0,0,0,0,0,0,0,0,0,0,0,0,0,0,0,0,0,0,0,0,0
472,365.928,0,0,0,0,0,0,0,0,0,0,0,0,0,0,0,0,0,0,0,0,0,0,0,0,0,0,0,0,0,0,0,0,0,0,0,0,0,0,0,0,0,0,0,0,0,0,0,0,0
473,370.186,0,0,0,0,0,0,0,0,0,0,0,0,0,0,0,0,0,0,0,0,0,0,0,0,0,0,0,0,0,0,0,0,0,0,0,0,0,0,0,0,0,0,0,0,0,0,0,0,0
474,374.493,0,0,0,0,0,0,0,0,0,0,0,0,0,0,0,0,0,0,0,0,0,0,0,0,0,0,0,0,0,0,0,0,0,0,0,0,0,0,0,0,0,0,0,0,0,0,0,0,0
475,378.85,0,0,0,0,0,0,0,0,0,0,0,0,0,0,0,0,0,0,0,0,0,0,0,0,0,0,0,0,0,0,0,0,0,0,0,0,0,0,0,0,0,0,0,0,0,0,0,0,0
476,383.258,0,0,0,0,0,0,0,0,0,0,0,0,0,0,0,0,0,0,0,0,0,0,0,0,0,0,0,0,0,0,0,0,0,0,0,0,0,0,0,0,0,0,0,0,0,0,0,0,0
477,387.717,0,0,0,0,0,0,0,0,0,0,0,0,0,0,0,0,0,0,0,0,0,0,0,0,0,0,0,0,0,0,0,0,0,0,0,0,0,0,0,0,0,0,0,0,0,0,0,0,0
478,392.227,0,0,0,0,0,0,0,0,0,0,0,0,0,0,0,0,0,0,0,0,0,0,0,0,0,0,0,0,0,0,0,0,0,0,0,0,0,0,0,0,0,0,0,0,0,0,0,0,0
479,396.79,0,0,0,0,0,0,0,0,0,0,0,0,0,0,0,0,0,0,0,0,0,0,0,0,0,0,0,0,0,0,0,0,0,0,0,0,0,0,0,0,0,0,0,0,0,0,0,0,0
480,401.405,0,0,0,0,0,0,0,0,0,0,0,0,0,0,0,0,0,0,0,0,0,0,0,0,0,0,0,0,0,0,0,0,0,0,0,0,0,0,0,0,0,0,0,0,0,0,0,0,0
481,406.074,0,0,0,0,0,0,0,0,0,0,0,0,0,0,0,0,0,0,0,0,0,0,0,0,0,0,0,0,0,0,0,0,0,0,0,0,0,0,0,0,0,0,0,0,0,0,0,0,0
482,410.797,0,0,0,0,0,0,0,0,0,0,0,0,0,0,0,0,0,0,0,0,0,0,0,0,0,0,0,0,0,0,0,0,0,0,0,0,0,0,0,0,0,0,0,0,0,0,0,0,0
483,415.575,0,0,0,0,0,0,0,0,0,0,0,0,0,0,0,0,0,0,0,0,0,0,0,0,0,0,0,0,0,0,0,0,0,0,0,0,0,0,0,0,0,0,0,0,0,0,0,0,0
484,420.408,0,0,0,0,0,0,0,0,0,0,0,0,0,0,0,0,0,0,0,0,0,0,0,0,0,0,0,0,0,0,0,0,0,0,0,0,0,0,0,0,0,0,0,0,0,0,0,0,0
485,425.297,0,0,0,0,0,0,0,0,0,0,0,0,0,0,0,0,0,0,0,0,0,0,0,0,0,0,0,0,0,0,0,0,0,0,0,0,0,0,0,0,0,0,0,0,0,0,0,0,0
486,430.242,0,0,0,0,0,0,0,0,0,0,0,0,0,0,0,0,0,0,0,0,0,0,0,0,0,0,0,0,0,0,0,0,0,0,0,0,0,0,0,0,0,0,0,0,0,0,0,0,0
487,435.245,0,0,0,0,0,0,0,0,0,0,0,0,0,0,0,0,0,0,0,0,0,0,0,0,0,0,0,0,0,0,0,0,0,0,0,0,0,0,0,0,0,0,0,0,0,0,0,0,0
488,440.306,0,0,0,0,0,0,0,0,0,0,0,0,0,0,0,0,0,0,0,0,0,0,0,0,0,0,0,0,0,0,0,0,0,0,0,0,0,0,0,0,0,0,0,0,0,0,0,0,0
489,445.426,0,0,0,0,0,0,0,0,0,0,0,0,0,0,0,0,0,0,0,0,0,0,0,0,0,0,0,0,0,0,0,0,0,0,0,0,0,0,0,0,0,0,0,0,0,0,0,0,0
490,450.605,0,0,0,0,0,0,0,0,0,0,0,0,0,0,0,0,0,0,0,0,0,0,0,0,0,0,0,0,0,0,0,0,0,0,0,0,0,0,0,0,0,0,0,0,0,0,0,0,0
491,455.844,0,0,0,0,0,0,0,0,0,0,0,0,0,0,0,0,0,0,0,0,0,0,0,0,0,0,0,0,0,0,0,0,0,0,0,0,0,0,0,0,0,0,0,0,0,0,0,0,0
492,461.143,0,0,0,0,0,0,0,0,0,0,0,0,0,0,0,0,0,0,0,0,0,0,0,0,0,0,0,0,0,0,0,0,0,0,0,0,0,0,0,0,0,0,0,0,0,0,0,0,0
493,466.504,0,0,0,0,0,0,0,0,0,0,0,0,0,0,0,0,0,0,0,0,0,0,0,0,0,0,0,0,0,0,0,0,0,0,0,0,0,0,0,0,0,0,0,0,0,0,0,0,0
494,471.927,0,0,0,0,0,0,0,0,0,0,0,0,0,0,0,0,0,0,0,0,0,0,0,0,0,0,0,0,0,0,0,0,0,0,0,0,0,0,0,0,0,0,0,0,0,0,0,0,0
495,477.413,0,0,0,0,0,0,0,0,0,0,0,0,0,0,0,0,0,0,0,0,0,0,0,0,0,0,0,0,0,0,0,0,0,0,0,0,0,0,0,0,0,0,0,0,0,0,0,0,0
496,482.963,0,0,0,0,0,0,0,0,0,0,0,0,0,0,0,0,0,0,0,0,0,0,0,0,0,0,0,0,0,0,0,0,0,0,0,0,0,0,0,0,0,0,0,0,0,0,0,0,0
497,488.577,0,0,0,0,0,0,0,0,0,0,0,0,0,0,0,0,0,0,0,0,0,0,0,0,0,0,0,0,0,0,0,0,0,0,0,0,0,0,0,0,0,0,0,0,0,0,0,0,0
498,494.255,0,0,0,0,0,0,0,0,0,0,0,0,0,0,0,0,0,0,0,0,0,0,0,0,0,0,0,0,0,0,0,0,0,0,0,0,0,0,0,0,0,0,0,0,0,0,0,0,0
499,500,0,0,0,0,0,0,0,0,0,0,0,0,0,0,0,0,0,0,0,0,0,0,0,0,0,0,0,0,0,0,0,0,0,0,0,0,0,0,0,0,0,0,0,0,0,0,0,0,0
