gridnumber,capital,dist[0 0],dist[0 1],dist[0 2],dist[0 3],dist[0 4],dist[1 0],dist[1 1],dist[1 2],dist[1 3],dist[1 4],dist[2 0],dist[2 1],dist[2 2],dist[2 3],dist[2 4],dist[3 0],dist[3 1],dist[3 2],dist[3 3],dist[3 4],dist[4 0],dist[4 1],dist[4 2],dist[4 3],dist[4 4]
0,0,0,0,0,0,0,0,0,0,0,0,0,0,0,0,0,0,0,0,0,0,0,0,0,0,0
1,0.0468873,0,0,0,0,0,0,0,0,0,0,0,0,0,0,0,0,0,0,0,0,0,0,0,0,0
2,0.0951487,0,0,0,0,0,0,0,0,0,0,0,0,0,0,0,0,0,0,0,0,0,0,0,0,0
3,0.144824,0,0,0,0,0,0,0,0,0,0,0,0,0,0,0,0,0,0,0,0,0,0,0,0,0
4,0.195956,0,0,0,0,0,0,0,0,0,0,0,0,0,0,0,0,0,0,0,0,0,0,0,0,0
5,0.248585,0,0,0,0,0,0,0,0,0,0,0,0,0,0,0,0,0,0,0,0,0,0,0,0,0
6,0.302757,0,0,0,0,0,0,0,0,0,0,0,0,0,0,0,0,0,0,0,0,0,0,0,0,0
7,0.358517,0,0,0,0,0,0,0,0,0,0,0,0,0,0,0,0,0,0,0,0,0,0,0,0,0
8,0.41591,0,0,0,0,0,0,0,0,0,0,0,0,0,0,0,0,0,0,0,0,0,0,0,0,0
9,0.474986,2.7174e-125,9.83243e-125,1.55755e-124,9.83243e-125,2.7174e-125,3.49731e-125,1.26544e-124,2.00459e-124,1.26544e-124,3.49731e-125,1.33626e-125,4.83503e-125,7.65917e-125,4.83503e-125,1.33626e-125,1.26137e-126,4.56405e-126,7.22992e-126,4.56405e-126,1.26137e-126,2.8345e-128,1.02562e-127,1.62468e-127,1.02562e-127,2.8345e-128
10,0.535792,1.55716e-017,5.63431e-017,8.92531e-017,5.63431e-017,1.55716e-017,2.00418e-017,7.25179e-017,1.14876e-016,7.25179e-017,2.00418e-017,7.65849e-018,2.77109e-017,4.38968e-017,2.77109e-017,7.65849e-018,7.23118e-019,2.61648e-018,4.14476e-018,2.61648e-018,7.23118e-019,1.62602e-020,5.88347e-020,9.32001e-020,5.88347e-020,1.62602e-020
11,0.598381,1.06018e-013,3.83608e-013,6.07673e-013,3.83608e-013,1.06018e-013,1.38858e-013,5.02432e-013,7.95903e-013,5.02432e-013,1.38858e-013,5.50228e-014,1.99091e-013,3.15379e-013,1.99091e-013,5.50228e-014,5.63178e-015,2.03776e-014,3.22802e-014,2.03776e-014,5.63178e-015,1.50784e-016,5.45588e-016,8.64265e-016,5.45588e-016,1.50784e-016
12,0.662804,1.88849e-011,6.83316e-011,1.08244e-010,6.83316e-011,1.88849e-011,2.77375e-011,1.00363e-010,1.58986e-010,1.00363e-010,2.77375e-011,1.34075e-011,4.85127e-011,7.68489e-011,4.85127e-011,1.34075e-011,1.89496e-012,6.85657e-012,1.08615e-011,6.85657e-012,1.89496e-012,7.7973e-014,2.82132e-013,4.46925e-013,2.82132e-013,7.7973e-014
13,0.729114,1.02486e-009,3.70829e-009,5.8743e-009,3.70829e-009,1.02486e-009,1.61416e-009,5.84055e-009,9.25201e-009,5.84055e-009,1.61416e-009,8.74763e-010,3.16518e-009,5.01396e-009,3.16518e-009,8.74763e-010,1.48508e-010,5.37352e-010,8.51219e-010,5.37352e-010,1.48508e-010,8.15571e-012,2.951e-011,4.67468e-011,2.951e-011,8.15571e-012
14,0.797368,1.33048e-008,4.81412e-008,7.62604e-008,4.81412e-008,1.33048e-008,2.35265e-008,8.51267e-008,1.34849e-007,8.51267e-008,2.35265e-008,1.529e-008,5.53243e-008,8.76391e-008,5.53243e-008,1.529e-008,3.39542e-009,1.22857e-008,1.94618e-008,1.22857e-008,3.39542e-009,2.65226e-010,9.59673e-010,1.52022e-009,9.59673e-010,2.65226e-010
15,0.867622,1.15967e-007,4.19605e-007,6.64696e-007,4.19605e-007,1.15967e-007,2.13213e-007,7.71476e-007,1.22209e-006,7.71476e-007,2.13213e-007,1.48684e-007,5.37986e-007,8.52223e-007,5.37986e-007,1.48684e-007,3.73005e-008,1.34965e-007,2.13798e-007,1.34965e-007,3.73005e-008,3.55484e-009,1.28626e-008,2.03756e-008,1.28626e-008,3.55484e-009
16,0.939934,6.23066e-007,2.25446e-006,3.57128e-006,2.25446e-006,6.23066e-007,1.23815e-006,4.48002e-006,7.0968e-006,4.48002e-006,1.23815e-006,9.5009e-007,3.43774e-006,5.44572e-006,3.43774e-006,9.5009e-007,2.66117e-007,9.62899e-007,1.52533e-006,9.62899e-007,2.66117e-007,2.90486e-008,1.05107e-007,1.665e-007,1.05107e-007,2.90486e-008
17,1.01437,2.03315e-006,7.3566e-006,1.16536e-005,7.3566e-006,2.03315e-006,4.35553e-006,1.57597e-005,2.4965e-005,1.57597e-005,4.35553e-006,3.72794e-006,1.34889e-005,2.13678e-005,1.34889e-005,3.72794e-006,1.19871e-006,4.33733e-006,6.87077e-006,4.33733e-006,1.19871e-006,1.51925e-007,5.49715e-007,8.70803e-007,5.49715e-007,1.51925e-007
18,1.09098,6.45711e-006,2.33639e-005,3.70108e-005,2.33639e-005,6.45711e-006,1.31476e-005,4.75721e-005,7.5359e-005,4.75721e-005,1.31476e-005,1.12765e-005,4.0802e-005,6.46344e-005,4.0802e-005,1.12765e-005,3.92309e-006,1.4195e-005,2.24863e-005,1.4195e-005,3.92309e-006,5.69013e-007,2.05888e-006,3.26147e-006,2.05888e-006,5.69013e-007
19,1.16984,2.13564e-005,7.72745e-005,0.00012241,7.72745e-005,2.13564e-005,4.09026e-005,0.000147999,0.000234445,0.000147999,4.09026e-005,3.16977e-005,0.000114693,0.000181685,0.000114693,3.16977e-005,1.00669e-005,3.64254e-005,5.77015e-005,3.64254e-005,1.00669e-005,1.47762e-006,5.3465e-006,8.4694e-006,5.3465e-006,1.47762e-006
20,1.25101,5.67478e-005,0.000205332,0.000325267,0.000205332,5.67478e-005,0.000112495,0.000407042,0.000644795,0.000407042,0.000112495,8.67438e-005,0.000313868,0.000497198,0.000313868,8.67438e-005,2.57444e-005,9.31517e-005,0.000147561,9.31517e-005,2.57444e-005,3.48741e-006,1.26186e-005,1.99891e-005,1.26186e-005,3.48741e-006
21,1.33455,0.000115996,0.000419713,0.000664867,0.000419713,0.000115996,0.00024776,0.000896477,0.00142011,0.000896477,0.00024776,0.000206001,0.00074538,0.00118076,0.00074538,0.000206001,6.32629e-005,0.000228906,0.00036261,0.000228906,6.32629e-005,8.02158e-006,2.90247e-005,4.5978e-005,2.90247e-005,8.02158e-006
22,1.42055,0.000202302,0.000731996,0.00115955,0.000731996,0.000202302,0.000460739,0.00166711,0.00264086,0.00166711,0.000460739,0.000419149,0.00151662,0.00240247,0.00151662,0.000419149,0.000141096,0.000510532,0.000808734,0.000510532,0.000141096,1.8494e-005,6.69173e-005,0.000106004,6.69173e-005,1.8494e-005
23,1.50907,0.000322019,0.00116517,0.00184575,0.00116517,0.000322019,0.000772233,0.00279419,0.00442628,0.00279419,0.000772233,0.000750182,0.0027144,0.00429989,0.0027144,0.000750182,0.000273548,0.000989788,0.00156792,0.000989788,0.000273548,3.89271e-005,0.000140851,0.000223122,0.000140851,3.89271e-005
24,1.60018,0.000431254,0.00156042,0.00247186,0.00156042,0.000431254,0.00109418,0.00395909,0.00627159,0.00395909,0.00109418,0.00112354,0.00406532,0.00643988,0.00406532,0.00112354,0.000440052,0.00159225,0.00252229,0.00159225,0.000440052,6.93856e-005,0.00025106,0.000397704,0.00025106,6.93856e-005
25,1.69396,0.000492977,0.00178375,0.00282564,0.00178375,0.000492977,0.00139421,0.00504471,0.00799133,0.00504471,0.00139421,0.00159694,0.00577823,0.0091533,0.00577823,0.00159694,0.00069051,0.00249849,0.00395786,0.00249849,0.00069051,0.000119338,0.000431803,0.00068402,0.000431803,0.000119338
26,1.79048,0.000556787,0.00201464,0.00319139,0.00201464,0.000556787,0.0016843,0.00609436,0.00965408,0.00609436,0.0016843,0.00205702,0.00744297,0.0117904,0.00744297,0.00205702,0.00094863,0.00343245,0.00543735,0.00343245,0.00094863,0.000177487,0.000642207,0.00101732,0.000642207,0.000177487
27,1.88984,0.000544075,0.00196864,0.00311852,0.00196864,0.000544075,0.00181591,0.00657055,0.0104084,0.00657055,0.00181591,0.00240336,0.00869614,0.0137755,0.00869614,0.00240336,0.00117943,0.00426755,0.00676023,0.00426755,0.00117943,0.000232619,0.000841693,0.00133332,0.000841693,0.000232619
28,1.99211,0.000459228,0.00166164,0.0026322,0.00166164,0.000459228,0.00169365,0.00612819,0.00970767,0.00612819,0.00169365,0.00247603,0.00895908,0.0141921,0.00895908,0.00247603,0.00133873,0.00484396,0.00767332,0.00484396,0.00133873,0.000288047,0.00104225,0.00165102,0.00104225,0.000288047
29,2.09737,0.000402044,0.00145473,0.00230443,0.00145473,0.000402044,0.00165927,0.0060038,0.00951061,0.0060038,0.00165927,0.00266795,0.00965351,0.0152921,0.00965351,0.00266795,0.00156868,0.00567599,0.00899133,0.00567599,0.00156868,0.000361823,0.0013092,0.0020739,0.0013092,0.000361823
30,2.20572,0.000300766,0.00108827,0.00172393,0.00108827,0.000300766,0.00136403,0.0049355,0.00781832,0.0049355,0.00136403,0.00242603,0.00877817,0.0139055,0.00877817,0.00242603,0.00157421,0.00569599,0.00902302,0.00569599,0.00157421,0.000397296,0.00143755,0.00227722,0.00143755,0.000397296
31,2.31725,0.000233341,0.000844305,0.00133746,0.000844305,0.000233341,0.00116238,0.00420588,0.00666254,0.00420588,0.00116238,0.00223706,0.00809441,0.0128224,0.00809441,0.00223706,0.00156792,0.00567324,0.00898698,0.00567324,0.00156792,0.000429788,0.00155511,0.00246345,0.00155511,0.000429788
32,2.43204,0.000153173,0.000554229,0.000877953,0.000554229,0.000153173,0.000845837,0.00306051,0.00484816,0.00306051,0.000845837,0.00178744,0.00646753,0.0102452,0.00646753,0.00178744,0.00136919,0.00495417,0.0078479,0.00495417,0.00136919,0.000413596,0.00149653,0.00237065,0.00149653,0.000413596
33,2.5502,0.000102991,0.000372655,0.000590323,0.000372655,0.000102991,0.000626717,0.00226767,0.00359221,0.00226767,0.000626717,0.00146822,0.00531251,0.00841554,0.00531251,0.00146822,0.00125193,0.00452989,0.0071758,0.00452989,0.00125193,0.000419034,0.0015162,0.00240182,0.0015162,0.000419034
34,2.67182,6.62386e-005,0.000239673,0.000379666,0.000239673,6.62386e-005,0.000444647,0.00160888,0.00254862,0.00160888,0.000444647,0.00112871,0.00408403,0.00646951,0.00408403,0.00112871,0.00103034,0.0037281,0.00590568,0.0037281,0.00103034,0.000367782,0.00133076,0.00210805,0.00133076,0.000367782
35,2.797,4.13708e-005,0.000149693,0.000237129,0.000149693,4.13708e-005,0.000296493,0.00107281,0.00169943,0.00107281,0.000296493,0.00081316,0.00294228,0.00466086,0.00294228,0.00081316,0.000804002,0.00290914,0.00460837,0.00290914,0.000804002,0.000308515,0.00111631,0.00176834,0.00111631,0.000308515
36,2.92586,2.45372e-005,8.87835e-005,0.000140642,8.87835e-005,2.45372e-005,0.000189512,0.000685718,0.00108625,0.000685718,0.000189512,0.000570471,0.00206415,0.00326982,0.00206415,0.000570471,0.000620541,0.00224532,0.00355681,0.00224532,0.000620541,0.000260371,0.000942107,0.00149239,0.000942107,0.000260371
37,3.05848,1.44461e-005,5.22708e-005,8.28022e-005,5.22708e-005,1.44461e-005,0.000121562,0.000439852,0.00069677,0.000439852,0.000121562,0.000391716,0.00141736,0.00224523,0.00141736,0.000391716,0.000453839,0.00164214,0.00260131,0.00164214,0.000453839,0.000203132,0.000734999,0.00116431,0.000734999,0.000203132
38,3.195,7.40271e-006,2.67854e-005,4.24308e-005,2.67854e-005,7.40271e-006,6.76141e-005,0.00024465,0.00038755,0.00024465,6.76141e-005,0.000240183,0.00086906,0.00137668,0.00086906,0.000240183,0.000307974,0.00111435,0.00176524,0.00111435,0.000307974,0.000151589,0.000548498,0.000868875,0.000548498,0.000151589
39,3.33551,3.97843e-006,1.43953e-005,2.28036e-005,1.43953e-005,3.97843e-006,3.86969e-005,0.000140018,0.000221802,0.000140018,3.86969e-005,0.000149302,0.000540223,0.000855767,0.000540223,0.000149302,0.000205774,0.000744559,0.00117945,0.000744559,0.000205774,0.000106837,0.000386572,0.000612369,0.000386572,0.000106837
40,3.48015,2.30036e-006,8.32347e-006,1.31852e-005,8.32347e-006,2.30036e-006,2.36546e-005,8.55901e-005,0.000135583,8.55901e-005,2.36546e-005,9.57559e-005,0.000346476,0.000548853,0.000346476,9.57559e-005,0.00013942,0.000504468,0.000799128,0.000504468,0.00013942,7.64509e-005,0.000276624,0.000438201,0.000276624,7.64509e-005
41,3.62902,1.24694e-006,4.51184e-006,7.1472e-006,4.51184e-006,1.24694e-006,1.33044e-005,4.81397e-005,7.6258e-005,4.81397e-005,1.33044e-005,5.56701e-005,0.000201433,0.00031909,0.000201433,5.56701e-005,8.36361e-005,0.000302623,0.000479384,0.000302623,8.36361e-005,4.70931e-005,0.000170398,0.000269928,0.000170398,4.70931e-005
42,3.78225,6.61062e-007,2.39194e-006,3.78907e-006,2.39194e-006,6.61062e-007,7.25703e-006,2.62583e-005,4.15958e-005,2.62583e-005,7.25703e-006,3.19001e-005,0.000115425,0.000182845,0.000115425,3.19001e-005,5.03125e-005,0.000182047,0.000288381,0.000182047,5.03125e-005,2.94e-005,0.000106379,0.000168515,0.000106379,2.94e-005
43,3.93998,3.111e-007,1.12566e-006,1.78316e-006,1.12566e-006,3.111e-007,3.53461e-006,1.27894e-005,2.02596e-005,1.27894e-005,3.53461e-006,1.63714e-005,5.9237e-005,9.38373e-005,5.9237e-005,1.63714e-005,2.70472e-005,9.78657e-005,0.000155029,9.78657e-005,2.70472e-005,1.63313e-005,5.9092e-005,9.36075e-005,5.9092e-005,1.63313e-005
44,4.10232,1.45774e-007,5.27458e-007,8.35545e-007,5.27458e-007,1.45774e-007,1.85606e-006,6.71582e-006,1.06385e-005,6.71582e-006,1.85606e-006,9.20941e-006,3.33227e-005,5.27864e-005,3.33227e-005,9.20941e-006,1.56746e-005,5.67159e-005,8.98436e-005,5.67159e-005,1.56746e-005,9.5665e-006,3.46147e-005,5.48332e-005,3.46147e-005,9.5665e-006
45,4.26943,8.55599e-008,3.09584e-007,4.90412e-007,3.09584e-007,8.55599e-008,1.02141e-006,3.69581e-006,5.85454e-006,3.69581e-006,1.02141e-006,4.93584e-006,1.78595e-005,2.82912e-005,1.78595e-005,4.93584e-006,8.51701e-006,3.08173e-005,4.88177e-005,3.08173e-005,8.51701e-006,5.32709e-006,1.92752e-005,3.05338e-005,1.92752e-005,5.32709e-006
46,4.44143,3.95031e-008,1.42935e-007,2.26424e-007,1.42935e-007,3.95031e-008,4.83958e-007,1.75112e-006,2.77395e-006,1.75112e-006,4.83958e-007,2.37322e-006,8.58708e-006,1.36028e-005,8.58708e-006,2.37322e-006,4.08385e-006,1.47767e-005,2.34078e-005,1.47767e-005,4.08385e-006,2.53308e-006,9.16551e-006,1.45191e-005,9.16551e-006,2.53308e-006
47,4.61847,1.90464e-008,6.89161e-008,1.0917e-007,6.89161e-008,1.90464e-008,2.40629e-007,8.70673e-007,1.37923e-006,8.70673e-007,2.40629e-007,1.22144e-006,4.41955e-006,7.00101e-006,4.41955e-006,1.22144e-006,2.15367e-006,7.79267e-006,1.23444e-005,7.79267e-006,2.15367e-006,1.35524e-006,4.90371e-006,7.76797e-006,4.90371e-006,1.35524e-006
48,4.8007,9.76979e-009,3.53503e-008,5.59984e-008,3.53503e-008,9.76979e-009,1.16933e-007,4.23102e-007,6.70236e-007,4.23102e-007,1.16933e-007,5.59345e-007,2.02389e-006,3.20605e-006,2.02389e-006,5.59345e-007,9.51074e-007,3.4413e-006,5.45136e-006,3.4413e-006,9.51074e-007,5.87692e-007,2.12646e-006,3.36853e-006,2.12646e-006,5.87692e-007
49,4.98827,4.47182e-009,1.61805e-008,2.56316e-008,1.61805e-008,4.47182e-009,6.02467e-008,2.17992e-007,3.45321e-007,2.17992e-007,6.02467e-008,3.19201e-007,1.15498e-006,1.8296e-006,1.15498e-006,3.19201e-007,5.77347e-007,2.08903e-006,3.30923e-006,2.08903e-006,5.77347e-007,3.68664e-007,1.33395e-006,2.11311e-006,1.33395e-006,3.68664e-007
50,5.18134,1.97413e-009,7.14304e-009,1.13153e-008,7.14304e-009,1.97413e-009,2.42089e-008,8.75958e-008,1.3876e-007,8.75958e-008,2.42089e-008,1.19976e-007,4.34112e-007,6.87676e-007,4.34112e-007,1.19976e-007,2.07955e-007,7.52449e-007,1.19195e-006,7.52449e-007,2.07955e-007,1.29418e-007,4.68276e-007,7.41796e-007,4.68276e-007,1.29418e-007
51,5.38006,1.07669e-009,3.89582e-009,6.17137e-009,3.89582e-009,1.07669e-009,1.43401e-008,5.18871e-008,8.21943e-008,5.18871e-008,1.43401e-008,7.5002e-008,2.71382e-007,4.29896e-007,2.71382e-007,7.5002e-008,1.35476e-007,4.90195e-007,7.76518e-007,4.90195e-007,1.35476e-007,8.6809e-008,3.14103e-007,4.97571e-007,3.14103e-007,8.6809e-008
52,5.58461,5.12585e-010,1.8547e-009,2.93803e-009,1.8547e-009,5.12585e-010,6.62399e-009,2.39678e-008,3.79673e-008,2.39678e-008,6.62399e-009,3.40714e-008,1.23281e-007,1.9529e-007,1.23281e-007,3.40714e-008,6.07968e-008,2.19983e-007,3.48474e-007,2.19983e-007,6.07968e-008,3.86143e-008,1.39719e-007,2.21329e-007,1.39719e-007,3.86143e-008
53,5.79515,2.36463e-010,8.55599e-010,1.35535e-009,8.55599e-010,2.36463e-010,3.00201e-009,1.08623e-008,1.72069e-008,1.08623e-008,3.00201e-009,1.48995e-008,5.39111e-008,8.54006e-008,5.39111e-008,1.48995e-008,2.56385e-008,9.27687e-008,1.46955e-007,9.27687e-008,2.56385e-008,1.5851e-008,5.73541e-008,9.08546e-008,5.73541e-008,1.5851e-008
54,6.01186,1.03797e-010,3.75571e-010,5.94942e-010,3.75571e-010,1.03797e-010,1.41051e-009,5.10368e-009,8.08473e-009,5.10368e-009,1.41051e-009,7.53079e-009,2.72489e-008,4.31649e-008,2.72489e-008,7.53079e-009,1.36944e-008,4.95508e-008,7.84934e-008,4.95508e-008,1.36944e-008,8.77385e-009,3.17467e-008,5.02899e-008,3.17467e-008,8.77385e-009
55,6.23493,5.30073e-011,1.91798e-010,3.03827e-010,1.91798e-010,5.30073e-011,6.69872e-010,2.42382e-009,3.83957e-009,2.42382e-009,6.69872e-010,3.48573e-009,1.26125e-008,1.99795e-008,1.26125e-008,3.48573e-009,6.37378e-009,2.30624e-008,3.65332e-008,2.30624e-008,6.37378e-009,4.13458e-009,1.49602e-008,2.36985e-008,1.49602e-008,4.13458e-009
56,6.46452,2.05889e-011,7.44973e-011,1.18011e-010,7.44973e-011,2.05889e-011,2.50211e-010,9.05344e-010,1.43416e-009,9.05344e-010,2.50211e-010,1.2416e-009,4.49251e-009,7.11659e-009,4.49251e-009,1.2416e-009,2.18271e-009,7.89776e-009,1.25108e-008,7.89776e-009,2.18271e-009,1.3796e-009,4.99186e-009,7.9076e-009,4.99186e-009,1.3796e-009
57,6.70085,1.09801e-011,3.97297e-011,6.29358e-011,3.97297e-011,1.09801e-011,1.50492e-010,5.4453e-010,8.6259e-010,5.4453e-010,1.50492e-010,7.98565e-010,2.88947e-009,4.57721e-009,2.88947e-009,7.98565e-010,1.43312e-009,5.18548e-009,8.21432e-009,5.18548e-009,1.43312e-009,9.07301e-010,3.28291e-009,5.20046e-009,3.28291e-009,9.07301e-010
58,6.94411,4.96143e-012,1.79521e-011,2.84379e-011,1.79521e-011,4.96143e-012,6.54817e-011,2.36934e-010,3.75327e-010,2.36934e-010,6.54817e-011,3.36537e-010,1.2177e-009,1.92896e-009,1.2177e-009,3.36537e-010,5.96848e-010,2.15959e-009,3.42101e-009,2.15959e-009,5.96848e-010,3.77161e-010,1.36469e-009,2.16181e-009,1.36469e-009,3.77161e-010
59,7.19449,2.09594e-012,7.58381e-012,1.20135e-011,7.58381e-012,2.09594e-012,2.81041e-011,1.0169e-010,1.61087e-010,1.0169e-010,2.81041e-011,1.55332e-010,5.62043e-010,8.90332e-010,5.62043e-010,1.55332e-010,2.96743e-010,1.07371e-009,1.70087e-009,1.07371e-009,2.96743e-010,1.97673e-010,7.15246e-010,1.13302e-009,7.15246e-010,1.97673e-010
60,7.45221,9.53145e-013,3.44879e-012,5.46323e-012,3.44879e-012,9.53145e-013,1.11294e-011,4.02696e-011,6.37911e-011,4.02696e-011,1.11294e-011,5.12326e-011,1.85376e-010,2.93654e-010,1.85376e-010,5.12326e-011,8.33065e-011,3.0143e-010,4.77495e-010,3.0143e-010,8.33065e-011,4.95987e-011,1.79464e-010,2.84289e-010,1.79464e-010,4.95987e-011
61,7.71748,5.38208e-013,1.94741e-012,3.08489e-012,1.94741e-012,5.38208e-013,6.79473e-012,2.45856e-011,3.8946e-011,2.45856e-011,6.79473e-012,3.44117e-011,1.24513e-010,1.97241e-010,1.24513e-010,3.44117e-011,6.05537e-011,2.19103e-010,3.47081e-010,2.19103e-010,6.05537e-011,3.80616e-011,1.37719e-010,2.18161e-010,1.37719e-010,3.80616e-011
62,7.99052,2.13212e-013,7.71473e-013,1.22209e-012,7.71473e-013,2.13212e-013,2.59502e-012,9.38964e-012,1.48741e-011,9.38964e-012,2.59502e-012,1.28951e-011,4.66586e-011,7.39118e-011,4.66586e-011,1.28951e-011,2.26613e-011,8.19958e-011,1.2989e-010,8.19958e-011,2.26613e-011,1.4308e-011,5.17709e-011,8.20102e-011,5.17709e-011,1.4308e-011
63,8.27157,8.0677e-014,2.91916e-013,4.62423e-013,2.91916e-013,8.0677e-014,1.06087e-012,3.83859e-012,6.08071e-012,3.83859e-012,1.06087e-012,5.58791e-012,2.02189e-011,3.20287e-011,2.02189e-011,5.58791e-012,1.01351e-011,3.66722e-011,5.80925e-011,3.66722e-011,1.01351e-011,6.49913e-012,2.3516e-011,3.72517e-011,2.3516e-011,6.49913e-012
64,8.56085,3.47385e-014,1.25695e-013,1.99114e-013,1.25695e-013,3.47385e-014,4.27608e-013,1.54723e-012,2.45096e-012,1.54723e-012,4.27608e-013,2.16429e-012,7.83112e-012,1.24053e-011,7.83112e-012,2.16429e-012,3.88381e-012,1.40529e-011,2.22612e-011,1.40529e-011,3.88381e-012,2.49273e-012,9.0195e-012,1.42878e-011,9.0195e-012,2.49273e-012
65,8.85861,1.48409e-014,5.36993e-014,8.50651e-014,5.36993e-014,1.48409e-014,2.00057e-013,7.2387e-013,1.14668e-012,7.2387e-013,2.00057e-013,1.09616e-012,3.96625e-012,6.28294e-012,3.96625e-012,1.09616e-012,2.04853e-012,7.41226e-012,1.17418e-011,7.41226e-012,2.04853e-012,1.33778e-012,4.84052e-012,7.66786e-012,4.84052e-012,1.33778e-012
66,9.16509,7.82111e-015,2.82993e-014,4.4829e-014,2.82993e-014,7.82111e-015,8.88514e-014,3.21493e-013,5.09277e-013,3.21493e-013,8.88514e-014,4.34819e-013,1.57332e-012,2.49229e-012,1.57332e-012,4.34819e-013,7.87253e-013,2.84854e-012,4.51237e-012,2.84854e-012,7.87253e-013,5.1484e-013,1.86286e-012,2.95095e-012,1.86286e-012,5.1484e-013
67,9.48056,3.92479e-015,1.42012e-014,2.24961e-014,1.42012e-014,3.92479e-015,4.73526e-014,1.71337e-013,2.71415e-013,1.71337e-013,4.73526e-014,2.27789e-013,8.24214e-013,1.30564e-012,8.24214e-013,2.27789e-013,3.81249e-013,1.37948e-012,2.18524e-012,1.37948e-012,3.81249e-013,2.30483e-013,8.33962e-013,1.32108e-012,8.33962e-013,2.30483e-013
68,9.80527,1.68668e-015,6.10298e-015,9.66772e-015,6.10298e-015,1.68668e-015,2.03815e-014,7.37469e-014,1.16822e-013,7.37469e-014,2.03815e-014,9.27957e-014,3.35765e-013,5.31885e-013,3.35765e-013,9.27957e-014,1.44098e-013,5.21395e-013,8.25942e-013,5.21395e-013,1.44098e-013,8.14768e-014,2.9481e-013,4.67008e-013,2.9481e-013,8.14768e-014
69,10.1395,5.6295e-016,2.03694e-015,3.22671e-015,2.03694e-015,5.6295e-016,7.75355e-015,2.80549e-014,4.44418e-014,2.80549e-014,7.75355e-015,4.32398e-014,1.56456e-013,2.47842e-013,1.56456e-013,4.32398e-014,8.1172e-014,2.93707e-013,4.65261e-013,2.93707e-013,8.1172e-014,5.29805e-014,1.91701e-013,3.03673e-013,1.91701e-013,5.29805e-014
70,10.4835,2.56284e-016,9.2732e-016,1.46897e-015,9.2732e-016,2.56284e-016,3.19082e-015,1.15454e-014,1.82891e-014,1.15454e-014,3.19082e-015,1.57097e-014,5.68428e-014,9.00446e-014,5.68428e-014,1.57097e-014,2.69988e-014,9.76906e-014,1.54752e-013,9.76906e-014,2.69988e-014,1.67121e-014,6.047e-014,9.57905e-014,6.047e-014,1.67121e-014
71,10.8376,1.22263e-016,4.42387e-016,7.00786e-016,4.42387e-016,1.22263e-016,1.35348e-015,4.89733e-015,7.75785e-015,4.89733e-015,1.35348e-015,6.34443e-015,2.29562e-014,3.63649e-014,2.29562e-014,6.34443e-015,1.10362e-014,3.99325e-014,6.32571e-014,3.99325e-014,1.10362e-014,7.02785e-015,2.54291e-014,4.02822e-014,2.54291e-014,7.02785e-015
72,11.2021,5.30748e-017,1.92042e-016,3.04214e-016,1.92042e-016,5.30748e-017,5.8182e-016,2.10522e-015,3.33487e-015,2.10522e-015,5.8182e-016,2.42718e-015,8.78232e-015,1.39121e-014,8.78232e-015,2.42718e-015,3.59123e-015,1.29943e-014,2.05842e-014,1.29943e-014,3.59123e-015,1.9906e-015,7.20263e-015,1.14097e-014,7.20263e-015,1.9906e-015
73,11.5773,2.59602e-017,9.39325e-017,1.48798e-016,9.39325e-017,2.59602e-017,2.96626e-016,1.07329e-015,1.7002e-015,1.07329e-015,2.96626e-016,1.42635e-015,5.161e-015,8.17554e-015,5.161e-015,1.42635e-015,2.47338e-015,8.94949e-015,1.41769e-014,8.94949e-015,2.47338e-015,1.55387e-015,5.6224e-015,8.90645e-015,5.6224e-015,1.55387e-015
74,11.9634,1.04024e-017,3.76393e-017,5.96244e-017,3.76393e-017,1.04024e-017,1.16479e-016,4.2146e-016,6.67635e-016,4.2146e-016,1.16479e-016,5.80475e-016,2.10035e-015,3.32716e-015,2.10035e-015,5.80475e-016,1.04006e-015,3.76326e-015,5.96138e-015,3.76326e-015,1.04006e-015,6.65995e-016,2.40979e-015,3.81734e-015,2.40979e-015,6.65995e-016
75,12.3609,3.84376e-018,1.3908e-017,2.20316e-017,1.3908e-017,3.84376e-018,4.36476e-017,1.57931e-016,2.50179e-016,1.57931e-016,4.36476e-017,2.15728e-016,7.80575e-016,1.23651e-015,7.80575e-016,2.15728e-016,3.85427e-016,1.3946e-015,2.20919e-015,1.3946e-015,3.85427e-016,2.47309e-016,8.94846e-016,1.41753e-015,8.94846e-016,2.47309e-016
76,12.77,1.78149e-018,6.44602e-018,1.02111e-017,6.44602e-018,1.78149e-018,1.67048e-017,6.04434e-017,9.57484e-017,6.04434e-017,1.67048e-017,6.36095e-017,2.3016e-016,3.64596e-016,2.3016e-016,6.36095e-017,9.43352e-017,3.41336e-016,5.4071e-016,3.41336e-016,9.43352e-017,5.48636e-017,1.98515e-016,3.14467e-016,1.98515e-016,5.48636e-017
77,13.1911,8.03493e-019,2.9073e-018,4.60545e-018,2.9073e-018,8.03493e-019,9.37344e-018,3.39162e-017,5.37266e-017,3.39162e-017,9.37344e-018,4.0577e-017,1.46821e-016,2.32579e-016,1.46821e-016,4.0577e-017,5.87377e-017,2.12532e-016,3.36672e-016,2.12532e-016,5.87377e-017,3.08814e-017,1.11739e-016,1.77006e-016,1.11739e-016,3.08814e-017
78,13.6246,4.88579e-019,1.76784e-018,2.80043e-018,1.76784e-018,4.88579e-019,5.42234e-018,1.96198e-017,3.10797e-017,1.96198e-017,5.42234e-018,2.20945e-017,7.99452e-017,1.26641e-016,7.99452e-017,2.20945e-017,3.11567e-017,1.12735e-016,1.78584e-016,1.12735e-016,3.11567e-017,1.63786e-017,5.92632e-017,9.38788e-017,5.92632e-017,1.63786e-017
79,14.0707,1.51782e-019,5.49196e-019,8.69981e-019,5.49196e-019,1.51782e-019,1.77804e-018,6.43353e-018,1.01913e-017,6.43353e-018,1.77804e-018,8.62707e-018,3.12156e-017,4.94485e-017,3.12156e-017,8.62707e-018,1.50583e-017,5.44858e-017,8.6311e-017,5.44858e-017,1.50583e-017,9.5171e-018,3.4436e-017,5.45501e-017,3.4436e-017,9.5171e-018
80,14.5299,6.12406e-020,2.21589e-019,3.51019e-019,2.21589e-019,6.12406e-020,6.10946e-019,2.2106e-018,3.50181e-018,2.2106e-018,6.10946e-019,2.68111e-018,9.70115e-018,1.53676e-017,9.70115e-018,2.68111e-018,4.5138e-018,1.63324e-017,2.58722e-017,1.63324e-017,4.5138e-018,2.8345e-018,1.02561e-017,1.62467e-017,1.02561e-017,2.8345e-018
81,15.0026,2.10987e-020,7.6342e-020,1.20933e-019,7.6342e-020,2.10987e-020,1.91181e-019,6.91755e-019,1.09581e-018,6.91755e-019,1.91181e-019,7.38484e-019,2.67208e-018,4.23283e-018,2.67208e-018,7.38484e-019,1.08266e-018,3.91742e-018,6.20558e-018,3.91742e-018,1.08266e-018,6.09289e-019,2.20461e-018,3.49232e-018,2.20461e-018,6.09289e-019
82,15.4891,1.02656e-020,3.71444e-020,5.88404e-020,3.71444e-020,1.02656e-020,9.61718e-020,3.47981e-019,5.51237e-019,3.47981e-019,9.61718e-020,3.74409e-019,1.35473e-018,2.14603e-018,1.35473e-018,3.74409e-019,5.36133e-019,1.9399e-018,3.073e-018,1.9399e-018,5.36133e-019,2.91182e-019,1.05359e-018,1.66899e-018,1.05359e-018,2.91182e-019
83,15.9899,4.02314e-021,1.4557e-020,2.30598e-020,1.4557e-020,4.02314e-021,3.72758e-020,1.34876e-019,2.13657e-019,1.34876e-019,3.72758e-020,1.53857e-019,5.56704e-019,8.81875e-019,5.56704e-019,1.53857e-019,2.42212e-019,8.76401e-019,1.38831e-018,8.76401e-019,2.42212e-019,1.43743e-019,5.20108e-019,8.23903e-019,5.20108e-019,1.43743e-019
84,16.5054,1.78813e-021,6.47002e-021,1.02492e-020,6.47002e-021,1.78813e-021,1.65254e-020,5.97942e-020,9.47199e-020,5.97942e-020,1.65254e-020,6.62546e-020,2.39731e-019,3.79757e-019,2.39731e-019,6.62546e-020,9.62072e-020,3.48109e-019,5.5144e-019,3.48109e-019,9.62072e-020,5.19901e-020,1.88117e-019,2.97997e-019,1.88117e-019,5.19901e-020
85,17.036,9.05999e-022,3.2782e-021,5.193e-021,3.2782e-021,9.05999e-022,8.93345e-021,3.23242e-020,5.12047e-020,3.23242e-020,8.93345e-021,3.55549e-020,1.28649e-019,2.03793e-019,1.28649e-019,3.55549e-020,5.25847e-020,1.90269e-019,3.01404e-019,1.90269e-019,5.25847e-020,2.97133e-020,1.07512e-019,1.7031e-019,1.07512e-019,2.97133e-020
86,17.5821,3.58022e-022,1.29544e-021,2.0521e-021,1.29544e-021,3.58022e-022,3.67055e-021,1.32813e-020,2.10388e-020,1.32813e-020,3.67055e-021,1.47237e-020,5.3275e-020,8.4393e-020,5.3275e-020,1.47237e-020,2.16482e-020,7.83304e-020,1.24083e-019,7.83304e-020,2.16482e-020,1.21457e-020,4.39471e-020,6.96166e-020,4.39471e-020,1.21457e-020
87,18.1442,1.47247e-022,5.32788e-022,8.43989e-022,5.32788e-022,1.47247e-022,1.41219e-021,5.10978e-021,8.0944e-021,5.10978e-021,1.41219e-021,5.18221e-021,1.87509e-020,2.97033e-020,1.87509e-020,5.18221e-021,6.82684e-021,2.47018e-020,3.913e-020,2.47018e-020,6.82684e-021,3.44335e-021,1.24592e-020,1.97366e-020,1.24592e-020,3.44335e-021
88,18.7228,4.90053e-023,1.77317e-022,2.80888e-022,1.77317e-022,4.90053e-023,4.34608e-022,1.57255e-021,2.49108e-021,1.57255e-021,4.34608e-022,1.5385e-021,5.56678e-021,8.81834e-021,5.56678e-021,1.5385e-021,2.10614e-021,7.62072e-021,1.2072e-020,7.62072e-021,2.10614e-021,1.15218e-021,4.16895e-021,6.60404e-021,4.16895e-021,1.15218e-021
89,19.3184,1.95699e-023,7.08102e-023,1.1217e-022,7.08102e-023,1.95699e-023,1.50227e-022,5.43572e-022,8.61072e-022,5.43572e-022,1.50227e-022,5.27931e-022,1.91023e-021,3.02599e-021,1.91023e-021,5.27931e-022,7.93738e-022,2.872e-021,4.54954e-021,2.872e-021,7.93738e-022,4.8074e-022,1.73948e-021,2.7555e-021,1.73948e-021,4.8074e-022
90,19.9314,7.43783e-024,2.69125e-023,4.26321e-023,2.69125e-023,7.43783e-024,5.93396e-023,2.1471e-022,3.40122e-022,2.1471e-022,5.93396e-023,2.08257e-022,7.53541e-022,1.19368e-021,7.53541e-022,2.08257e-022,2.82168e-022,1.02097e-021,1.61733e-021,1.02097e-021,2.82168e-022,1.49249e-022,5.40033e-022,8.55466e-022,5.40033e-022,1.49249e-022
91,20.5623,3.11433e-024,1.12687e-023,1.78507e-023,1.12687e-023,3.11433e-024,2.40552e-023,8.70396e-023,1.37879e-022,8.70396e-023,2.40552e-023,8.2601e-023,2.98878e-022,4.73452e-022,2.98878e-022,8.2601e-023,1.12159e-022,4.05829e-022,6.42874e-022,4.05829e-022,1.12159e-022,6.02555e-023,2.18024e-022,3.45372e-022,2.18024e-022,6.02555e-023
92,21.2118,1.50037e-024,5.42881e-024,8.59978e-024,5.42881e-024,1.50037e-024,1.17264e-023,4.24298e-023,6.72131e-023,4.24298e-023,1.17264e-023,4.17104e-023,1.50922e-022,2.39075e-022,1.50922e-022,4.17104e-023,5.944e-023,2.15073e-022,3.40698e-022,2.15073e-022,5.944e-023,3.32644e-023,1.20361e-022,1.90665e-022,1.20361e-022,3.32644e-023
93,21.8803,5.21307e-025,1.88626e-024,2.98803e-024,1.88626e-024,5.21307e-025,4.59198e-024,1.66153e-023,2.63202e-023,1.66153e-023,4.59198e-024,1.79488e-023,6.49448e-023,1.02879e-022,6.49448e-023,1.79488e-023,2.59659e-023,9.39531e-023,1.48831e-022,9.39531e-023,2.59659e-023,1.4126e-023,5.11124e-023,8.09672e-023,5.11124e-023,1.4126e-023
94,22.5684,2.19466e-025,7.941e-025,1.25793e-024,7.941e-025,2.19466e-025,1.97517e-024,7.14683e-024,1.13213e-023,7.14683e-024,1.97517e-024,7.47884e-024,2.70609e-023,4.28672e-023,2.70609e-023,7.47884e-024,1.02869e-023,3.72215e-023,5.89626e-023,3.72215e-023,1.02869e-023,5.33456e-024,1.93022e-023,3.05766e-023,1.93022e-023,5.33456e-024
95,23.2766,6.93926e-026,2.51085e-025,3.97744e-025,2.51085e-025,6.93926e-026,5.6852e-025,2.05709e-024,3.25864e-024,2.05709e-024,5.6852e-025,2.09478e-024,7.57959e-024,1.20068e-023,7.57959e-024,2.09478e-024,2.99167e-024,1.08248e-023,1.71476e-023,1.08248e-023,2.99167e-024,1.65239e-024,5.97889e-024,9.47115e-024,5.97889e-024,1.65239e-024
96,24.0056,2.43618e-026,8.8149e-026,1.39637e-025,8.8149e-026,2.43618e-026,1.86113e-025,6.73416e-025,1.06676e-024,6.73416e-025,1.86113e-025,6.62024e-025,2.39542e-024,3.79458e-024,2.39542e-024,6.62024e-025,9.24063e-025,3.34356e-024,5.29654e-024,3.34356e-024,9.24063e-025,4.99253e-025,1.80646e-024,2.86162e-024,1.80646e-024,4.99253e-025
97,24.756,1.07466e-026,3.88846e-026,6.15971e-026,3.88846e-026,1.07466e-026,8.75821e-026,3.16901e-025,5.02002e-025,3.16901e-025,8.75821e-026,2.96848e-025,1.07409e-024,1.70147e-024,1.07409e-024,2.96848e-025,3.82679e-025,1.38466e-024,2.19344e-024,1.38466e-024,3.82679e-025,1.94311e-025,7.0308e-025,1.11375e-024,7.0308e-025,1.94311e-025
98,25.5283,4.63808e-027,1.67821e-026,2.65845e-026,1.67821e-026,4.63808e-027,3.40981e-026,1.23378e-025,1.95443e-025,1.23378e-025,3.40981e-026,1.04734e-025,3.78962e-025,6.00313e-025,3.78962e-025,1.04734e-025,1.30289e-025,4.71427e-025,7.46787e-025,4.71427e-025,1.30289e-025,6.74823e-026,2.44173e-025,3.86794e-025,2.44173e-025,6.74823e-026
99,26.3233,1.8907e-027,6.84118e-027,1.08371e-026,6.84118e-027,1.8907e-027,1.40048e-026,5.06738e-026,8.02724e-026,5.06738e-026,1.40048e-026,4.2775e-026,1.54774e-025,2.45178e-025,1.54774e-025,4.2775e-026,5.10069e-026,1.8456e-025,2.92361e-025,1.8456e-025,5.10069e-026,2.50059e-026,9.04794e-026,1.43328e-025,9.04794e-026,2.50059e-026
100,27.1416,8.38007e-028,3.03218e-027,4.80328e-027,3.03218e-027,8.38007e-028,6.22727e-027,2.25323e-026,3.56934e-026,2.25323e-026,6.22727e-027,1.81944e-026,6.58334e-026,1.04287e-025,6.58334e-026,1.81944e-026,2.09224e-026,7.57039e-026,1.19923e-025,7.57039e-026,2.09224e-026,1.02057e-026,3.69274e-026,5.84967e-026,3.69274e-026,1.02057e-026
101,27.9838,2.71605e-028,9.82755e-028,1.55678e-027,9.82755e-028,2.71605e-028,1.94687e-027,7.04441e-027,1.11591e-026,7.04441e-027,1.94687e-027,6.10146e-027,2.20771e-026,3.49723e-026,2.20771e-026,6.10146e-027,7.95997e-027,2.88018e-026,4.56249e-026,2.88018e-026,7.95997e-027,4.34258e-027,1.57129e-026,2.48908e-026,1.57129e-026,4.34258e-027
102,28.8508,1.02539e-028,3.71021e-028,5.87735e-028,3.71021e-028,1.02539e-028,8.06907e-028,2.91965e-027,4.62502e-027,2.91965e-027,8.06907e-028,2.71828e-027,9.83563e-027,1.55806e-026,9.83563e-027,2.71828e-027,3.51299e-027,1.27111e-026,2.01357e-026,1.27111e-026,3.51299e-027,1.79704e-027,6.50227e-027,1.03002e-026,6.50227e-027,1.79704e-027
103,29.7431,3.23989e-029,1.1723e-028,1.85704e-028,1.1723e-028,3.23989e-029,2.47587e-028,8.95851e-028,1.41912e-027,8.95851e-028,2.47587e-028,8.46311e-028,3.06223e-027,4.85088e-027,3.06223e-027,8.46311e-028,1.12837e-027,4.08283e-027,6.46761e-027,4.08283e-027,1.12837e-027,5.95943e-028,2.15632e-027,3.41582e-027,2.15632e-027,5.95943e-028
104,30.6616,1.39966e-029,5.06442e-029,8.02254e-029,5.06442e-029,1.39966e-029,9.63364e-029,3.48577e-028,5.5218e-028,3.48577e-028,9.63364e-029,2.96046e-028,1.07119e-027,1.69688e-027,1.07119e-027,2.96046e-028,3.66818e-028,1.32727e-027,2.10252e-027,1.32727e-027,3.66818e-028,1.85183e-028,6.70053e-028,1.06143e-027,6.70053e-028,1.85183e-028
105,31.607,5.03561e-030,1.82205e-029,2.8863e-029,1.82205e-029,5.03561e-030,3.35408e-029,1.21362e-028,1.92249e-028,1.21362e-028,3.35408e-029,1.0062e-028,3.64076e-028,5.76733e-028,3.64076e-028,1.0062e-028,1.18793e-028,4.29831e-028,6.80895e-028,4.29831e-028,1.18793e-028,5.6044e-029,2.02785e-028,3.21232e-028,2.02785e-028,5.6044e-029
106,32.5802,2.04147e-030,7.38669e-030,1.17013e-029,7.38669e-030,2.04147e-030,1.33264e-029,4.82194e-029,7.63843e-029,4.82194e-029,1.33264e-029,3.9346e-029,1.42367e-028,2.25523e-028,1.42367e-028,3.9346e-029,4.59331e-029,1.66201e-028,2.63279e-028,1.66201e-028,4.59331e-029,2.14905e-029,7.77596e-029,1.23179e-028,7.77596e-029,2.14905e-029
107,33.5818,8.18459e-031,2.96145e-030,4.69124e-030,2.96145e-030,8.18459e-031,5.33367e-030,1.9299e-029,3.05715e-029,1.9299e-029,5.33367e-030,1.5325e-029,5.54509e-029,8.78397e-029,5.54509e-029,1.5325e-029,1.70362e-029,6.16424e-029,9.76477e-029,6.16424e-029,1.70362e-029,7.52398e-030,2.72242e-029,4.31259e-029,2.72242e-029,7.52398e-030
108,34.6128,2.91498e-031,1.05474e-030,1.67081e-030,1.05474e-030,2.91498e-031,1.9291e-030,6.98013e-030,1.10572e-029,6.98013e-030,1.9291e-030,5.69508e-030,2.06067e-029,3.2643e-029,2.06067e-029,5.69508e-030,6.48159e-030,2.34525e-029,3.71511e-029,2.34525e-029,6.48159e-030,2.90583e-030,1.05142e-029,1.66556e-029,1.05142e-029,2.90583e-030
109,35.674,1.36397e-031,4.93528e-031,7.81797e-031,4.93528e-031,1.36397e-031,8.63759e-031,3.12536e-030,4.95088e-030,3.12536e-030,8.63759e-031,2.44699e-030,8.854e-030,1.40256e-029,8.854e-030,2.44699e-030,2.67989e-030,9.69671e-030,1.53606e-029,9.69671e-030,2.67989e-030,1.14882e-030,4.15682e-030,6.58481e-030,4.15682e-030,1.14882e-030
110,36.7663,4.35993e-032,1.57757e-031,2.49902e-031,1.57757e-031,4.35993e-032,2.57216e-031,9.30691e-031,1.47431e-030,9.30691e-031,2.57216e-031,6.91003e-031,2.50028e-030,3.96069e-030,2.50028e-030,6.91003e-031,7.69691e-031,2.78499e-030,4.41171e-030,2.78499e-030,7.69691e-031,3.53718e-031,1.27987e-030,2.02744e-030,1.27987e-030,3.53718e-031
111,37.8906,1.38572e-032,5.01398e-032,7.94264e-032,5.01398e-032,1.38572e-032,8.54132e-032,3.09053e-031,4.8957e-031,3.09053e-031,8.54132e-032,2.43706e-031,8.81807e-031,1.39687e-030,8.81807e-031,2.43706e-031,2.89633e-031,1.04799e-030,1.66011e-030,1.04799e-030,2.89633e-031,1.42242e-031,5.14677e-031,8.153e-031,5.14677e-031,1.42242e-031
112,39.0479,4.92128e-033,1.78068e-032,2.82077e-032,1.78068e-032,4.92128e-033,2.96346e-032,1.07228e-031,1.6986e-031,1.07228e-031,2.96346e-032,8.41822e-032,3.04599e-031,4.82515e-031,3.04599e-031,8.41822e-032,1.00639e-031,3.64145e-031,5.76841e-031,3.64145e-031,1.00639e-031,4.97481e-032,1.80005e-031,2.85146e-031,1.80005e-031,4.97481e-032
113,40.239,1.94524e-033,7.0385e-033,1.11497e-032,7.0385e-033,1.94524e-033,1.13421e-032,4.10393e-032,6.50103e-032,4.10393e-032,1.13421e-032,3.0816e-032,1.11503e-031,1.76631e-031,1.11503e-031,3.0816e-032,3.48336e-032,1.26039e-031,1.99659e-031,1.26039e-031,3.48336e-032,1.62775e-032,5.88974e-032,9.32994e-032,5.88974e-032,1.62775e-032
114,41.4651,8.66095e-034,3.13382e-033,4.96428e-033,3.13382e-033,8.66095e-034,4.90389e-033,1.77439e-032,2.81081e-032,1.77439e-032,4.90389e-033,1.19359e-032,4.31881e-032,6.84142e-032,4.31881e-032,1.19359e-032,1.23207e-032,4.45802e-032,7.06195e-032,4.45802e-032,1.23207e-032,5.6533e-033,2.04555e-032,3.24035e-032,2.04555e-032,5.6533e-033
115,42.7271,2.81397e-034,1.01819e-033,1.61291e-033,1.01819e-033,2.81397e-034,1.64996e-033,5.97011e-033,9.45724e-033,5.97011e-033,1.64996e-033,4.15123e-033,1.50205e-032,2.3794e-032,1.50205e-032,4.15123e-033,4.48946e-033,1.62443e-032,2.57327e-032,1.62443e-032,4.48946e-033,2.19667e-033,7.94827e-033,1.25909e-032,7.94827e-033,2.19667e-033
116,44.0261,1.1325e-034,4.09774e-034,6.49123e-034,4.09774e-034,1.1325e-034,6.51019e-034,2.3556e-033,3.7315e-033,2.3556e-033,6.51019e-034,1.54874e-033,5.60385e-033,8.87706e-033,5.60385e-033,1.54874e-033,1.52039e-033,5.50127e-033,8.71456e-033,5.50127e-033,1.52039e-033,6.74666e-034,2.44116e-033,3.86705e-033,2.44116e-033,6.74666e-034
117,45.3631,3.94893e-035,1.42885e-034,2.26344e-034,1.42885e-034,3.94893e-035,2.40693e-034,8.70904e-034,1.3796e-033,8.70904e-034,2.40693e-034,6.14053e-034,2.22185e-033,3.51962e-033,2.22185e-033,6.14053e-034,6.24291e-034,2.25889e-033,3.57831e-033,2.25889e-033,6.24291e-034,2.71282e-034,9.81587e-034,1.55493e-033,9.81587e-034,2.71282e-034
118,46.7394,1.37647e-035,4.98053e-035,7.88965e-035,4.98053e-035,1.37647e-035,8.17414e-035,2.95767e-034,4.68525e-034,2.95767e-034,8.17414e-035,2.05105e-034,7.42136e-034,1.17562e-033,7.42136e-034,2.05105e-034,2.06356e-034,7.46665e-034,1.18279e-033,7.46665e-034,2.06356e-034,8.88515e-035,3.21494e-034,5.09278e-034,3.21494e-034,8.88515e-035
119,48.1559,4.75472e-036,1.72041e-035,2.72531e-035,1.72041e-035,4.75472e-036,2.82923e-035,1.02371e-034,1.62166e-034,1.02371e-034,2.82923e-035,7.36866e-035,2.66622e-034,4.22356e-034,2.66622e-034,7.36866e-035,7.82699e-035,2.83206e-034,4.48627e-034,2.83206e-034,7.82699e-035,3.56138e-035,1.28862e-034,2.04131e-034,1.28862e-034,3.56138e-035
120,49.614,1.88617e-036,6.82479e-036,1.08111e-035,6.82479e-036,1.88617e-036,1.10165e-035,3.98614e-035,6.31444e-035,3.98614e-035,1.10165e-035,2.64202e-035,9.5597e-035,1.51435e-034,9.5597e-035,2.64202e-035,2.48973e-035,9.00865e-035,1.42706e-034,9.00865e-035,2.48973e-035,9.98674e-036,3.61353e-035,5.72419e-035,3.61353e-035,9.98674e-036
121,51.1148,6.52677e-037,2.3616e-036,3.74101e-036,2.3616e-036,6.52677e-037,3.99065e-036,1.44395e-035,2.28736e-035,1.44395e-035,3.99065e-036,9.37123e-036,3.39082e-035,5.37139e-035,3.39082e-035,9.37123e-036,8.35819e-036,3.02427e-035,4.79074e-035,3.02427e-035,8.35819e-036,3.26729e-036,1.18221e-035,1.87274e-035,1.18221e-035,3.26729e-036
122,52.6596,2.21813e-037,8.02591e-037,1.27138e-036,8.02591e-037,2.21813e-037,1.3419e-036,4.85545e-036,7.69151e-036,4.85545e-036,1.3419e-036,3.47523e-036,1.25745e-035,1.99193e-035,1.25745e-035,3.47523e-036,3.39835e-036,1.22964e-035,1.94786e-035,1.22964e-035,3.39835e-036,1.30199e-036,4.71101e-036,7.46271e-036,4.71101e-036,1.30199e-036
123,54.2497,7.87608e-038,2.84982e-037,4.5144e-037,2.84982e-037,7.87608e-038,4.64983e-037,1.68246e-036,2.66519e-036,1.68246e-036,4.64983e-037,1.20373e-036,4.35549e-036,6.89953e-036,4.35549e-036,1.20373e-036,1.18514e-036,4.28822e-036,6.79297e-036,4.28822e-036,1.18514e-036,4.53686e-037,1.64158e-036,2.60043e-036,1.64158e-036,4.53686e-037
124,55.8863,2.82584e-038,1.02248e-037,1.61971e-037,1.02248e-037,2.82584e-038,1.67589e-037,6.06393e-037,9.60588e-037,6.06393e-037,1.67589e-037,4.32046e-037,1.56328e-036,2.47639e-036,1.56328e-036,4.32046e-037,4.23888e-037,1.53377e-036,2.42964e-036,1.53377e-036,4.23888e-037,1.62179e-037,5.86818e-037,9.29578e-037,5.86818e-037,1.62179e-037
125,57.5709,1.03381e-038,3.74068e-038,5.92561e-038,3.74068e-038,1.03381e-038,6.21311e-038,2.2481e-037,3.56122e-037,2.2481e-037,6.21311e-038,1.59908e-037,5.78599e-037,9.16558e-037,5.78599e-037,1.59908e-037,1.52696e-037,5.52504e-037,8.75221e-037,5.52504e-037,1.52696e-037,5.51684e-038,1.99617e-037,3.16213e-037,1.99617e-037,5.51684e-038
126,59.3049,3.52662e-039,1.27605e-038,2.02138e-038,1.27605e-038,3.52662e-039,2.13035e-038,7.7083e-038,1.22107e-037,7.7083e-038,2.13035e-038,5.9331e-038,2.14679e-037,3.40073e-037,2.14679e-037,5.9331e-038,6.35483e-038,2.29938e-037,3.64245e-037,2.29938e-037,6.35483e-038,2.61758e-038,9.47126e-038,1.50034e-037,9.47126e-038,2.61758e-038
127,61.0897,1.26582e-039,4.58016e-039,7.25544e-039,4.58016e-039,1.26582e-039,6.58925e-039,2.38421e-038,3.77682e-038,2.38421e-038,6.58925e-039,1.54156e-038,5.57788e-038,8.83592e-038,5.57788e-038,1.54156e-038,1.44307e-038,5.22151e-038,8.27139e-038,5.22151e-038,1.44307e-038,5.41541e-039,1.95947e-038,3.104e-038,1.95947e-038,5.41541e-039
128,62.9268,4.3211e-040,1.56352e-039,2.47677e-039,1.56352e-039,4.3211e-040,2.30946e-039,8.35637e-039,1.32373e-038,8.35637e-039,2.30946e-039,5.59158e-039,2.02322e-038,3.20498e-038,2.02322e-038,5.59158e-039,5.49765e-039,1.98923e-038,3.15114e-038,1.98923e-038,5.49765e-039,2.25488e-039,8.15888e-039,1.29245e-038,8.15888e-039,2.25488e-039
129,64.8177,1.41184e-040,5.1085e-040,8.09237e-040,5.1085e-040,1.41184e-040,8.20343e-040,2.96827e-039,4.70203e-039,2.96827e-039,8.20343e-040,2.04195e-039,7.38844e-039,1.1704e-038,7.38844e-039,2.04195e-039,1.99696e-039,7.22564e-039,1.14461e-038,7.22564e-039,1.99696e-039,8.0045e-040,2.89629e-039,4.58801e-039,2.89629e-039,8.0045e-040
130,66.7641,5.13528e-041,1.85811e-040,2.94344e-040,1.85811e-040,5.13528e-041,3.08009e-040,1.11448e-039,1.76544e-039,1.11448e-039,3.08009e-040,7.99956e-040,2.8945e-039,4.58518e-039,2.8945e-039,7.99956e-040,8.02596e-040,2.90406e-039,4.60031e-039,2.90406e-039,8.02596e-040,3.20761e-040,1.16062e-039,1.83853e-039,1.16062e-039,3.20761e-040
131,68.7675,1.79455e-041,6.49325e-041,1.0286e-040,6.49325e-041,1.79455e-041,9.91929e-041,3.58912e-040,5.68553e-040,3.58912e-040,9.91929e-041,2.33328e-040,8.44258e-040,1.33739e-039,8.44258e-040,2.33328e-040,2.25065e-040,8.14357e-040,1.29002e-039,8.14357e-040,2.25065e-040,9.49386e-041,3.43519e-040,5.44168e-040,3.43519e-040,9.49386e-041
132,70.8295,6.16359e-042,2.23019e-041,3.53284e-041,2.23019e-041,6.16359e-042,3.17011e-041,1.14705e-040,1.81704e-040,1.14705e-040,3.17011e-041,6.89189e-041,2.49371e-040,3.95029e-040,2.49371e-040,6.89189e-041,6.48394e-041,2.3461e-040,3.71646e-040,2.3461e-040,6.48394e-041,2.87576e-041,1.04054e-040,1.64832e-040,1.04054e-040,2.87576e-041
133,72.9521,2.34848e-042,8.49756e-042,1.3461e-041,8.49756e-042,2.34848e-042,1.26407e-041,4.57383e-041,7.24541e-041,4.57383e-041,1.26407e-041,2.9897e-041,1.08177e-040,1.71363e-040,1.08177e-040,2.9897e-041,3.00925e-041,1.08885e-040,1.72484e-040,1.08885e-040,3.00925e-041,1.33658e-041,4.83619e-041,7.66101e-041,4.83619e-041,1.33658e-041
134,75.1368,6.11425e-043,2.21234e-042,3.50456e-042,2.21234e-042,6.11425e-043,3.29337e-042,1.19165e-041,1.88769e-041,1.19165e-041,3.29337e-042,7.75571e-042,2.80627e-041,4.44541e-041,2.80627e-041,7.75571e-042,7.53184e-042,2.72527e-041,4.31709e-041,2.72527e-041,7.53184e-042,3.20711e-042,1.16044e-041,1.83825e-041,1.16044e-041,3.20711e-042
135,77.3855,2.15533e-043,7.7987e-043,1.23539e-042,7.7987e-043,2.15533e-043,1.16658e-042,4.22108e-042,6.68661e-042,4.22108e-042,1.16658e-042,2.69019e-042,9.73399e-042,1.54196e-041,9.73399e-042,2.69019e-042,2.40517e-042,8.70268e-042,1.37859e-041,8.70268e-042,2.40517e-042,8.85221e-043,3.20302e-042,5.0739e-042,3.20302e-042,8.85221e-043
136,79.7002,8.14186e-044,2.94599e-043,4.66674e-043,2.94599e-043,8.14186e-044,4.30637e-043,1.55819e-042,2.46832e-042,1.55819e-042,4.30637e-043,9.68555e-043,3.50455e-042,5.55156e-042,3.50455e-042,9.68555e-043,8.52925e-043,3.08616e-042,4.88879e-042,3.08616e-042,8.52925e-043,3.12032e-043,1.12903e-042,1.7885e-042,1.12903e-042,3.12032e-043
137,82.0826,3.05538e-044,1.10554e-043,1.75128e-043,1.10554e-043,3.05538e-044,1.65247e-043,5.97917e-043,9.4716e-043,5.97917e-043,1.65247e-043,3.75842e-043,1.35992e-042,2.15425e-042,1.35992e-042,3.75842e-043,3.27888e-043,1.1864e-042,1.87938e-042,1.1864e-042,3.27888e-043,1.16359e-043,4.21024e-043,6.66943e-043,4.21024e-043,1.16359e-043
138,84.5349,9.94354e-045,3.5979e-044,5.69943e-044,3.5979e-044,9.94354e-045,5.2088e-044,1.88472e-043,2.98558e-043,1.88472e-043,5.2088e-044,1.13847e-043,4.11937e-043,6.52548e-043,4.11937e-043,1.13847e-043,9.59992e-044,3.47357e-043,5.50248e-043,3.47357e-043,9.59992e-044,3.36347e-044,1.21701e-043,1.92787e-043,1.21701e-043,3.36347e-044
139,87.0591,3.02784e-045,1.09557e-044,1.73549e-044,1.09557e-044,3.02784e-045,1.44764e-044,5.23805e-044,8.2976e-044,5.23805e-044,1.44764e-044,3.10349e-044,1.12294e-043,1.77885e-043,1.12294e-043,3.10349e-044,2.71605e-044,9.82757e-044,1.55678e-043,9.82757e-044,2.71605e-044,9.95063e-045,3.60047e-044,5.7035e-044,3.60047e-044,9.95063e-045
140,89.6572,1.09343e-045,3.95637e-045,6.26729e-045,3.95637e-045,1.09343e-045,5.47485e-045,1.98098e-044,3.13807e-044,1.98098e-044,5.47485e-045,1.23618e-044,4.47292e-044,7.08555e-044,4.47292e-044,1.23618e-044,1.12772e-044,4.08048e-044,6.46388e-044,4.08048e-044,1.12772e-044,4.23288e-045,1.53159e-044,2.4262e-044,1.53159e-044,4.23288e-045
141,92.3314,3.48328e-046,1.26037e-045,1.99654e-045,1.26037e-045,3.48328e-046,1.66727e-045,6.03273e-045,9.55644e-045,6.03273e-045,1.66727e-045,3.62388e-045,1.31124e-044,2.07713e-044,1.31124e-044,3.62388e-045,3.19139e-045,1.15475e-044,1.82924e-044,1.15475e-044,3.19139e-045,1.15712e-045,4.18684e-045,6.63237e-045,4.18684e-045,1.15712e-045
142,95.084,1.15603e-046,4.18288e-046,6.62609e-046,4.18288e-046,1.15603e-046,5.70773e-046,2.06524e-045,3.27155e-045,2.06524e-045,5.70773e-046,1.22587e-045,4.43562e-045,7.02646e-045,4.43562e-045,1.22587e-045,1.04593e-045,3.7845e-045,5.99502e-045,3.7845e-045,1.04593e-045,3.62332e-046,1.31103e-045,2.07681e-045,1.31103e-045,3.62332e-046
143,97.9173,4.13281e-047,1.49539e-046,2.36884e-046,1.49539e-046,4.13281e-047,2.0444e-046,7.3973e-046,1.17181e-045,7.3973e-046,2.0444e-046,4.41296e-046,1.59675e-045,2.52942e-045,1.59675e-045,4.41296e-046,3.75685e-046,1.35935e-045,2.15335e-045,1.35935e-045,3.75685e-046,1.27777e-046,4.62339e-046,7.32391e-046,4.62339e-046,1.27777e-046
144,100.834,1.46799e-047,5.31168e-047,8.41424e-047,5.31168e-047,1.46799e-047,7.23305e-047,2.61715e-046,4.14583e-046,2.61715e-046,7.23305e-047,1.51692e-046,5.48873e-046,8.69469e-046,5.48873e-046,1.51692e-046,1.24388e-046,4.50078e-046,7.12968e-046,4.50078e-046,1.24388e-046,4.11477e-047,1.48886e-046,2.3585e-046,1.48886e-046,4.11477e-047
145,103.835,4.46368e-048,1.6151e-047,2.55849e-047,1.6151e-047,4.46368e-048,2.17988e-047,7.88754e-047,1.24946e-046,7.88754e-047,2.17988e-047,4.56012e-047,1.65e-046,2.61377e-046,1.65e-046,4.56012e-047,4.01779e-047,1.45377e-046,2.30291e-046,1.45377e-046,4.01779e-047,1.58559e-047,5.73718e-047,9.08826e-047,5.73718e-047,1.58559e-047
146,106.925,1.51477e-048,5.48094e-048,8.68236e-048,5.48094e-048,1.51477e-048,7.06849e-048,2.55761e-047,4.05151e-047,2.55761e-047,7.06849e-048,1.41703e-047,5.12729e-047,8.12214e-047,5.12729e-047,1.41703e-047,1.21606e-047,4.40012e-047,6.97023e-047,4.40012e-047,1.21606e-047,4.73682e-048,1.71394e-047,2.71504e-047,1.71394e-047,4.73682e-048
147,110.105,4.31328e-049,1.56069e-048,2.47228e-048,1.56069e-048,4.31328e-049,2.23141e-048,8.07398e-048,1.279e-047,8.07398e-048,2.23141e-048,4.96375e-048,1.79605e-047,2.84512e-047,1.79605e-047,4.96375e-048,4.46005e-048,1.61379e-047,2.55641e-047,1.61379e-047,4.46005e-048,1.73197e-048,6.26684e-048,9.9273e-048,6.26684e-048,1.73197e-048
148,113.379,1.49114e-049,5.39543e-049,8.5469e-049,5.39543e-049,1.49114e-049,7.37752e-049,2.66943e-048,4.22864e-048,2.66943e-048,7.37752e-049,1.58805e-048,5.74609e-048,9.10237e-048,5.74609e-048,1.58805e-048,1.42807e-048,5.16721e-048,8.18538e-048,5.16721e-048,1.42807e-048,5.71327e-049,2.06725e-048,3.27473e-048,2.06725e-048,5.71327e-049
149,116.748,4.61465e-050,1.66973e-049,2.64502e-049,1.66973e-049,4.61465e-050,2.34923e-049,8.5003e-049,1.34653e-048,8.5003e-049,2.34923e-049,5.21876e-049,1.88832e-048,2.99129e-048,1.88832e-048,5.21876e-049,4.75374e-049,1.72006e-048,2.72474e-048,1.72006e-048,4.75374e-049,1.90421e-049,6.89005e-049,1.09145e-048,6.89005e-049,1.90421e-049
150,120.216,1.69298e-050,6.12574e-050,9.70378e-050,6.12574e-050,1.69298e-050,8.68876e-050,3.14388e-049,4.98021e-049,3.14388e-049,8.68876e-050,1.84293e-049,6.66834e-049,1.05633e-048,6.66834e-049,1.84293e-049,1.48786e-049,5.38356e-049,8.5281e-049,5.38356e-049,1.48786e-049,4.9915e-050,1.80609e-049,2.86102e-049,1.80609e-049,4.9915e-050
151,123.786,4.85595e-051,1.75704e-050,2.78333e-050,1.75704e-050,4.85595e-051,2.33676e-050,8.45517e-050,1.33938e-049,8.45517e-050,2.33676e-050,5.03116e-050,1.82044e-049,2.88375e-049,1.82044e-049,5.03116e-050,4.34159e-050,1.57093e-049,2.48851e-049,1.57093e-049,4.34159e-050,1.53613e-050,5.55823e-050,8.80479e-050,5.55823e-050,1.53613e-050
152,127.461,1.58072e-051,5.71957e-051,9.06037e-051,5.71957e-051,1.58072e-051,7.55795e-051,2.73471e-050,4.33206e-050,2.73471e-050,7.55795e-051,1.65573e-050,5.99098e-050,9.49031e-050,5.99098e-050,1.65573e-050,1.49637e-050,5.41437e-050,8.57689e-050,5.41437e-050,1.49637e-050,5.69135e-051,2.05932e-050,3.26216e-050,2.05932e-050,5.69135e-051
153,131.243,5.14153e-052,1.86037e-051,2.94702e-051,1.86037e-051,5.14153e-052,2.46317e-051,8.91255e-051,1.41184e-050,8.91255e-051,2.46317e-051,5.33667e-051,1.93098e-050,3.05887e-050,1.93098e-050,5.33667e-051,4.74504e-051,1.71691e-050,2.71976e-050,1.71691e-050,4.74504e-051,1.77971e-051,6.43958e-051,1.02009e-050,6.43958e-051,1.77971e-051
154,135.136,1.75499e-052,6.35014e-052,1.00593e-051,6.35014e-052,1.75499e-052,8.47725e-052,3.06735e-051,4.85898e-051,3.06735e-051,8.47725e-052,1.85903e-051,6.72659e-051,1.06556e-050,6.72659e-051,1.85903e-051,1.66961e-051,6.0412e-051,9.56986e-051,6.0412e-051,1.66961e-051,6.29085e-052,2.27624e-051,3.60579e-051,2.27624e-051,6.29085e-052
155,139.143,5.70999e-053,2.06606e-052,3.27285e-052,2.06606e-052,5.70999e-053,2.79669e-052,1.01194e-051,1.60301e-051,1.01194e-051,2.79669e-052,6.25566e-052,2.2635e-051,3.58562e-051,2.2635e-051,6.25566e-052,5.67003e-052,2.0516e-051,3.24994e-051,2.0516e-051,5.67003e-052,2.11257e-052,7.64398e-052,1.21088e-051,7.64398e-052,2.11257e-052
156,143.267,1.90496e-053,6.89276e-053,1.09188e-052,6.89276e-053,1.90496e-053,8.80753e-053,3.18685e-052,5.04829e-052,3.18685e-052,8.80753e-053,1.82497e-052,6.60334e-052,1.04604e-051,6.60334e-052,1.82497e-052,1.60316e-052,5.80076e-052,9.18897e-052,5.80076e-052,1.60316e-052,6.2989e-053,2.27915e-052,3.6104e-052,2.27915e-052,6.2989e-053
157,147.512,6.18645e-054,2.23846e-053,3.54595e-053,2.23846e-053,6.18645e-054,2.8289e-053,1.02359e-052,1.62147e-052,1.02359e-052,2.8289e-053,5.65414e-053,2.04585e-052,3.24083e-052,2.04585e-052,5.65414e-053,4.57773e-053,1.65637e-052,2.62386e-052,1.65637e-052,4.57773e-053,1.58915e-053,5.75005e-053,9.10866e-053,5.75005e-053,1.58915e-053
158,151.882,1.935e-054,7.00148e-054,1.1091e-053,7.00148e-054,1.935e-054,8.78332e-054,3.17809e-053,5.03442e-053,3.17809e-053,8.78332e-054,1.7578e-053,6.36031e-053,1.00754e-052,6.36031e-053,1.7578e-053,1.43302e-053,5.18515e-053,8.2138e-053,5.18515e-053,1.43302e-053,5.01734e-054,1.81544e-053,2.87584e-053,1.81544e-053,5.01734e-054
159,156.38,6.45788e-055,2.33667e-054,3.70152e-054,2.33667e-054,6.45788e-055,2.94267e-054,1.06475e-053,1.68668e-053,1.06475e-053,2.94267e-054,5.93599e-054,2.14784e-053,3.40239e-053,2.14784e-053,5.93599e-054,4.89879e-054,1.77254e-053,2.80788e-053,1.77254e-053,4.89879e-054,1.74118e-054,6.30015e-054,9.98007e-054,6.30015e-054,1.74118e-054
160,161.009,2.17317e-055,7.86325e-055,1.24562e-054,7.86325e-055,2.17317e-055,9.79799e-055,3.54524e-054,5.61601e-054,3.54524e-054,9.79799e-055,1.95962e-054,7.09055e-054,1.12321e-053,7.09055e-054,1.95962e-054,1.6053e-054,5.80851e-054,9.20126e-054,5.80851e-054,1.6053e-054,5.67012e-055,2.05164e-054,3.25e-054,2.05164e-054,5.67012e-055
161,165.774,7.26699e-056,2.62944e-055,4.16529e-055,2.62944e-055,7.26699e-056,3.28903e-055,1.19008e-054,1.8852e-054,1.19008e-054,3.28903e-055,6.57809e-055,2.38017e-054,3.77042e-054,2.38017e-054,6.57809e-055,5.37878e-055,1.94622e-054,3.083e-054,1.94622e-054,5.37878e-055,1.89648e-055,6.8621e-055,1.08703e-054,6.8621e-055,1.89648e-055
162,170.679,2.35135e-056,8.50797e-056,1.34775e-055,8.50797e-056,2.35135e-056,1.06411e-055,3.85029e-055,6.09924e-055,3.85029e-055,1.06411e-055,2.11748e-055,7.66172e-055,1.21369e-054,7.66172e-055,2.11748e-055,1.72277e-055,6.23356e-055,9.87458e-055,6.23356e-055,1.72277e-055,6.0456e-056,2.1875e-055,3.46521e-055,2.1875e-055,6.0456e-056
163,175.728,7.53649e-057,2.72695e-056,4.31976e-056,2.72695e-056,7.53649e-057,3.33053e-056,1.2051e-055,1.90899e-055,1.2051e-055,3.33053e-056,6.47872e-056,2.34421e-055,3.71347e-055,2.34421e-055,6.47872e-056,5.18653e-056,1.87666e-055,2.97281e-055,1.87666e-055,5.18653e-056,1.80649e-056,6.53647e-056,1.03544e-055,6.53647e-056,1.80649e-056
164,180.924,2.44914e-057,8.86178e-057,1.40379e-056,8.86178e-057,2.44914e-057,1.06677e-056,3.85993e-056,6.11452e-056,3.85993e-056,1.06677e-056,2.02619e-056,7.33141e-056,1.16137e-055,7.33141e-056,2.02619e-056,1.57411e-056,5.69564e-056,9.02246e-056,5.69564e-056,1.57411e-056,5.31383e-057,1.92272e-056,3.04577e-056,1.92272e-056,5.31383e-057
165,186.273,8.04319e-058,2.91029e-057,4.61019e-057,2.91029e-057,8.04319e-058,3.49491e-057,1.26457e-056,2.00321e-056,1.26457e-056,3.49491e-057,6.61233e-057,2.39256e-056,3.79005e-056,2.39256e-056,6.61233e-057,5.11088e-057,1.84928e-056,2.92945e-056,1.84928e-056,5.11088e-057,1.71551e-057,6.20728e-057,9.83295e-057,6.20728e-057,1.71551e-057
166,191.779,2.58905e-058,9.36801e-058,1.48399e-057,9.36801e-058,2.58905e-058,1.1459e-057,4.14624e-057,6.56805e-057,4.14624e-057,1.1459e-057,2.21504e-057,8.01475e-057,1.26962e-056,8.01475e-057,2.21504e-057,1.72878e-057,6.25531e-057,9.90903e-057,6.25531e-057,1.72878e-057,5.81541e-058,2.1042e-057,3.33327e-057,2.1042e-057,5.81541e-058
167,197.446,8.30851e-059,3.00629e-058,4.76227e-058,3.00629e-058,8.30851e-059,3.56418e-058,1.28964e-057,2.04292e-057,1.28964e-057,3.56418e-058,6.85443e-058,2.48016e-057,3.92881e-057,2.48016e-057,6.85443e-058,5.45065e-058,1.97222e-057,3.1242e-057,1.97222e-057,5.45065e-058,1.87133e-058,6.77108e-058,1.07261e-057,6.77108e-058,1.87133e-058
168,203.279,2.89099e-059,1.04606e-058,1.65706e-058,1.04606e-058,2.89099e-059,1.20305e-058,4.35301e-058,6.89561e-058,4.35301e-058,1.20305e-058,2.29605e-058,8.30787e-058,1.31605e-057,8.30787e-058,2.29605e-058,1.82465e-058,6.60217e-058,1.04585e-057,6.60217e-058,1.82465e-058,6.23266e-059,2.25518e-058,3.57243e-058,2.25518e-058,6.23266e-059
169,209.282,8.09064e-060,2.92746e-059,4.63738e-059,2.92746e-059,8.09064e-060,3.67285e-059,1.32896e-058,2.1052e-058,1.32896e-058,3.67285e-059,7.0181e-059,2.53938e-058,4.02263e-058,2.53938e-058,7.0181e-059,5.47692e-059,1.98173e-058,3.13926e-058,1.98173e-058,5.47692e-059,1.88629e-059,6.82522e-059,1.08118e-058,6.82522e-059,1.88629e-059
170,215.462,2.50363e-060,9.05896e-060,1.43503e-059,9.05896e-060,2.50363e-060,1.13882e-059,4.12063e-059,6.52749e-059,4.12063e-059,1.13882e-059,2.17628e-059,7.8745e-059,1.2474e-058,7.8745e-059,2.17628e-059,1.66748e-059,6.03348e-059,9.55764e-059,6.03348e-059,1.66748e-059,5.51446e-060,1.99531e-059,3.16077e-059,1.99531e-059,5.51446e-060
171,221.823,7.94414e-061,2.87445e-060,4.55341e-060,2.87445e-060,7.94414e-061,3.52528e-060,1.27556e-059,2.02061e-059,1.27556e-059,3.52528e-060,6.59496e-060,2.38627e-059,3.78009e-059,2.38627e-059,6.59496e-060,5.00117e-060,1.80959e-059,2.86657e-059,1.80959e-059,5.00117e-060,1.65498e-060,5.98827e-060,9.48602e-060,5.98827e-060,1.65498e-060
172,228.37,2.84282e-061,1.02863e-060,1.62945e-060,1.02863e-060,2.84282e-061,1.23271e-060,4.46034e-060,7.06562e-060,4.46034e-060,1.23271e-060,2.22797e-060,8.06154e-060,1.27703e-059,8.06154e-060,2.22797e-060,1.6523e-060,5.97855e-060,9.47062e-060,5.97855e-060,1.6523e-060,5.43373e-061,1.9661e-060,3.1145e-060,1.9661e-060,5.43373e-061
173,235.11,6.94495e-062,2.51291e-061,3.9807e-061,2.51291e-061,6.94495e-062,3.2987e-061,1.19358e-060,1.89074e-060,1.19358e-060,3.2987e-061,6.69683e-061,2.42313e-060,3.83848e-060,2.42313e-060,6.69683e-061,5.30922e-061,1.92105e-060,3.04314e-060,1.92105e-060,5.30922e-061,1.77736e-061,6.43107e-061,1.01874e-060,6.43107e-061,1.77736e-061
174,242.046,2.28432e-062,8.26541e-062,1.30932e-061,8.26541e-062,2.28432e-062,1.06364e-061,3.84861e-061,6.09658e-061,3.84861e-061,1.06364e-061,2.13067e-061,7.70946e-061,1.22125e-060,7.70946e-061,2.13067e-061,1.67241e-061,6.05132e-061,9.58589e-061,6.05132e-061,1.67241e-061,5.53992e-062,2.00452e-061,3.17536e-061,2.00452e-061,5.53992e-062
175,249.186,7.52475e-063,2.7227e-062,4.31303e-062,2.7227e-062,7.52475e-063,3.67156e-062,1.32849e-061,2.10446e-061,1.32849e-061,3.67156e-062,7.41988e-062,2.68476e-061,4.25292e-061,2.68476e-061,7.41988e-062,5.70477e-062,2.06417e-061,3.26985e-061,2.06417e-061,5.70477e-062,1.84141e-062,6.66283e-062,1.05546e-061,6.66283e-062,1.84141e-062
176,256.535,2.04126e-063,7.38595e-063,1.17001e-062,7.38595e-063,2.04126e-063,8.95404e-063,3.23987e-062,5.13227e-062,3.23987e-062,8.95404e-063,1.80148e-062,6.51834e-062,1.03257e-061,6.51834e-062,1.80148e-062,1.5058e-062,5.44846e-062,8.63091e-062,5.44846e-062,1.5058e-062,5.3189e-063,1.92455e-062,3.04868e-062,1.92455e-062,5.3189e-063
177,264.1,6.30368e-064,2.28088e-063,3.61314e-063,2.28088e-063,6.30368e-064,2.75817e-063,9.97996e-063,1.58092e-062,9.97996e-063,2.75817e-063,5.53391e-063,2.00235e-062,3.17192e-062,2.00235e-062,5.53391e-063,4.60874e-063,1.66759e-062,2.64164e-062,1.66759e-062,4.60874e-063,1.6207e-063,5.86421e-063,9.28949e-063,5.86421e-063,1.6207e-063
178,271.886,2.11341e-064,7.64699e-064,1.21136e-063,7.64699e-064,2.11341e-064,9.01972e-064,3.26363e-063,5.16991e-063,3.26363e-063,9.01972e-064,1.75978e-063,6.36745e-063,1.00867e-062,6.36745e-063,1.75978e-063,1.42604e-063,5.15988e-063,8.17376e-063,5.15988e-063,1.42604e-063,4.89143e-064,1.76988e-063,2.80367e-063,1.76988e-063,4.89143e-064
179,279.901,6.40009e-065,2.31576e-064,3.6684e-064,2.31576e-064,6.40009e-065,2.87243e-064,1.03934e-063,1.64641e-063,1.03934e-063,2.87243e-064,5.90998e-064,2.13842e-063,3.38748e-063,2.13842e-063,5.90998e-064,4.94329e-064,1.78864e-063,2.83339e-063,1.78864e-063,4.94329e-064,1.68466e-064,6.09564e-064,9.6561e-064,6.09564e-064,1.68466e-064
180,288.15,1.90494e-065,6.89271e-065,1.09187e-064,6.89271e-065,1.90494e-065,8.13112e-065,2.9421e-064,4.66059e-064,2.9421e-064,8.13112e-065,1.54096e-064,5.5757e-064,8.83246e-064,5.5757e-064,1.54096e-064,1.22897e-064,4.44683e-064,7.04422e-064,4.44683e-064,1.22897e-064,4.41605e-065,1.59787e-064,2.53119e-064,1.59787e-064,4.41605e-065
181,296.641,6.32906e-066,2.29006e-065,3.62769e-065,2.29006e-065,6.32906e-066,2.69635e-065,9.75629e-065,1.54549e-064,9.75629e-065,2.69635e-065,5.06814e-065,1.83382e-064,2.90495e-064,1.83382e-064,5.06814e-065,3.98765e-065,1.44286e-064,2.28563e-064,1.44286e-064,3.98765e-065,1.4106e-065,5.10403e-065,8.08528e-065,5.10403e-065,1.4106e-065
182,305.381,1.85603e-066,6.71572e-066,1.06384e-065,6.71572e-066,1.85603e-066,7.92907e-066,2.869e-065,4.54478e-065,2.869e-065,7.92907e-066,1.51147e-065,5.469e-065,8.66344e-065,5.469e-065,1.51147e-065,1.21699e-065,4.40346e-065,6.97552e-065,4.40346e-065,1.21699e-065,4.41923e-066,1.59902e-065,2.53301e-065,1.59902e-065,4.41923e-066
183,314.377,5.42719e-067,1.96373e-066,3.11075e-066,1.96373e-066,5.42719e-067,2.29694e-066,8.3111e-066,1.31656e-065,8.3111e-066,2.29694e-066,4.37724e-066,1.58383e-065,2.50894e-065,1.58383e-065,4.37724e-066,3.54621e-066,1.28314e-065,2.03262e-065,1.28314e-065,3.54621e-066,1.29746e-066,4.69462e-066,7.43674e-066,4.69462e-066,1.29746e-066
184,323.636,1.71546e-067,6.20711e-067,9.83268e-067,6.20711e-067,1.71546e-067,7.15857e-067,2.5902e-066,4.10314e-066,2.5902e-066,7.15857e-067,1.3543e-066,4.90031e-066,7.76259e-066,4.90031e-066,1.3543e-066,1.10753e-066,4.00742e-066,6.34815e-066,4.00742e-066,1.10753e-066,4.16385e-067,1.50662e-066,2.38663e-066,1.50662e-066,4.16385e-067
185,333.167,5.53502e-068,2.00275e-067,3.17256e-067,2.00275e-067,5.53502e-068,2.31481e-067,8.37575e-067,1.3268e-066,8.37575e-067,2.31481e-067,4.28399e-067,1.55009e-066,2.45549e-066,1.55009e-066,4.28399e-067,3.25132e-067,1.17643e-066,1.86359e-066,1.17643e-066,3.25132e-067,1.07001e-067,3.87166e-067,6.13309e-067,3.87166e-067,1.07001e-067
186,342.977,1.66421e-068,6.02166e-068,9.53891e-068,6.02166e-068,1.66421e-068,6.93998e-068,2.51111e-067,3.97785e-067,2.51111e-067,6.93998e-068,1.28533e-067,4.65076e-067,7.36727e-067,4.65076e-067,1.28533e-067,9.80763e-068,3.54872e-067,5.62153e-067,3.54872e-067,9.80763e-068,3.25663e-068,1.17835e-067,1.86663e-067,1.17835e-067,3.25663e-068
187,353.075,5.13212e-069,1.85697e-068,2.94163e-068,1.85697e-068,5.13212e-069,2.08902e-068,7.55877e-068,1.19739e-067,7.55877e-068,2.08902e-068,3.77747e-068,1.36681e-067,2.16516e-067,1.36681e-067,3.77747e-068,2.8286e-068,1.02348e-067,1.6213e-067,1.02348e-067,2.8286e-068,9.29624e-069,3.36368e-068,5.32841e-068,3.36368e-068,9.29624e-069
188,363.469,1.59853e-069,5.78399e-069,9.16241e-069,5.78399e-069,1.59853e-069,6.53157e-069,2.36334e-068,3.74376e-068,2.36334e-068,6.53157e-069,1.18385e-068,4.28357e-068,6.78561e-068,4.28357e-068,1.18385e-068,8.88284e-069,3.2141e-068,5.09146e-068,3.2141e-068,8.88284e-069,2.92525e-069,1.05845e-068,1.67669e-068,1.05845e-068,2.92525e-069
189,374.167,4.73831e-070,1.71448e-069,2.7159e-069,1.71448e-069,4.73831e-070,1.94e-069,7.01957e-069,1.11197e-068,7.01957e-069,1.94e-069,3.52969e-069,1.27716e-068,2.02315e-068,1.27716e-068,3.52969e-069,2.65636e-069,9.61159e-069,1.52257e-068,9.61159e-069,2.65636e-069,8.76179e-070,3.1703e-069,5.02207e-069,3.1703e-069,8.76179e-070
190,385.179,1.46413e-070,5.29771e-070,8.39211e-070,5.29771e-070,1.46413e-070,5.956e-070,2.15507e-069,3.41385e-069,2.15507e-069,5.956e-070,1.08081e-069,3.91072e-069,6.19497e-069,3.91072e-069,1.08081e-069,8.14511e-070,2.94717e-069,4.66861e-069,2.94717e-069,8.14511e-070,2.6945e-070,9.7496e-070,1.54443e-069,9.7496e-070,2.6945e-070
191,396.513,6.19851e-071,2.24282e-070,3.55285e-070,2.24282e-070,6.19851e-071,2.48373e-070,8.98697e-070,1.42362e-069,8.98697e-070,2.48373e-070,4.42199e-070,1.60002e-069,2.53459e-069,1.60002e-069,4.42199e-070,3.26187e-070,1.18025e-069,1.86963e-069,1.18025e-069,3.26187e-070,1.05755e-070,3.82656e-070,6.06164e-070,3.82656e-070,1.05755e-070
192,408.179,0,0,0,0,0,0,0,0,0,0,0,0,0,0,0,0,0,0,0,0,0,0,0,0,0
193,420.188,0,0,0,0,0,0,0,0,0,0,0,0,0,0,0,0,0,0,0,0,0,0,0,0,0
194,432.548,0,0,0,0,0,0,0,0,0,0,0,0,0,0,0,0,0,0,0,0,0,0,0,0,0
195,445.271,0,0,0,0,0,0,0,0,0,0,0,0,0,0,0,0,0,0,0,0,0,0,0,0,0
196,458.366,0,0,0,0,0,0,0,0,0,0,0,0,0,0,0,0,0,0,0,0,0,0,0,0,0
197,471.845,0,0,0,0,0,0,0,0,0,0,0,0,0,0,0,0,0,0,0,0,0,0,0,0,0
198,485.719,0,0,0,0,0,0,0,0,0,0,0,0,0,0,0,0,0,0,0,0,0,0,0,0,0
199,500,0,0,0,0,0,0,0,0,0,0,0,0,0,0,0,0,0,0,0,0,0,0,0,0,0
