gridnumber,capital,dist[0 0 00],dist[0 0 01],dist[0 0 02],dist[0 0 10],dist[0 0 11],dist[0 0 12],dist[0 0 20],dist[0 0 21],dist[0 0 22],dist[0 1 00],dist[0 1 01],dist[0 1 02],dist[0 1 10],dist[0 1 11],dist[0 1 12],dist[0 1 20],dist[0 1 21],dist[0 1 22],dist[0 2 00],dist[0 2 01],dist[0 2 02],dist[0 2 10],dist[0 2 11],dist[0 2 12],dist[0 2 20],dist[0 2 21],dist[0 2 22],dist[1 0 00],dist[1 0 01],dist[1 0 02],dist[1 0 10],dist[1 0 11],dist[1 0 12],dist[1 0 20],dist[1 0 21],dist[1 0 22],dist[1 1 00],dist[1 1 01],dist[1 1 02],dist[1 1 10],dist[1 1 11],dist[1 1 12],dist[1 1 20],dist[1 1 21],dist[1 1 22],dist[1 2 00],dist[1 2 01],dist[1 2 02],dist[1 2 10],dist[1 2 11],dist[1 2 12],dist[1 2 20],dist[1 2 21],dist[1 2 22],dist[2 0 00],dist[2 0 01],dist[2 0 02],dist[2 0 10],dist[2 0 11],dist[2 0 12],dist[2 0 20],dist[2 0 21],dist[2 0 22],dist[2 1 00],dist[2 1 01],dist[2 1 02],dist[2 1 10],dist[2 1 11],dist[2 1 12],dist[2 1 20],dist[2 1 21],dist[2 1 22],dist[2 2 00],dist[2 2 01],dist[2 2 02],dist[2 2 10],dist[2 2 11],dist[2 2 12],dist[2 2 20],dist[2 2 21],dist[2 2 22]
0,0,0.0252735,0.0059515,0,0.000153941,3.62522e-005,0,0,0,0,0.00788978,0.0229747,0.00788866,4.80555e-005,0.000139941,4.8052e-005,0,0,0,0,0.00595233,0.0252726,0,3.62548e-005,0.000153939,0,0,0,0.0135471,0.00319007,0,0.0178568,0.00420505,0,0.000153941,3.62522e-005,0,0.00422913,0.0123149,0.00422841,0.00557443,0.0162327,0.00557376,4.80555e-005,0.000139941,4.8052e-005,0,0.00319061,0.0135466,0,0.00420555,0.0178563,0,3.62548e-005,0.000153939,0,0,0,0.0101643,0.00239349,0,0.0152631,0.00359426,0,0,0,0,0.00317308,0.00923977,0.00317255,0.00476475,0.0138749,0.00476416,0,0,0,0,0.00239389,0.0101639,0,0.0035947,0.0152627
1,0.0572595,0.00950041,0.00223553,0,0.000333316,7.84901e-005,0,0,0,0,0.00296751,0.00863477,0.00296316,0.000104054,0.000303,0.000104038,0,0,0,0,0.00223878,0.00949716,0,7.8502e-005,0.000333304,0,0,0,0.00259043,0.000608867,0,0.00921071,0.00216804,0,0.000403467,9.50104e-005,0,0.000809853,0.00235374,0.00080704,0.00287631,0.00837212,0.00287371,0.000125953,0.000366771,0.000125936,0,0.000610971,0.00258833,0,0.00216998,0.00920878,0,9.50232e-005,0.000403455,0,0,0,0.0019679,0.000462558,0,0.00786583,0.00185146,0,0,0,0,0.000615216,0.00178811,0.00061311,0.00245635,0.00714966,0.00245409,0,0,0,0,0.000464132,0.00196633,0,0.00185315,0.00786414
2,0.116568,0.00853404,0.00201001,0,0.00301033,0.000708873,0,0,0,0,0.00266463,0.00775728,0.00266427,0.000939766,0.00273652,0.000939605,0,0,0,0,0.00201029,0.00853376,0,0.000708994,0.00301021,0,0,0,0.00155501,0.000367498,0,0.00877515,0.00206556,0,0.00399752,0.000941345,0,0.000484828,0.00141406,0.000487134,0.00274064,0.00797585,0.00273788,0.00124794,0.00363393,0.00124775,0,0.000365775,0.00155673,0,0.00206763,0.00877308,0,0.000941489,0.00399738,0,0,0,0.00118475,0.000279967,0,0.0103596,0.00243892,0,0,0,0,0.000369402,0.00107734,0.000371107,0.003235,0.00941646,0.00323277,0,0,0,0,0.000278692,0.00118602,0,0.00244059,0.010358
3,0.177999,0.00613473,0.00143561,0,0.00242339,0.000570332,0,0,0,0,0.0019357,0.0055569,0.00190293,0.000757073,0.00220246,0.00075597,0,0,0,0,0.00146011,0.00611024,0,0.000571157,0.00242257,0,0,0,0.00080535,0.000193193,0,0.00659698,0.00153868,0,0.00321913,0.0007577,0,0.00024897,0.000734201,0.000256116,0.00208753,0.0059701,0.00203951,0.0010055,0.00292581,0.00100432,0,0.000187852,0.000810691,0,0.00157457,0.00656109,0,0.000758576,0.00321825,0,0,0,0.00061928,0.000148407,0,0.00793884,0.00185754,0,0,0,0,0.000191629,0.000564402,0.000196742,0.00250115,0.00719495,0.00246216,0,0,0,0,0.000144585,0.000623102,0,0.00188668,0.0079097
4,0.241629,0.00502712,0.00117971,0,0.00265494,0.000624001,0,0,0,0,0.00159512,0.00454428,0.00156387,0.000830503,0.00241188,0.000827103,0,0,0,0,0.00120307,0.00500376,0,0.000626542,0.0026524,0,0,0,0.000461632,0.000108312,0,0.00553752,0.0012994,0,0.00353503,0.000830863,0,0.000144585,0.000419207,0.000143565,0.00176021,0.0050025,0.00172257,0.00110564,0.00321155,0.00110129,0,0.000109075,0.00046087,0,0.00132753,0.00550939,0,0.000834114,0.00353178,0,0,0,0.000357816,8.39506e-005,0,0.00732425,0.00171976,0,0,0,0,0.000112187,0.000324813,0.000111275,0.00231344,0.00663134,0.0022797,0,0,0,0,8.46322e-005,0.000357135,0,0.00174498,0.00729903
5,0.307536,0.00307647,0.000799165,0,0.00207856,0.00058742,0,0,0,0,0.000937475,0.00281215,0.00106042,0.000616035,0.00191262,0.000780082,0,0,0,0,0.000707272,0.00316837,0,0.000464808,0.00220117,0,0,0,0.000238432,5.4784e-005,0,0.00338677,0.000882122,0,0.00277269,0.000783981,0,7.52793e-005,0.000216031,7.25993e-005,0.00103116,0.00309642,0.00117053,0.000821615,0.00255144,0.00104111,0,5.67871e-005,0.000236429,0,0.000777956,0.00349094,0,0.000619921,0.00293675,0,0,0,0.000184399,4.24024e-005,0,0.00497064,0.00134418,0,0,0,0,5.8207e-005,0.000167084,5.61918e-005,0.0014953,0.00455768,0.00178431,0,0,0,0,4.39087e-005,0.000182893,0,0.00112817,0.00518665
6,0.375801,0.00197177,0.000476166,0,0.00150826,0.00036774,0,0,0,0,0.000599426,0.00180749,0.000631211,0.000465069,0.00137562,0.000487609,0,0,0,0,0.000452409,0.00199553,0,0.000350893,0.00152511,0,0,0,0.000131438,2.99972e-005,0,0.00217417,0.000526444,0,0.00201345,0.000490928,0,4.14349e-005,0.000119174,3.97476e-005,0.000658792,0.00199506,0.000697865,0.000620914,0.00183631,0.000650951,0,3.12583e-005,0.000130177,0,0.00049724,0.00220337,0,0.000468477,0.0020359,0,0,0,0.000101604,2.32308e-005,0,0.00337843,0.000820675,0,0,0,0,3.19533e-005,9.21974e-005,3.07819e-005,0.00103254,0.00309091,0.00108804,0,0,0,0,2.41063e-005,0.000100729,0,0.000779196,0.00341991
7,0.44651,0.0012063,0.000262104,0,0.00101675,0.000204827,0,0,0,0,0.000367428,0.00110807,0.000346928,0.000325513,0.000919636,0.000270946,0,0,0,0,0.000277427,0.00119097,0,0.000245611,0.000975965,0,0,0,6.69669e-005,1.54781e-005,0,0.00133405,0.000290577,0,0.001358,0.000273452,0,2.08366e-005,6.09755e-005,2.05102e-005,0.000404275,0.00122744,0.000384609,0.000434895,0.00122817,0.000361722,0,1.57221e-005,6.67229e-005,0,0.000305276,0.00131935,0,0.000328143,0.00130331,0,0,0,5.18044e-005,1.20119e-005,0,0.00217124,0.000454919,0,0,0,0,1.60359e-005,4.72493e-005,1.59169e-005,0.000676905,0.00198046,0.000601957,0,0,0,0,1.21009e-005,5.17154e-005,0,0.000510937,0.00211522
8,0.519749,0.000713605,0.000146713,0,0.000631968,0.000116717,0,0,0,0,0.000220997,0.00065268,0.000194061,0.000208101,0.00056686,0.000154229,0,0,0,0,0.000166846,0.000693472,0,0.000156982,0.000591703,0,0,0,3.35183e-005,7.80784e-006,0,0.000792209,0.000163303,0,0.00084426,0.000155831,0,1.03511e-005,3.0592e-005,1.03466e-005,0.000244099,0.000725781,0.000216002,0.000278103,0.000757194,0.000205913,0,7.81126e-006,3.35148e-005,0,0.000184303,0.000771208,0,0.000209787,0.000790303,0,0,0,2.60019e-005,6.0812e-006,0,0.00131957,0.000257348,0,0,0,0,7.9776e-006,2.37822e-005,8.05845e-006,0.000421121,0.00119576,0.000340231,0,0,0,0,6.02077e-006,2.60623e-005,0,0.000317807,0.00125911
9,0.595608,0.000411642,8.32164e-005,0,0.000377056,6.80847e-005,0,0,0,0,0.00012871,0.000375402,0.000110055,0.00012575,0.000336766,8.99476e-005,0,0,0,0,9.71599e-005,0.000397699,0,9.4844e-005,0.000350297,0,0,0,1.76813e-005,4.0888e-006,0,0.000457371,9.27766e-005,0,0.000503799,9.0914e-005,0,5.47609e-006,1.61249e-005,5.41788e-006,0.000142256,0.000417833,0.000122698,0.000168078,0.000449911,0.000120107,0,4.13231e-006,1.76378e-005,0,0.000107395,0.000442753,0,0.000126768,0.000467944,0,0,0,1.37214e-005,3.18966e-006,0,0.000774977,0.000148112,0,0,0,0,4.2177e-006,1.25441e-005,4.22647e-006,0.000250242,0.000699624,0.000195776,0,0,0,0,3.18311e-006,1.3728e-005,0,0.000188821,0.000734268
10,0.674183,0.000236068,4.95247e-005,0,0.000225189,4.35329e-005,0,0,0,0,7.35807e-005,0.000215335,6.5533e-005,7.44427e-005,0.000201497,5.75703e-005,0,0,0,0,5.55397e-005,0.000230053,0,5.61438e-005,0.000212578,0,0,0,9.19563e-006,2.11979e-006,0,0.000262328,5.52217e-005,0,0.000300942,5.8152e-005,0,2.85014e-006,8.38466e-006,2.80874e-006,8.13454e-005,0.000239693,7.30713e-005,9.95159e-005,0.000269251,7.69031e-005,0,2.15074e-006,9.16469e-006,0,6.1406e-005,0.000256143,0,7.50533e-005,0.00028404,0,0,0,7.13152e-006,1.6532e-006,0,0.000454126,9.14045e-005,0,0,0,0,2.19262e-006,6.51957e-006,2.1905e-006,0.000145831,0.000410312,0.000120913,0,0,0,0,1.65479e-006,7.12993e-006,0,0.000110029,0.000435502
11,0.75557,0.000127353,2.72023e-005,0,0.000123617,2.46366e-005,0,0,0,0,3.95026e-005,0.000116313,3.60032e-005,4.05917e-005,0.000110812,3.25938e-005,0,0,0,0,2.98178e-005,0.000124738,0,3.06144e-005,0.000117639,0,0,0,4.83389e-006,1.10643e-006,0,0.000141429,3.03156e-005,0,0.000165216,3.29152e-005,0,1.50313e-006,4.40345e-006,1.46593e-006,4.36341e-005,0.000129394,4.01236e-005,5.42675e-005,0.000148086,4.35461e-005,0,1.13424e-006,4.80608e-006,0,3.29394e-005,0.000138805,0,4.09286e-005,0.000157202,0,0,0,3.74415e-006,8.62073e-007,0,0.000247226,5.09769e-005,0,0,0,0,1.15445e-006,3.42014e-006,1.14217e-006,7.89398e-005,0.000223704,6.74549e-005,0,0,0,0,8.71253e-007,3.73497e-006,0,5.9561e-005,0.000238642
12,0.839869,6.94801e-005,1.42672e-005,0,6.86169e-005,1.30615e-005,0,0,0,0,2.17722e-005,6.32926e-005,1.88737e-005,2.26809e-005,6.1421e-005,1.72689e-005,0,0,0,0,1.64336e-005,6.73138e-005,0,1.71065e-005,6.45719e-005,0,0,0,2.54101e-006,5.75426e-007,0,7.7136e-005,1.58906e-005,0,9.17148e-005,1.74516e-005,0,7.95205e-007,2.31026e-006,7.62324e-007,2.40513e-005,7.03825e-005,2.10212e-005,3.03241e-005,8.2089e-005,2.3073e-005,0,6.00002e-007,2.51643e-006,0,1.81554e-005,7.48712e-005,0,2.28711e-005,8.62952e-005,0,0,0,1.96642e-006,4.47927e-007,0,0.000136131,2.68808e-005,0,0,0,0,6.10344e-007,1.79268e-006,5.93414e-007,4.38427e-005,0.000122921,3.55492e-005,0,0,0,0,4.60581e-007,1.95377e-006,0,3.30795e-005,0.000129932
13,0.927185,3.71201e-005,7.51875e-006,0,3.71612e-005,6.982e-006,0,0,0,0,1.1673e-005,3.37835e-005,9.94462e-006,1.23173e-005,3.32393e-005,9.2294e-006,0,0,0,0,8.81058e-006,3.58283e-005,0,9.28998e-006,3.48532e-005,0,0,0,1.3662e-006,3.10666e-007,0,4.115e-005,8.35666e-006,0,4.96741e-005,9.3295e-006,0,4.26684e-007,1.24288e-006,4.11586e-007,1.28784e-005,3.75113e-005,1.10527e-005,1.64692e-005,4.44275e-005,1.23325e-005,0,3.21951e-007,1.35491e-006,0,9.72124e-006,3.97854e-005,0,1.24213e-005,4.65823e-005,0,0,0,1.05481e-006,2.41122e-007,0,7.32265e-005,1.42596e-005,0,0,0,0,3.26806e-007,9.62123e-007,3.19448e-007,2.36635e-005,6.60606e-005,1.88546e-005,0,0,0,0,2.46621e-007,1.04931e-006,0,1.78539e-005,6.96322e-005
14,1.01763,1.99288e-005,3.94442e-006,0,2.00371e-005,3.65359e-006,0,0,0,0,6.32055e-006,1.80928e-005,5.21565e-006,6.69492e-006,1.78798e-005,4.82773e-006,0,0,0,0,4.77025e-006,1.9103e-005,0,5.04917e-006,1.86415e-005,0,0,0,7.4602e-007,1.70661e-007,0,2.20709e-005,4.37719e-006,0,2.67847e-005,4.88202e-006,0,2.32578e-007,6.78995e-007,2.26116e-007,6.96909e-006,2.00677e-005,5.78778e-006,8.9518e-006,2.38987e-005,6.45091e-006,0,1.75492e-007,7.41189e-007,0,5.26013e-006,2.11879e-005,0,6.75124e-006,2.49155e-005,0,0,0,5.75212e-007,1.32221e-007,0,3.93907e-005,7.4658e-006,0,0,0,0,1.77987e-007,5.24822e-007,1.75183e-007,1.28375e-005,3.54477e-005,9.8682e-006,0,0,0,0,1.34316e-007,5.73116e-007,0,9.68511e-006,3.71714e-005
15,1.1113,1.06332e-005,2.01413e-006,0,1.06662e-005,1.82389e-006,0,0,0,0,3.40624e-006,9.62871e-006,2.66164e-006,3.6078e-006,9.48582e-006,2.40775e-006,0,0,0,0,2.57066e-006,1.00767e-005,0,2.72083e-006,9.76922e-006,0,0,0,4.11666e-007,9.40881e-008,0,1.17649e-005,2.23238e-006,0,1.4258e-005,2.43688e-006,0,1.28514e-007,3.74515e-007,1.24661e-007,3.75256e-006,1.06695e-005,2.94999e-006,4.82402e-006,1.2679e-005,3.21696e-006,0,9.69678e-008,4.08787e-007,0,2.83224e-006,1.11651e-005,0,3.63804e-006,1.30569e-005,0,0,0,3.17097e-007,7.28343e-008,0,2.09823e-005,3.76518e-006,0,0,0,0,9.82697e-008,2.89172e-007,9.65008e-008,6.91577e-006,1.88254e-005,4.97289e-006,0,0,0,0,7.41564e-008,3.15775e-007,0,5.21733e-006,1.95301e-005
16,1.20833,5.78142e-006,1.12151e-006,0,5.79447e-006,1.02591e-006,0,0,0,0,1.84927e-006,5.23532e-006,1.48262e-006,1.95345e-006,5.15622e-006,1.35508e-006,0,0,0,0,1.39555e-006,5.50738e-006,0,1.47314e-006,5.34724e-006,0,0,0,2.30642e-007,5.2797e-008,0,6.39036e-006,1.24157e-006,0,7.7458e-006,1.37079e-006,0,7.19995e-008,2.09821e-007,6.99544e-008,2.03558e-006,5.79509e-006,1.64129e-006,2.61196e-006,6.89199e-006,1.81062e-006,0,5.43256e-008,2.29114e-007,0,1.53626e-006,6.09566e-006,0,1.96973e-006,7.14686e-006,0,0,0,1.77474e-007,4.08123e-008,0,1.13984e-005,2.1066e-006,0,0,0,0,5.50232e-008,1.61816e-007,5.40747e-008,3.74769e-006,1.02297e-005,2.78363e-006,0,0,0,0,4.15211e-008,1.76765e-007,0,2.82717e-006,1.06779e-005
17,1.30884,3.16165e-006,6.36034e-007,0,3.17048e-006,5.93314e-007,0,0,0,0,1.01024e-006,2.86174e-006,8.41311e-007,1.061e-006,2.82589e-006,7.8434e-007,0,0,0,0,7.62292e-007,3.03539e-006,0,8.00099e-007,2.9637e-006,0,0,0,1.30378e-007,2.9777e-008,0,3.49019e-006,7.03109e-007,0,4.23822e-006,7.92853e-007,0,4.08407e-008,1.18474e-007,3.94537e-008,1.11112e-006,3.16315e-006,9.30014e-007,1.41865e-006,3.77728e-006,1.04812e-006,0,3.08137e-008,1.29341e-007,0,8.38472e-007,3.35483e-006,0,1.06979e-006,3.96128e-006,0,0,0,1.00191e-007,2.29736e-008,0,6.23194e-006,1.20637e-006,0,0,0,0,3.12012e-008,9.12184e-008,3.04393e-008,2.04004e-006,5.59642e-006,1.59521e-006,0,0,0,0,2.35431e-008,9.96213e-008,0,1.53885e-006,5.89946e-006
18,1.41294,1.74737e-006,3.48744e-007,0,1.7444e-006,3.22944e-007,0,0,0,0,5.58574e-007,1.58167e-006,4.61243e-007,5.83643e-007,1.55528e-006,4.26844e-007,0,0,0,0,4.21491e-007,1.67463e-006,0,4.40139e-007,1.6272e-006,0,0,0,7.47061e-008,1.7018e-008,0,1.92708e-006,3.85068e-007,0,2.33184e-006,4.31544e-007,0,2.34483e-008,6.78422e-008,2.2548e-008,6.13788e-007,1.74654e-006,5.09273e-007,7.80366e-007,2.07888e-006,5.70382e-007,0,1.76909e-008,7.40332e-008,0,4.63185e-007,1.84896e-006,0,5.88491e-007,2.17489e-006,0,0,0,5.73676e-008,1.31183e-008,0,3.4344e-006,6.5857e-007,0,0,0,0,1.79061e-008,5.21927e-008,1.7381e-008,1.12431e-006,3.08476e-006,8.70706e-007,0,0,0,0,1.35108e-008,5.69752e-008,0,8.4812e-007,3.24485e-006
19,1.52076,9.76954e-007,1.97018e-007,0,9.70985e-007,1.82362e-007,0,0,0,0,3.11274e-007,8.85133e-007,2.60605e-007,3.23418e-007,8.66922e-007,2.41075e-007,0,0,0,0,2.34888e-007,9.39083e-007,0,2.43907e-007,9.0944e-007,0,0,0,4.34274e-008,9.92713e-009,0,1.07619e-006,2.1723e-007,0,1.29796e-006,2.43689e-007,0,1.36114e-008,3.94533e-008,1.31534e-008,3.4168e-007,9.76251e-007,2.87334e-007,4.32423e-007,1.15876e-006,3.22147e-007,0,1.02694e-008,4.30851e-008,0,2.5785e-007,1.03558e-006,0,3.26112e-007,1.21554e-006,0,0,0,3.33207e-008,7.64303e-009,0,1.91462e-006,3.71736e-007,0,0,0,0,1.03893e-008,3.03238e-008,1.01269e-008,6.24303e-007,1.72173e-006,4.91554e-007,0,0,0,0,7.83908e-009,3.31247e-008,0,4.70956e-007,1.8154e-006
20,1.63244,5.50392e-007,1.11019e-007,0,5.43064e-007,1.01745e-007,0,0,0,0,1.75356e-007,4.98668e-007,1.46851e-007,1.81003e-007,4.84768e-007,1.34499e-007,0,0,0,0,1.32324e-007,5.29087e-007,0,1.36504e-007,5.08306e-007,0,0,0,2.55475e-008,5.83647e-009,0,6.05616e-007,1.22268e-007,0,7.25921e-007,1.35957e-007,0,8.01503e-009,2.32023e-008,7.73332e-009,1.92257e-007,5.49391e-007,1.61726e-007,2.42004e-007,6.47946e-007,1.79723e-007,0,6.04703e-009,2.5337e-008,0,1.45087e-007,5.82797e-007,0,1.82507e-007,6.79371e-007,0,0,0,1.95897e-008,4.49072e-009,0,1.07387e-006,2.08274e-007,0,0,0,0,6.11479e-009,1.78211e-008,5.95018e-009,3.50244e-007,9.65615e-007,2.754e-007,0,0,0,0,4.61376e-009,1.94666e-008,0,2.64214e-007,1.01793e-006
21,1.74812,3.13437e-007,6.25641e-008,0,3.06674e-007,5.65379e-008,0,0,0,0,1.0003e-007,2.8388e-007,8.27449e-008,1.02393e-007,2.73667e-007,7.47203e-008,0,0,0,0,7.54832e-008,3.00518e-007,0,7.72214e-008,2.85991e-007,0,0,0,1.52549e-008,3.49834e-009,0,3.4444e-007,6.87743e-008,0,4.09924e-007,7.55445e-008,0,4.77999e-009,1.38591e-008,4.63549e-009,1.09549e-007,3.12334e-007,9.0955e-008,1.36898e-007,3.65777e-007,9.9839e-008,0,3.60635e-009,1.51469e-008,0,8.26719e-008,3.30542e-007,0,1.03243e-007,3.82225e-007,0,0,0,1.16897e-008,2.68902e-009,0,6.08422e-007,1.16413e-007,0,0,0,0,3.64569e-009,1.06366e-008,3.56308e-009,1.98778e-007,5.46911e-007,1.53902e-007,0,0,0,0,2.75076e-009,1.16279e-008,0,1.49954e-007,5.74881e-007
22,1.86794,1.806e-007,3.66682e-008,0,1.75659e-007,3.29815e-008,0,0,0,0,5.7326e-008,1.63819e-007,4.85059e-008,5.84725e-008,1.56871e-007,4.35997e-008,0,0,0,0,4.32605e-008,1.74008e-007,0,4.40977e-008,1.64543e-007,0,0,0,9.0994e-009,2.08632e-009,0,1.98258e-007,4.02874e-008,0,2.34796e-007,4.40682e-008,0,2.85104e-009,8.26705e-009,2.76447e-009,6.269e-008,1.80076e-007,5.3292e-008,7.81761e-008,2.09665e-007,5.82556e-008,0,2.15102e-009,9.0347e-009,0,4.73117e-008,1.91234e-007,0,5.89573e-008,2.19906e-007,0,0,0,6.96916e-009,1.6033e-009,0,3.49291e-007,6.80464e-008,0,0,0,0,2.17285e-009,6.34196e-009,2.12444e-009,1.13626e-007,3.14349e-007,8.99812e-008,0,0,0,0,1.63948e-009,6.93298e-009,0,8.57187e-008,3.31618e-007
23,1.99205,1.05257e-007,2.13489e-008,0,1.01671e-007,1.91038e-008,0,0,0,0,3.34771e-008,9.5412e-008,2.82412e-008,3.38462e-008,9.07924e-008,2.52544e-008,0,0,0,0,2.52623e-008,1.01344e-007,0,2.55254e-008,9.52492e-008,0,0,0,5.46514e-009,1.23679e-009,0,1.15457e-007,2.34439e-008,0,1.35895e-007,2.55249e-008,0,1.72544e-009,4.95367e-009,1.63863e-009,3.65793e-008,1.04799e-007,3.10118e-008,4.525e-008,1.21345e-007,3.37429e-008,0,1.30168e-009,5.40025e-009,0,2.76052e-008,1.11296e-007,0,3.41256e-008,1.27295e-007,0,0,0,4.18458e-009,9.50247e-010,0,2.02743e-007,3.95024e-008,0,0,0,0,1.31497e-009,3.79886e-009,1.25899e-009,6.60083e-008,1.82406e-007,5.22367e-008,0,0,0,0,9.92087e-010,4.14274e-009,0,4.97956e-008,1.9245e-007
24,2.1206,6.20749e-008,1.28407e-008,0,5.95578e-008,1.15739e-008,0,0,0,0,1.97004e-008,5.62861e-008,1.6991e-008,1.96855e-008,5.32886e-008,1.53072e-008,0,0,0,0,1.48657e-008,6.00498e-008,0,1.48463e-008,5.62853e-008,0,0,0,3.38839e-009,7.66957e-010,0,6.79647e-008,1.40689e-008,0,7.96048e-008,1.5465e-008,0,1.07094e-009,3.07009e-009,1.01616e-009,2.14936e-008,6.17023e-008,1.86157e-008,2.63171e-008,7.12204e-008,2.04533e-008,0,8.07903e-010,3.34745e-009,0,1.62199e-008,6.58137e-008,0,1.98477e-008,7.52221e-008,0,0,0,2.59195e-009,5.88257e-010,0,1.19041e-007,2.38263e-008,0,0,0,0,8.15948e-010,2.3516e-009,7.79394e-010,3.85699e-008,1.07223e-007,3.15188e-008,0,0,0,0,6.15578e-010,2.56462e-009,0,2.90965e-008,1.13771e-007
25,2.25375,3.67198e-008,7.58329e-009,0,3.5097e-008,6.80687e-009,0,0,0,0,1.16609e-008,3.32894e-008,1.00342e-008,1.16108e-008,3.13937e-008,9.00232e-009,0,0,0,0,8.79912e-009,3.5504e-008,0,8.75651e-009,3.31474e-008,0,0,0,1.97962e-009,4.3944e-010,0,4.02426e-008,8.32517e-009,0,4.69094e-008,9.09497e-009,0,6.32044e-010,1.78812e-009,5.82125e-010,1.27284e-008,3.65333e-008,1.10156e-008,1.55219e-008,4.19565e-008,1.20284e-008,0,4.7675e-010,1.94231e-009,0,9.60535e-009,3.89624e-008,0,1.17061e-008,4.42983e-008,0,0,0,1.5155e-009,3.37536e-010,0,7.03014e-008,1.40526e-008,0,0,0,0,4.8177e-010,1.37089e-009,4.47134e-010,2.27899e-008,6.33122e-008,1.85894e-008,0,0,0,0,3.63424e-010,1.48961e-009,0,1.71922e-008,6.71618e-008
26,2.39167,2.18237e-008,4.29527e-009,0,2.07793e-008,3.7875e-009,0,0,0,0,6.99165e-009,1.97448e-008,5.67973e-009,6.93498e-009,1.85503e-008,5.00456e-009,0,0,0,0,5.27582e-009,2.08431e-008,0,5.23033e-009,1.93365e-008,0,0,0,1.22979e-009,2.72554e-010,0,2.38718e-008,4.69858e-009,0,2.77729e-008,5.06037e-009,0,3.93032e-010,1.11048e-009,3.61047e-010,7.62026e-009,2.16256e-008,6.21277e-009,9.271e-009,2.47918e-008,6.68642e-009,0,2.9646e-010,1.20589e-009,0,5.75056e-009,2.28198e-008,0,6.99213e-009,2.58411e-008,0,0,0,9.40456e-010,2.08981e-010,0,4.16625e-008,7.87379e-009,0,0,0,0,2.99389e-010,8.50342e-010,2.76832e-010,1.36272e-008,3.74447e-008,1.04075e-008,0,0,0,0,2.2584e-010,9.23597e-010,0,1.02803e-008,3.9256e-008
27,2.53452,1.32089e-008,2.63135e-009,0,1.25034e-008,2.32262e-009,0,0,0,0,4.23487e-009,1.19442e-008,3.4802e-009,4.16512e-009,1.11656e-008,3.06986e-009,0,0,0,0,3.19541e-009,1.26449e-008,0,3.14124e-009,1.16848e-008,0,0,0,7.64332e-010,1.69254e-010,0,1.44359e-008,2.87588e-009,0,1.67113e-008,3.10323e-009,0,2.44664e-010,6.89797e-010,2.24209e-010,4.61259e-009,1.30695e-008,3.80346e-009,5.56795e-009,1.49222e-008,4.10159e-009,0,1.84543e-010,7.49043e-010,0,3.48064e-009,1.38311e-008,0,4.19921e-009,1.56153e-008,0,0,0,5.8433e-010,1.29704e-010,0,2.5128e-008,4.82427e-009,0,0,0,0,1.8638e-010,5.27988e-010,1.71817e-010,8.21361e-009,2.25818e-008,6.37825e-009,0,0,0,0,1.40589e-010,5.73445e-010,0,6.19606e-009,2.37562e-008
28,2.68248,7.94169e-009,1.46523e-009,0,7.46693e-009,1.23744e-009,0,0,0,0,2.59068e-009,7.14835e-009,1.93587e-009,2.54325e-009,6.6269e-009,1.63281e-009,0,0,0,0,1.95465e-009,7.45227e-009,0,1.91792e-009,6.78645e-009,0,0,0,4.84899e-010,1.06977e-010,0,8.65899e-009,1.59426e-009,0,9.9797e-009,1.65303e-009,0,1.55593e-010,4.37275e-010,1.41708e-010,2.81626e-009,7.80283e-009,2.10619e-009,3.39985e-009,8.85632e-009,2.18117e-009,0,1.17355e-010,4.74521e-010,0,2.12498e-009,8.12827e-009,0,2.5639e-009,9.06884e-009,0,0,0,3.70303e-010,8.18867e-011,0,1.50383e-008,2.62078e-009,0,0,0,0,1.1842e-010,3.34321e-010,1.08471e-010,5.01551e-009,1.34409e-008,3.46021e-009,0,0,0,0,8.93227e-011,3.62868e-010,0,3.78325e-009,1.38759e-008
29,2.83574,4.83978e-009,8.9518e-010,0,4.50023e-009,7.47102e-010,0,0,0,0,1.57686e-009,4.35803e-009,1.18275e-009,1.53112e-009,3.9955e-009,9.85823e-010,0,0,0,0,1.18975e-009,4.54521e-009,0,1.15467e-009,4.09266e-009,0,0,0,3.10372e-010,6.83478e-011,0,5.26705e-009,9.7191e-010,0,6.01443e-009,9.97973e-010,0,9.97118e-011,2.7978e-010,9.05358e-011,1.71084e-009,4.74828e-009,1.28403e-009,2.04676e-009,5.33947e-009,1.31685e-009,0,7.52062e-011,3.03514e-010,0,1.29092e-009,4.94804e-009,0,1.54352e-009,5.46888e-009,0,0,0,2.36888e-010,5.228e-011,0,9.10312e-009,1.59e-009,0,0,0,0,7.5857e-011,2.13777e-010,6.92516e-011,3.03213e-009,8.13975e-009,2.09932e-009,0,0,0,0,5.72171e-011,2.31951e-010,0,2.2872e-009,8.40592e-009
30,2.99448,2.93322e-009,5.45234e-010,0,2.67677e-009,4.46379e-010,0,0,0,0,9.6127e-010,2.63532e-009,7.20501e-010,9.16876e-010,2.37013e-009,5.89118e-010,0,0,0,0,7.2519e-010,2.75326e-009,0,6.91352e-010,2.4318e-009,0,0,0,2.01345e-010,4.41876e-011,0,3.184e-009,5.90274e-010,0,3.57719e-009,5.96225e-010,0,6.48486e-011,1.81351e-010,5.85311e-011,1.04054e-009,2.86374e-009,7.79956e-010,1.22558e-009,3.16716e-009,7.86877e-010,0,4.89095e-011,1.96624e-010,0,7.85037e-010,2.98923e-009,0,9.2412e-010,3.2493e-009,0,0,0,1.53587e-010,3.37734e-011,0,5.4564e-009,9.57839e-010,0,0,0,0,4.93216e-011,1.38474e-010,4.47363e-011,1.82883e-009,4.86698e-009,1.26488e-009,0,0,0,0,3.72006e-011,1.5016e-010,0,1.37934e-009,5.0349e-009
31,3.1589,1.83605e-009,3.35962e-010,0,1.65596e-009,2.68818e-010,0,0,0,0,6.03548e-010,1.64827e-009,4.43857e-010,5.69554e-010,1.46466e-009,3.54626e-010,0,0,0,0,4.55318e-010,1.71669e-009,0,4.29459e-010,1.49532e-009,0,0,0,1.32346e-010,2.90395e-011,0,1.98865e-009,3.62524e-010,0,2.21292e-009,3.59026e-010,0,4.26442e-011,1.19184e-010,3.8466e-011,6.51997e-010,1.78714e-009,4.78903e-010,7.61292e-010,1.95712e-009,4.73626e-010,0,3.21624e-011,1.29223e-010,0,4.91899e-010,1.85928e-009,0,5.74034e-010,1.99791e-009,0,0,0,1.00894e-010,2.21784e-011,0,3.39111e-009,5.82601e-010,0,0,0,0,3.24206e-011,9.09471e-011,2.93776e-011,1.14068e-009,3.02198e-009,7.69106e-010,0,0,0,0,2.44528e-011,9.862e-011,0,8.60325e-010,3.11339e-009
32,3.32921,1.15366e-009,2.10633e-010,0,1.02318e-009,1.64789e-010,0,0,0,0,3.79813e-010,1.03513e-009,2.78274e-010,3.52531e-010,9.04489e-010,2.17365e-010,0,0,0,0,2.86526e-010,1.07777e-009,0,2.65815e-010,9.22154e-010,0,0,0,8.73776e-011,1.90866e-011,0,1.24707e-009,2.26783e-010,0,1.36722e-009,2.20067e-010,0,2.82352e-011,7.86157e-011,2.52814e-011,4.09493e-010,1.12012e-009,2.99579e-010,4.71181e-010,1.20852e-009,2.90276e-010,0,2.12943e-011,8.51699e-011,0,3.08935e-010,1.16491e-009,0,3.55279e-010,1.23201e-009,0,0,0,6.65936e-011,1.45724e-011,0,2.11025e-009,3.6085e-010,0,0,0,0,2.14632e-011,5.99696e-011,1.9302e-011,7.1088e-010,1.87965e-009,4.76337e-010,0,0,0,0,1.61877e-011,6.49782e-011,0,5.36153e-010,1.93494e-009
33,3.50561,7.37063e-010,1.33054e-010,0,6.46288e-010,1.02323e-010,0,0,0,0,2.4365e-010,6.60492e-010,1.75757e-010,2.23511e-010,5.70654e-010,1.34933e-010,0,0,0,0,1.83799e-010,6.86318e-010,0,1.68528e-010,5.80083e-010,0,0,0,5.83565e-011,1.27045e-011,0,7.94944e-010,1.42783e-010,0,8.63573e-010,1.36638e-010,0,1.88978e-011,5.24683e-011,1.68275e-011,2.62168e-010,7.13055e-010,1.88586e-010,2.98727e-010,7.62448e-010,1.80183e-010,0,1.42519e-011,5.68091e-011,0,1.9778e-010,7.39947e-010,0,2.2524e-010,7.74971e-010,0,0,0,4.44517e-011,9.69223e-012,0,1.3389e-009,2.25684e-010,0,0,0,0,1.43609e-011,3.99994e-011,1.28376e-011,4.52801e-010,1.19115e-009,2.97852e-010,0,0,0,0,1.08308e-011,4.33131e-011,0,3.41496e-010,1.22309e-009
34,3.68833,4.77329e-010,8.67846e-011,0,4.12525e-010,6.5731e-011,0,0,0,0,1.57612e-010,4.27858e-010,1.1465e-010,1.42668e-010,3.64204e-010,8.66901e-011,0,0,0,0,1.18895e-010,4.45219e-010,0,1.0757e-010,3.70686e-010,0,0,0,3.93125e-011,8.53217e-012,0,5.13896e-010,9.29858e-011,0,5.51187e-010,8.77687e-011,0,1.27519e-011,3.53271e-011,1.13008e-011,1.69254e-010,4.61116e-010,1.22828e-010,1.9067e-010,4.86583e-010,1.15754e-010,0,9.61675e-012,3.82279e-011,0,1.27686e-010,4.79196e-010,0,1.43762e-010,4.95194e-010,0,0,0,2.99384e-011,6.50792e-012,0,8.59916e-010,1.46008e-010,0,0,0,0,9.68831e-012,2.69254e-011,8.61967e-012,2.90591e-010,7.65137e-010,1.92721e-010,0,0,0,0,7.30664e-012,2.91397e-011,0,2.19158e-010,7.86765e-010
35,3.87758,3.09758e-010,5.48883e-011,0,2.64968e-010,4.06202e-011,0,0,0,0,1.03106e-010,2.76967e-010,7.24881e-011,9.22307e-011,2.33495e-010,5.35385e-011,0,0,0,0,7.7773e-011,2.86873e-010,0,6.95396e-011,2.36049e-010,0,0,0,2.66669e-011,5.76363e-012,0,3.32601e-010,5.85372e-011,0,3.54023e-010,5.42345e-011,0,8.67404e-012,2.39418e-011,7.63367e-012,1.105e-010,2.97644e-010,7.72957e-011,1.23258e-010,3.11947e-010,7.14819e-011,0,6.54122e-012,2.58893e-011,0,8.3355e-011,3.07783e-010,0,9.29329e-011,3.15324e-010,0,0,0,2.02952e-011,4.392e-012,0,5.54431e-010,9.11165e-011,0,0,0,0,6.58834e-012,1.82339e-011,5.81698e-012,1.88749e-010,4.92228e-010,1.2021e-010,0,0,0,0,4.96853e-012,1.97187e-011,0,1.42344e-010,5.03203e-010
36,4.07361,2.04737e-010,3.63016e-011,0,1.7308e-010,2.64936e-011,0,0,0,0,6.81821e-011,1.83028e-010,4.79424e-011,6.02873e-011,1.52485e-010,3.49186e-011,0,0,0,0,5.14292e-011,1.89609e-010,0,4.54547e-011,1.54119e-010,0,0,0,1.82726e-011,3.93908e-012,0,2.19393e-010,3.86245e-011,0,2.31243e-010,3.53713e-011,0,5.95238e-012,1.63974e-011,5.21702e-012,7.29253e-011,1.96297e-010,5.10025e-011,8.05653e-011,2.03709e-010,4.6619e-011,0,4.4887e-012,1.7723e-011,0,5.501e-011,2.03007e-010,0,6.07435e-011,2.05871e-010,0,0,0,1.39019e-011,3.00047e-012,0,3.63916e-010,5.97947e-011,0,0,0,0,4.51993e-012,1.24836e-011,3.97388e-012,1.23949e-010,3.23029e-010,7.88872e-011,0,0,0,0,3.4086e-012,1.34937e-011,0,9.34752e-011,3.30235e-010
37,4.27665,1.35777e-010,2.35691e-011,0,1.13166e-010,1.66332e-011,0,0,0,0,4.54355e-011,1.21211e-010,3.11175e-011,3.96886e-011,9.94978e-011,2.19075e-011,0,0,0,0,3.42707e-011,1.25075e-010,0,2.99232e-011,9.98765e-011,0,0,0,1.26191e-011,2.71879e-012,0,1.45156e-010,2.49727e-011,0,1.51188e-010,2.22035e-011,0,4.11287e-012,1.13221e-011,3.60083e-012,4.84984e-011,1.29683e-010,3.29646e-011,5.3036e-011,1.32915e-010,2.92438e-011,0,3.1015e-012,1.22364e-011,0,3.6583e-011,1.33546e-010,0,3.99863e-011,1.33405e-010,0,0,0,9.59725e-012,2.06991e-012,0,2.39346e-010,3.81324e-011,0,0,0,0,3.12238e-012,8.61627e-012,2.74142e-012,8.20018e-011,2.12092e-010,5.02836e-011,0,0,0,0,2.35464e-012,9.31251e-012,0,6.18392e-011,2.15639e-010
38,4.48696,9.12272e-011,1.57497e-011,0,7.49484e-011,1.08052e-011,0,0,0,0,3.05736e-011,8.14028e-011,2.07922e-011,2.6385e-011,6.58166e-011,1.42269e-011,0,0,0,0,2.30605e-011,8.39164e-011,0,1.98924e-011,6.58612e-011,0,0,0,8.79707e-012,1.89899e-012,0,9.73189e-011,1.66364e-011,0,1.00124e-010,1.44219e-011,0,2.86519e-012,7.89454e-012,2.51512e-012,3.2569e-011,8.69021e-011,2.19585e-011,3.52569e-011,8.7917e-011,1.89886e-011,0,2.16064e-012,8.53542e-012,0,2.45669e-011,8.93884e-011,0,2.65812e-011,8.79647e-011,0,0,0,6.68865e-012,1.44536e-012,0,1.59487e-010,2.51096e-011,0,0,0,0,2.1747e-012,6.00609e-012,1.9143e-012,5.47839e-011,1.41213e-010,3.31049e-011,0,0,0,0,1.63999e-012,6.49402e-012,0,4.13129e-011,1.43284e-010
39,4.7048,6.17546e-011,1.05132e-011,0,4.99928e-011,6.97395e-012,0,0,0,0,2.07617e-011,5.50532e-011,1.38764e-011,1.76888e-011,4.38354e-011,9.17696e-012,0,0,0,0,1.56595e-011,5.66083e-011,0,1.33359e-011,4.36308e-011,0,0,0,6.16567e-012,1.33041e-012,0,6.57417e-011,1.10662e-011,0,6.67819e-011,9.30668e-012,0,2.00875e-012,5.53255e-012,1.76205e-012,2.20765e-011,5.86465e-011,1.4603e-011,2.36356e-011,5.85513e-011,1.22464e-011,0,1.5148e-012,5.98128e-012,0,1.66521e-011,6.01558e-011,0,1.78192e-011,5.82694e-011,0,0,0,4.68686e-012,1.01231e-012,0,1.0706e-010,1.64749e-011,0,0,0,0,1.52445e-012,4.20802e-012,1.34074e-012,3.69261e-011,9.46806e-011,2.17126e-011,0,0,0,0,1.14961e-012,4.54955e-012,0,2.78458e-011,9.56896e-011
40,4.93043,4.21906e-011,7.29653e-012,0,3.37762e-011,4.83506e-012,0,0,0,0,1.41647e-011,3.76204e-011,9.63319e-012,1.19349e-011,2.96197e-011,6.36568e-012,0,0,0,0,1.06835e-011,3.88036e-011,0,8.99763e-012,2.96137e-011,0,0,0,4.34073e-012,9.36021e-013,0,4.48238e-011,7.66803e-012,0,4.51176e-011,6.45243e-012,0,1.41456e-012,3.8947e-012,1.2397e-012,1.50309e-011,3.9995e-011,1.01215e-011,1.59467e-011,3.95618e-011,8.49493e-012,0,1.06671e-012,4.21004e-012,0,1.13374e-011,4.11544e-011,0,1.20221e-011,3.9548e-011,0,0,0,3.29868e-012,7.11976e-013,0,7.26681e-011,1.14196e-011,0,0,0,0,1.07326e-012,2.96139e-012,9.42965e-013,2.50264e-011,6.42787e-011,1.50559e-011,0,0,0,0,8.09361e-013,3.2013e-012,0,1.88718e-011,6.5216e-011
41,5.16414,2.91102e-011,5.03668e-012,0,2.29585e-011,3.27338e-012,0,0,0,0,9.78571e-012,2.59441e-011,6.64981e-012,8.12165e-012,2.01254e-011,4.30936e-012,0,0,0,0,7.38051e-012,2.67664e-011,0,6.12277e-012,2.01092e-011,0,0,0,3.0854e-012,6.64251e-013,0,3.08713e-011,5.28139e-012,0,3.06657e-011,4.36794e-012,0,1.00621e-012,2.76772e-012,8.79747e-013,1.03675e-011,2.753e-011,6.9714e-012,1.0851e-011,2.68789e-011,5.75024e-012,0,7.58774e-013,2.99088e-012,0,7.81974e-012,2.83329e-011,0,8.18036e-012,2.68533e-011,0,0,0,2.34441e-012,5.05161e-013,0,4.97244e-011,7.80489e-012,0,0,0,0,7.6343e-013,2.10412e-012,6.69042e-013,1.71439e-011,4.39653e-011,1.02901e-011,0,0,0,0,5.75708e-013,2.27386e-012,0,1.29276e-011,4.46017e-011
42,5.40621,2.01495e-011,3.46407e-012,0,1.57121e-011,2.17695e-012,0,0,0,0,6.74151e-012,1.79925e-011,4.5727e-012,5.58101e-012,1.37566e-011,2.86443e-012,0,0,0,0,5.08508e-012,1.85285e-011,0,4.20738e-012,1.36817e-011,0,0,0,2.1988e-012,4.71509e-013,0,2.13231e-011,3.62521e-012,0,2.09858e-011,2.90433e-012,0,7.17852e-013,1.97181e-012,6.24447e-013,7.11889e-012,1.90601e-011,4.7843e-012,7.4567e-012,1.83718e-011,3.82145e-012,0,5.41322e-013,2.12898e-012,0,5.37013e-012,1.95782e-011,0,5.6214e-012,1.82687e-011,0,0,0,1.67026e-012,3.58603e-013,0,3.41913e-011,5.28242e-012,0,0,0,0,5.44248e-013,1.49885e-012,4.74917e-013,1.17783e-011,3.02502e-011,6.96221e-012,0,0,0,0,4.10423e-013,1.61844e-012,0,8.88205e-012,3.05917e-011
43,5.65694,1.4111e-011,2.43072e-012,0,1.09263e-011,1.53652e-012,0,0,0,0,4.73878e-012,1.25821e-011,3.20892e-012,3.87251e-012,9.57275e-012,2.02229e-012,0,0,0,0,3.57417e-012,1.29675e-011,0,2.91941e-012,9.5434e-012,0,0,0,1.54756e-012,3.30108e-013,0,1.4933e-011,2.54362e-012,0,1.45931e-011,2.04999e-012,0,5.07928e-013,1.38526e-012,4.37174e-013,5.00587e-012,1.33271e-011,3.35721e-012,5.17365e-012,1.2784e-011,2.69806e-012,0,3.82991e-013,1.49467e-012,0,3.77587e-012,1.37007e-011,0,3.9003e-012,1.27428e-011,0,0,0,1.17574e-012,2.51038e-013,0,2.38615e-011,3.7162e-012,0,0,0,0,3.85249e-013,1.05307e-012,3.32457e-013,8.22605e-012,2.11018e-011,4.89876e-012,0,0,0,0,2.90496e-013,1.13628e-012,0,6.20308e-012,2.13747e-011
44,5.91664,1.00478e-011,1.67303e-012,0,7.89578e-012,1.0487e-012,0,0,0,0,3.314e-012,9.02599e-012,2.20671e-012,2.70045e-012,7.02292e-012,1.3776e-012,0,0,0,0,2.50065e-012,9.2202e-012,0,2.03743e-012,6.90705e-012,0,0,0,1.07319e-012,2.30665e-013,0,1.06503e-011,1.74817e-012,0,1.05462e-011,1.39911e-012,0,3.50612e-013,9.62109e-013,3.05495e-013,3.50622e-012,9.57634e-012,2.30512e-012,3.60768e-012,9.3798e-012,1.83785e-012,0,2.64386e-013,1.03947e-012,0,2.64589e-012,9.75257e-012,0,2.72192e-012,9.22344e-012,0,0,0,8.15416e-013,1.75382e-013,0,1.71282e-011,2.54635e-012,0,0,0,0,2.66047e-013,7.31352e-013,2.32277e-013,5.74841e-012,1.53176e-011,3.35203e-012,0,0,0,0,2.00622e-013,7.90176e-013,0,4.33746e-012,1.53371e-011
45,6.18564,7.00956e-012,1.18208e-012,0,5.48825e-012,7.43844e-013,0,0,0,0,2.44717e-012,6.1586e-012,1.56084e-012,2.05564e-012,4.69966e-012,9.79327e-013,0,0,0,0,1.84454e-012,6.3471e-012,0,1.5483e-012,4.68379e-012,0,0,0,7.5764e-013,1.62107e-013,0,7.42288e-012,1.23575e-012,0,7.33047e-012,9.92406e-013,0,2.48078e-013,6.78729e-013,2.14688e-013,2.59374e-012,6.52109e-012,1.63135e-012,2.74661e-012,6.27633e-012,1.30656e-012,0,1.87063e-013,7.32684e-013,0,1.95505e-012,6.70357e-012,0,2.06873e-012,6.25415e-012,0,0,0,5.75566e-013,1.23261e-013,0,1.19222e-011,1.80266e-012,0,0,0,0,1.88181e-013,5.1589e-013,1.63241e-013,4.31463e-012,1.03424e-011,2.37693e-012,0,0,0,0,1.41902e-013,5.56925e-013,0,3.25094e-012,1.0474e-011
46,6.46427,4.7649e-012,8.18229e-013,0,3.67441e-012,5.08888e-013,0,0,0,0,1.6007e-012,4.24837e-012,1.08013e-012,1.31019e-012,3.21204e-012,6.69638e-013,0,0,0,0,1.20731e-012,4.37581e-012,0,9.87654e-013,3.19564e-012,0,0,0,5.2719e-013,1.12354e-013,0,5.03935e-012,8.55844e-013,0,4.90745e-012,6.78882e-013,0,1.72651e-013,4.72296e-013,1.48789e-013,1.68961e-012,4.49736e-012,1.12953e-012,1.75044e-012,4.28943e-012,8.93313e-013,0,1.30189e-013,5.09355e-013,0,1.27446e-012,4.62073e-012,0,1.31952e-012,4.26682e-012,0,0,0,4.00502e-013,8.5453e-014,0,8.0388e-012,1.24166e-012,0,0,0,0,1.30922e-013,3.59031e-013,1.13164e-013,2.77997e-012,7.10138e-012,1.63661e-012,0,0,0,0,9.87261e-014,3.87229e-013,0,2.09624e-012,7.18423e-012
47,6.75287,3.35351e-012,5.71011e-013,0,2.60885e-012,3.66053e-013,0,0,0,0,1.14149e-012,2.97541e-012,7.53816e-013,9.3212e-013,2.27818e-012,4.81834e-013,0,0,0,0,8.60766e-013,3.06376e-012,0,7.02607e-013,2.27229e-012,0,0,0,3.55906e-013,7.52574e-014,0,3.5596e-012,5.99322e-013,0,3.48435e-012,4.88407e-013,0,1.17446e-013,3.1801e-013,9.96595e-014,1.21085e-012,3.15976e-012,7.91023e-013,1.24525e-012,3.04245e-012,6.42877e-013,0,8.85515e-014,3.42612e-013,0,9.1311e-013,3.24582e-012,0,9.38636e-013,3.03412e-012,0,0,0,2.70577e-013,5.72558e-014,0,5.69178e-012,8.79808e-013,0,0,0,0,8.91727e-014,2.41879e-013,7.58206e-014,1.98444e-012,5.01171e-012,1.15983e-012,0,0,0,0,6.72355e-014,2.60597e-013,0,1.49614e-012,5.07545e-012
48,7.05179,2.34537e-012,3.8325e-013,0,1.87263e-012,2.46065e-013,0,0,0,0,7.82614e-013,2.09846e-012,5.05412e-013,6.46982e-013,1.65931e-012,3.23219e-013,0,0,0,0,5.90437e-013,2.13819e-012,0,4.88052e-013,1.63065e-012,0,0,0,2.37209e-013,5.00342e-014,0,2.4964e-012,4.02695e-013,0,2.50135e-012,3.28311e-013,0,7.84425e-014,2.11797e-013,6.62569e-014,8.31457e-013,2.23569e-012,5.30909e-013,8.64368e-013,2.21627e-012,4.31245e-013,0,5.9142e-014,2.28101e-013,0,6.27331e-013,2.27176e-012,0,6.52036e-013,2.17762e-012,0,0,0,1.80367e-013,3.80742e-014,0,4.03764e-012,5.9124e-013,0,0,0,0,5.95644e-014,1.61123e-013,5.04189e-014,1.37003e-012,3.59665e-012,7.78212e-013,0,0,0,0,4.49098e-014,1.73531e-013,0,1.03358e-012,3.5953e-012
49,7.36142,1.56627e-012,2.59521e-013,0,1.27929e-012,1.73858e-013,0,0,0,0,5.45056e-013,1.37838e-012,3.42553e-013,4.72644e-013,1.102e-012,2.28846e-013,0,0,0,0,4.10877e-013,1.41492e-012,0,3.56078e-013,1.09707e-012,0,0,0,1.51109e-013,3.19711e-014,0,1.67155e-012,2.73875e-013,0,1.70895e-012,2.3202e-013,0,4.96538e-014,1.3523e-013,4.23359e-014,5.81838e-013,1.4712e-012,3.61427e-013,6.31573e-013,1.47196e-012,3.05399e-013,0,3.74406e-014,1.45639e-013,0,4.38615e-013,1.50682e-012,0,4.75809e-013,1.46516e-012,0,0,0,1.14923e-013,2.43375e-014,0,2.73064e-012,4.09042e-013,0,0,0,0,3.77048e-014,1.02903e-013,3.22275e-014,9.79995e-013,2.37748e-012,5.39172e-013,0,0,0,0,2.84314e-014,1.10829e-013,0,7.38523e-013,2.40115e-012
50,7.68212,1.03886e-012,1.74306e-013,0,8.62562e-013,1.22087e-013,0,0,0,0,3.69465e-013,9.05989e-013,2.30203e-013,3.27455e-013,7.33669e-013,1.6092e-013,0,0,0,0,2.78393e-013,9.34773e-013,0,2.46559e-013,7.38089e-013,0,0,0,9.69367e-014,2.02176e-014,0,1.11057e-012,1.84669e-013,0,1.15234e-012,1.62965e-013,0,3.21538e-014,8.64767e-014,2.67693e-014,3.9519e-013,9.68476e-013,2.43853e-013,4.37602e-013,9.8002e-013,2.14798e-013,0,2.42421e-014,9.29122e-014,0,2.97781e-013,9.9746e-013,0,3.29493e-013,9.85812e-013,0,0,0,7.373e-014,1.5394e-014,0,1.82769e-012,2.80998e-013,0,0,0,0,2.44146e-014,6.58144e-014,2.03825e-014,6.72505e-013,1.57384e-012,3.7074e-013,0,0,0,0,1.84077e-014,7.07163e-014,0,5.06544e-013,1.60215e-012
51,8.0143,6.60788e-013,1.05141e-013,0,5.5811e-013,7.19402e-014,0,0,0,0,2.20373e-013,5.91636e-013,1.38583e-013,1.9335e-013,4.94143e-013,9.44605e-014,0,0,0,0,1.66273e-013,5.99657e-013,0,1.45852e-013,4.84198e-013,0,0,0,5.91875e-014,1.23935e-014,0,7.07926e-013,1.11367e-013,0,7.45656e-013,9.60149e-014,0,1.96155e-014,5.28129e-014,1.64106e-014,2.35477e-013,6.34594e-013,1.4675e-013,2.58377e-013,6.60149e-013,1.26069e-013,0,1.4789e-014,5.67921e-014,0,1.77684e-013,6.4161e-013,0,1.94904e-013,6.46766e-013,0,0,0,4.50279e-014,9.43976e-015,0,1.17387e-012,1.67642e-013,0,0,0,0,1.48943e-014,4.0206e-014,1.24993e-014,3.98828e-013,1.04557e-012,2.20544e-013,0,0,0,0,1.12298e-014,4.32378e-014,0,3.00895e-013,1.04062e-012
52,8.35837,4.22577e-013,6.58798e-014,0,3.68227e-013,4.66226e-014,0,0,0,0,1.47613e-013,3.71745e-013,8.68646e-014,1.36048e-013,3.17546e-013,6.12748e-014,0,0,0,0,1.11285e-013,3.77172e-013,0,1.0251e-013,3.1234e-013,0,0,0,3.55002e-014,7.4016e-015,0,4.53935e-013,6.99895e-014,0,4.9203e-013,6.22353e-014,0,1.17642e-014,3.1681e-014,9.8e-015,1.58448e-013,3.9953e-013,9.22627e-014,1.81838e-013,4.24265e-013,8.17927e-014,0,8.86972e-015,3.4032e-014,0,1.19458e-013,4.04466e-013,0,1.37012e-013,4.17253e-013,0,0,0,2.70072e-014,5.63874e-015,0,7.63798e-013,1.06864e-013,0,0,0,0,8.93096e-015,2.41199e-014,7.46588e-015,2.7473e-013,6.65171e-013,1.40674e-013,0,0,0,0,6.73378e-015,2.59121e-014,0,2.07061e-013,6.636e-013
53,8.71476,2.5411e-013,4.12238e-014,0,2.21852e-013,3.05712e-014,0,0,0,0,9.01599e-014,2.21969e-013,5.4409e-014,8.33543e-014,1.89662e-013,4.02655e-014,0,0,0,0,6.79448e-014,2.27389e-013,0,6.27768e-014,1.89647e-013,0,0,0,2.14368e-014,4.3973e-015,0,2.72833e-013,4.38885e-014,0,2.96446e-013,4.08187e-014,0,7.16411e-015,1.90771e-014,5.82137e-015,9.6773e-014,2.38392e-013,5.79169e-014,1.11411e-013,2.53405e-013,5.3762e-014,0,5.4009e-015,2.04332e-014,0,7.29304e-014,2.43791e-013,0,8.39068e-014,2.53358e-013,0,0,0,1.63046e-014,3.34905e-015,0,4.59658e-013,6.84459e-014,0,0,0,0,5.43802e-015,1.45205e-014,4.43363e-015,1.68076e-013,3.97111e-013,9.02409e-014,0,0,0,0,4.09976e-015,1.55539e-014,0,1.26622e-013,4.01482e-013
54,9.08389,1.51922e-013,2.35587e-014,0,1.33373e-013,1.71249e-014,0,0,0,0,5.29349e-014,1.33795e-013,3.10584e-014,4.87216e-014,1.15552e-013,2.25083e-014,0,0,0,0,3.99097e-014,1.35571e-013,0,3.67173e-014,1.1378e-013,0,0,0,1.24344e-014,2.56475e-015,0,1.63426e-013,2.50648e-014,0,1.78218e-013,2.28627e-014,0,4.14056e-015,1.10794e-014,3.39547e-015,5.69062e-014,1.43992e-013,3.30366e-014,6.51188e-014,1.54393e-013,3.00495e-014,0,3.12164e-015,1.18775e-014,0,4.29055e-014,1.45585e-013,0,4.90743e-014,1.52007e-013,0,0,0,9.46217e-015,1.95373e-015,0,2.75833e-013,3.87298e-014,0,0,0,0,3.14513e-015,8.43657e-015,2.58653e-015,9.85114e-014,2.40911e-013,5.09802e-014,0,0,0,0,2.37124e-015,9.04466e-015,0,7.42557e-014,2.40307e-013
55,9.46624,8.96833e-014,1.31594e-014,0,7.80455e-014,8.98844e-015,0,0,0,0,3.18357e-014,7.84667e-014,1.73353e-014,2.93617e-014,6.68637e-014,1.17921e-014,0,0,0,0,2.39972e-014,7.88454e-014,0,2.21203e-014,6.49136e-014,0,0,0,7.53382e-015,1.54715e-015,0,9.63493e-014,1.39442e-014,0,1.04285e-013,1.19962e-014,0,2.51015e-015,6.71206e-015,2.04815e-015,3.41978e-014,8.43231e-014,1.83641e-014,3.9244e-014,8.93339e-014,1.57378e-014,0,1.89246e-015,7.18851e-015,0,2.57786e-014,8.45149e-014,0,2.95653e-014,8.67154e-014,0,0,0,5.7319e-015,1.17857e-015,0,1.61997e-013,2.09692e-014,0,0,0,0,1.90604e-015,5.11031e-015,1.5602e-015,5.92914e-014,1.4022e-013,2.75672e-014,0,0,0,0,1.43705e-015,5.47341e-015,0,4.46805e-014,1.38286e-013
56,9.86227,5.31639e-014,7.87155e-015,0,4.59698e-014,5.39514e-015,0,0,0,0,1.85078e-014,4.68753e-014,1.03678e-014,1.68135e-014,3.98589e-014,7.07649e-015,0,0,0,0,1.39555e-014,4.70799e-014,0,1.26728e-014,3.86922e-014,0,0,0,4.51354e-015,9.17558e-016,0,5.70978e-014,8.34709e-015,0,6.14232e-014,7.2006e-015,0,1.51509e-015,4.01081e-015,1.21461e-015,1.98509e-014,5.03815e-014,1.0991e-014,2.24711e-014,5.32532e-014,9.4444e-015,0,1.14215e-015,4.28895e-015,0,1.49691e-014,5.04758e-014,0,1.69371e-014,5.16867e-014,0,0,0,3.43428e-015,6.99056e-016,0,9.56994e-014,1.25676e-014,0,0,0,0,1.15049e-015,3.05402e-015,9.25365e-016,3.41708e-014,8.36802e-014,1.65189e-014,0,0,0,0,8.6732e-016,3.26602e-015,0,2.5761e-014,8.25061e-014
57,10.2725,3.21647e-014,4.57873e-015,0,2.81551e-014,3.11468e-015,0,0,0,0,1.1066e-014,2.85115e-014,6.02457e-015,1.01055e-014,2.4626e-014,4.07737e-015,0,0,0,0,8.34682e-015,2.83966e-014,0,7.62025e-015,2.36496e-014,0,0,0,2.66217e-015,5.39501e-016,0,3.45788e-014,4.85193e-015,0,3.76218e-014,4.15683e-015,0,8.94719e-016,2.36473e-015,7.14136e-016,1.1875e-014,3.06805e-014,6.38186e-015,1.35063e-014,3.29036e-014,5.4415e-015,0,6.74472e-016,2.5272e-015,0,8.9576e-015,3.04731e-014,0,1.01846e-014,3.1594e-014,0,0,0,2.02556e-015,4.11003e-016,0,5.82943e-014,7.2824e-015,0,0,0,0,6.79395e-016,1.80057e-015,5.44041e-016,2.04922e-014,5.13369e-014,9.55791e-015,0,0,0,0,5.1217e-016,1.92439e-015,0,1.54549e-014,5.01218e-014
58,10.6974,1.89233e-014,2.70598e-015,0,1.67845e-014,1.88631e-015,0,0,0,0,6.81219e-015,1.64681e-014,3.56375e-015,6.41085e-015,1.42873e-014,2.47415e-015,0,0,0,0,5.13393e-015,1.64953e-014,0,4.82868e-015,1.38422e-014,0,0,0,1.51617e-015,3.09e-016,0,2.03715e-014,2.87269e-015,0,2.24292e-014,2.51778e-015,0,5.0754e-016,1.34864e-015,4.09038e-016,7.33436e-015,1.77317e-014,3.78225e-015,8.56916e-015,1.90901e-014,3.30233e-015,0,3.82623e-016,1.44255e-015,0,5.52762e-015,1.77166e-014,0,6.45432e-015,1.84926e-014,0,0,0,1.1537e-015,2.3542e-016,0,3.45541e-014,4.35687e-015,0,0,0,0,3.85409e-016,1.02698e-015,3.11634e-016,1.28376e-014,2.97284e-014,5.72627e-015,0,0,0,0,2.90561e-016,1.09855e-015,0,9.67206e-015,2.92389e-014
59,11.1374,1.09887e-014,1.54547e-015,0,9.80992e-015,1.07961e-015,0,0,0,0,3.93461e-015,9.58698e-015,2.03448e-015,3.7136e-015,8.38637e-015,1.415e-015,0,0,0,0,2.96567e-015,9.56846e-015,0,2.79764e-015,8.0919e-015,0,0,0,8.77136e-016,1.76905e-016,0,1.18265e-014,1.64003e-015,0,1.31094e-014,1.44105e-015,0,2.95142e-016,7.7887e-016,2.34156e-016,4.23309e-015,1.03218e-014,2.1583e-015,4.96394e-015,1.12059e-014,1.88868e-015,0,2.22488e-016,8.31554e-016,0,3.19077e-015,1.02757e-014,0,3.73957e-015,1.08109e-014,0,0,0,6.67232e-016,1.34761e-016,0,2.01313e-014,2.49032e-015,0,0,0,0,2.24036e-016,5.92943e-016,1.78372e-016,7.42418e-015,1.73804e-014,3.27111e-015,0,0,0,0,1.68891e-016,6.33102e-016,0,5.59442e-015,1.70273e-014
60,11.5933,6.11793e-015,8.67998e-016,0,5.44419e-015,6.08788e-016,0,0,0,0,2.14326e-015,5.38457e-015,1.14238e-015,2.00081e-015,4.71389e-015,7.97639e-016,0,0,0,0,1.61607e-015,5.36986e-015,0,1.50806e-015,4.54492e-015,0,0,0,4.86672e-016,9.82278e-017,0,6.58787e-015,9.21993e-016,0,7.27517e-015,8.12613e-016,0,1.63704e-016,4.32196e-016,1.30017e-016,2.30515e-015,5.80225e-015,1.21307e-015,2.67434e-015,6.29871e-015,1.06467e-015,0,1.23406e-016,4.61494e-016,0,1.73823e-015,5.77163e-015,0,2.01572e-015,6.07207e-015,0,0,0,3.70318e-016,7.48409e-017,0,1.11918e-014,1.40194e-015,0,0,0,0,1.24303e-016,3.2912e-016,9.90612e-017,4.01976e-015,9.76933e-015,1.84096e-015,0,0,0,0,9.37075e-017,3.51451e-016,0,3.03043e-015,9.56332e-015
61,12.0654,3.53348e-015,4.76666e-016,0,3.21485e-015,3.36541e-016,0,0,0,0,1.26376e-015,3.0863e-015,6.2692e-016,1.20913e-015,2.75804e-015,4.40441e-016,0,0,0,0,9.52653e-016,3.05749e-015,0,9.11077e-016,2.64031e-015,0,0,0,2.68886e-016,5.37399e-017,0,3.80998e-015,5.06294e-016,0,4.29646e-015,4.49235e-016,0,9.08605e-017,2.38425e-016,7.11252e-017,1.36192e-015,3.32933e-015,6.65663e-016,1.61631e-015,3.68564e-015,5.87911e-016,0,6.84905e-017,2.54136e-016,0,1.02669e-015,3.28958e-015,0,1.21788e-015,3.52781e-015,0,0,0,2.04551e-016,4.09399e-017,0,6.54378e-015,7.72267e-016,0,0,0,0,6.89745e-017,1.81519e-016,5.4184e-017,2.40392e-015,5.66283e-015,1.01318e-015,0,0,0,0,5.19946e-017,1.93496e-016,0,1.81174e-015,5.50431e-015
62,12.5545,1.89122e-015,2.62073e-016,0,1.70611e-015,1.87328e-016,0,0,0,0,6.72237e-016,1.65536e-015,3.44841e-016,6.36807e-016,1.46772e-015,2.45419e-016,0,0,0,0,5.06776e-016,1.64651e-015,0,4.7986e-016,1.41358e-015,0,0,0,1.4608e-016,2.89762e-017,0,2.03852e-015,2.78703e-016,0,2.28004e-015,2.50071e-016,0,4.94715e-017,1.29443e-016,3.83468e-017,7.23957e-016,1.78533e-015,3.66611e-016,8.51222e-016,1.96128e-015,3.27611e-016,0,3.7291e-017,1.37765e-016,0,5.45791e-016,1.77143e-015,0,6.41429e-016,1.88868e-015,0,0,0,1.11146e-016,2.2077e-017,0,3.48619e-015,4.27324e-016,0,0,0,0,3.75609e-017,9.85652e-017,2.92164e-017,1.27148e-015,3.02452e-015,5.61043e-016,0,0,0,0,2.83139e-017,1.04909e-016,0,9.58322e-016,2.95519e-015
63,13.061,1.04496e-015,1.35012e-016,0,9.61916e-016,9.52392e-017,0,0,0,0,3.75912e-016,9.11125e-016,1.77423e-016,3.64432e-016,8.23122e-016,1.24477e-016,0,0,0,0,2.83368e-016,8.96605e-016,0,2.74587e-016,7.82569e-016,0,0,0,7.72024e-017,1.50488e-017,0,1.12792e-015,1.43587e-016,0,1.2856e-015,1.27128e-016,0,2.63925e-017,6.81876e-017,1.99125e-017,4.05263e-016,9.84179e-016,1.88623e-016,4.87184e-016,1.1e-015,1.66152e-016,0,1.98921e-017,7.23591e-017,0,3.05509e-016,9.66e-016,0,3.67075e-016,1.04566e-015,0,0,0,5.873e-017,1.14685e-017,0,1.94815e-015,2.18783e-016,0,0,0,0,2.00268e-017,5.19214e-017,1.5175e-017,7.20318e-016,1.68233e-015,2.86725e-016,0,0,0,0,1.50948e-017,5.51038e-017,0,5.4286e-016,1.62407e-015
64,13.5857,5.56506e-016,6.93319e-017,0,5.21217e-016,4.98976e-017,0,0,0,0,1.9671e-016,4.89014e-016,9.10005e-017,1.91876e-016,4.51834e-016,6.50986e-017,0,0,0,0,1.48342e-016,4.77496e-016,0,1.44654e-016,4.26461e-016,0,0,0,3.90468e-017,7.55289e-018,0,6.01859e-016,7.38105e-017,0,6.96653e-016,6.6612e-017,0,1.3403e-017,3.44385e-017,9.99329e-018,2.12361e-016,5.29372e-016,9.68385e-017,2.56509e-016,6.03874e-016,8.69022e-017,0,1.01014e-017,3.64984e-017,0,1.60154e-016,5.15515e-016,0,1.9338e-016,5.69885e-016,0,0,0,2.97082e-017,5.75555e-018,0,1.04801e-015,1.13474e-016,0,0,0,0,1.01728e-017,2.6226e-017,7.61517e-018,3.78413e-016,9.14622e-016,1.48484e-016,0,0,0,0,7.66718e-018,2.77965e-017,0,2.85328e-016,8.7616e-016
65,14.1292,2.87999e-016,3.44204e-017,0,2.73667e-016,2.47277e-017,0,0,0,0,1.09898e-016,2.45043e-016,4.52118e-017,1.10793e-016,2.27242e-016,3.23018e-017,0,0,0,0,8.27686e-017,2.3965e-016,0,8.3394e-017,2.15001e-016,0,0,0,1.95355e-017,3.7988e-018,0,3.11745e-016,3.65987e-017,0,3.65801e-016,3.30109e-017,0,6.68115e-018,1.72526e-017,5.02639e-018,1.19088e-016,2.65185e-016,4.80545e-017,1.48131e-016,3.03713e-016,4.3121e-017,0,5.0356e-018,1.82987e-017,0,8.96907e-017,2.58653e-016,0,1.11498e-016,2.87315e-016,0,0,0,1.48603e-017,2.89392e-018,0,5.46805e-016,5.62541e-017,0,0,0,0,5.07072e-018,1.31349e-017,3.82908e-018,2.15621e-016,4.5915e-016,7.36845e-017,0,0,0,0,3.82195e-018,1.39322e-017,0,1.62341e-016,4.40719e-016
66,14.6921,1.39706e-016,1.6659e-017,0,1.3117e-016,1.16624e-017,0,0,0,0,5.15693e-017,1.20631e-016,2.18636e-017,5.09648e-017,1.11098e-016,1.52065e-017,0,0,0,0,3.88617e-017,1.17503e-016,0,3.83889e-017,1.04444e-016,0,0,0,9.74517e-018,1.88825e-018,0,1.51116e-016,1.76944e-017,0,1.75322e-016,1.55668e-017,0,3.33798e-018,8.60186e-018,2.49836e-018,5.57817e-017,1.30516e-016,2.32124e-017,6.81352e-017,1.4848e-016,2.02968e-017,0,2.5158e-018,9.11762e-018,0,4.20374e-017,1.26773e-016,0,5.13223e-017,1.39567e-016,0,0,0,7.41425e-018,1.43871e-018,0,2.63462e-016,2.68826e-017,0,0,0,0,2.53398e-018,6.54985e-018,1.90356e-018,1e-016,2.25178e-016,3.51666e-017,0,0,0,0,1.9099e-018,6.94306e-018,0,7.53407e-017,2.15003e-016
67,15.2751,7.03011e-017,8.32416e-018,0,6.67818e-017,5.97882e-018,0,0,0,0,2.55701e-017,6.10922e-017,1.09193e-017,2.53932e-017,5.71178e-017,7.79197e-018,0,0,0,0,1.92745e-017,5.93508e-017,0,1.91343e-017,5.36262e-017,0,0,0,4.763e-018,9.17625e-019,0,7.61055e-017,8.85219e-018,0,8.92647e-017,7.98157e-018,0,1.63561e-018,4.20055e-018,1.21405e-018,2.76658e-017,6.61681e-017,1.16067e-017,3.39489e-017,7.63414e-017,1.04017e-017,0,1.23271e-018,4.44791e-018,0,2.08552e-017,6.41025e-017,0,2.55813e-017,7.1665e-017,0,0,0,3.62333e-018,6.99075e-019,0,1.3346e-016,1.36039e-017,0,0,0,0,1.24149e-018,3.19814e-018,9.24894e-019,4.97218e-017,1.15012e-016,1.77863e-017,0,0,0,0,9.35705e-019,3.3867e-018,0,3.74732e-017,1.0959e-016
68,15.879,3.40529e-017,3.92074e-018,0,3.24388e-017,2.7716e-018,0,0,0,0,1.25705e-017,2.94171e-017,5.14131e-018,1.25795e-017,2.75109e-017,3.60916e-018,0,0,0,0,9.47349e-018,2.85001e-017,0,9.47622e-018,2.57342e-017,0,0,0,2.28061e-018,4.36417e-019,0,3.68819e-017,4.16976e-018,0,4.33602e-017,3.69967e-018,0,7.85361e-019,2.00938e-018,5.77355e-019,1.36098e-017,3.18739e-017,5.46532e-018,1.68184e-017,3.67699e-017,4.81751e-018,0,5.91885e-019,2.12514e-018,0,1.02572e-017,3.07945e-017,0,1.26694e-017,3.43905e-017,0,0,0,1.73507e-018,3.32577e-019,0,6.47566e-017,6.35977e-018,0,0,0,0,5.9606e-019,1.53011e-018,4.39977e-019,2.45539e-017,5.53979e-017,8.3105e-018,0,0,0,0,4.49236e-019,1.61841e-018,0,1.85005e-017,5.26159e-017
69,16.5045,1.65216e-017,1.87679e-018,0,1.6015e-017,1.37826e-018,0,0,0,0,6.06048e-018,1.43138e-017,2.45986e-018,6.14029e-018,1.36519e-017,1.79449e-018,0,0,0,0,4.56798e-018,1.38304e-017,0,4.62641e-018,1.27669e-017,0,0,0,1.04624e-018,1.97305e-019,0,1.79266e-017,2.00242e-018,0,2.14082e-017,1.84011e-018,0,3.62522e-019,9.19859e-019,2.60985e-019,6.57009e-018,1.55404e-017,2.62334e-018,8.20972e-018,1.82479e-017,2.39574e-018,0,2.73196e-019,9.70354e-019,0,4.95231e-018,1.49767e-017,0,6.18562e-018,1.70627e-017,0,0,0,7.9603e-019,1.50391e-019,0,3.17405e-017,3.10467e-018,0,0,0,0,2.7512e-019,7.00553e-019,1.98929e-019,1.19257e-017,2.72652e-017,4.05542e-018,0,0,0,0,2.07338e-019,7.39084e-019,0,8.98705e-018,2.58582e-017
70,17.1525,7.66069e-018,8.34129e-019,0,7.56139e-018,6.24122e-019,0,0,0,0,2.87905e-018,6.57109e-018,1.09275e-018,2.98028e-018,6.36644e-018,8.12288e-019,0,0,0,0,2.16925e-018,6.32557e-018,0,2.24453e-018,5.94098e-018,0,0,0,4.54433e-019,8.40748e-020,0,8.32925e-018,8.92429e-019,0,1.01084e-017,8.33327e-019,0,1.58804e-019,3.98347e-019,1.11189e-019,3.12819e-018,7.14818e-018,1.16862e-018,3.98501e-018,8.5102e-018,1.08453e-018,0,1.19663e-019,4.18844e-019,0,2.35706e-018,6.86462e-018,0,3.00121e-018,7.94052e-018,0,0,0,3.45806e-019,6.41143e-020,0,1.48763e-017,1.39414e-018,0,0,0,0,1.20497e-019,3.03463e-019,8.47906e-020,5.73884e-018,1.26341e-017,1.82025e-018,0,0,0,0,9.08017e-020,3.19118e-019,0,4.32298e-018,1.19474e-017
71,17.8236,3.42948e-018,3.41312e-019,0,3.48863e-018,2.61188e-019,0,0,0,0,1.28356e-018,2.95035e-018,4.46004e-019,1.35939e-018,2.95585e-018,3.3865e-019,0,0,0,0,9.67321e-019,2.80347e-018,0,1.02411e-018,2.72571e-018,0,0,0,1.82048e-019,3.32145e-020,0,3.73974e-018,3.6577e-019,0,4.66425e-018,3.48775e-019,0,6.41106e-020,1.5913e-019,4.39211e-020,1.39824e-018,3.21938e-018,4.77713e-019,1.8178e-018,3.95165e-018,4.52197e-019,0,4.83046e-020,1.66958e-019,0,1.05379e-018,3.05172e-018,0,1.36946e-018,3.64357e-018,0,0,0,1.38531e-019,2.53306e-020,0,6.77958e-018,5.77169e-019,0,0,0,0,4.86382e-020,1.21235e-019,3.34956e-020,2.59431e-018,5.78496e-018,7.51158e-019,0,0,0,0,3.66485e-020,1.27213e-019,0,1.95478e-018,5.40196e-018
72,18.5187,1.3982e-018,1.35199e-019,0,1.44846e-018,1.05707e-019,0,0,0,0,5.6653e-019,1.15962e-018,1.76946e-019,6.18084e-019,1.17334e-018,1.37455e-019,0,0,0,0,4.26382e-019,1.10702e-018,0,4.6494e-019,1.08923e-018,0,0,0,6.86258e-020,1.2696e-020,0,1.52767e-018,1.45122e-019,0,1.9367e-018,1.4117e-019,0,2.39705e-020,6.01674e-020,1.67903e-020,6.19659e-019,1.26658e-018,1.89849e-019,8.26591e-019,1.56868e-018,1.83562e-019,0,1.80626e-020,6.32592e-020,0,4.66371e-019,1.20642e-018,0,6.21784e-019,1.45608e-018,0,0,0,5.22256e-020,9.68314e-021,0,2.79444e-018,2.31223e-019,0,0,0,0,1.81879e-020,4.5841e-020,1.28058e-020,1.16643e-018,2.28712e-018,3.01595e-019,0,0,0,0,1.37058e-020,4.82029e-020,0,8.77616e-019,2.14805e-018
73,19.2387,5.24391e-019,5.17317e-020,0,5.45288e-019,4.13357e-020,0,0,0,0,2.00965e-019,4.4643e-019,6.76288e-020,2.17923e-019,4.56461e-019,5.36724e-020,0,0,0,0,1.5139e-019,4.24733e-019,0,1.641e-019,4.22523e-019,0,0,0,2.53063e-020,4.66903e-021,0,5.73171e-019,5.56283e-020,0,7.29097e-019,5.52084e-020,0,8.84893e-021,2.21788e-020,6.17456e-021,2.19598e-019,4.88113e-019,7.26888e-020,2.91433e-019,6.10283e-019,7.16832e-020,0,6.6679e-021,2.33075e-020,0,1.65432e-019,4.63367e-019,0,2.19454e-019,5.64851e-019,0,0,0,1.92588e-020,3.56147e-021,0,1.05042e-018,8.9506e-020,0,0,0,0,6.71348e-021,1.68988e-020,4.70984e-021,4.12174e-019,8.85992e-019,1.16591e-019,0,0,0,0,5.05903e-021,1.77612e-020,0,3.10431e-019,8.29494e-019
74,19.9844,1.94763e-019,1.89582e-020,0,2.05179e-019,1.55116e-020,0,0,0,0,7.50732e-020,1.65396e-019,2.4779e-020,8.24114e-020,1.71343e-019,2.01432e-020,0,0,0,0,5.65492e-020,1.57172e-019,0,6.20522e-020,1.58638e-019,0,0,0,8.87612e-021,1.63507e-021,0,2.13135e-019,2.04257e-020,0,2.74354e-019,2.07197e-020,0,3.10526e-021,7.77788e-021,2.16227e-021,8.21335e-020,1.81053e-019,2.66851e-020,1.10215e-019,2.29095e-019,2.69055e-020,0,2.33989e-021,8.17131e-021,0,6.18691e-020,1.71692e-019,0,8.29869e-020,2.12087e-019,0,0,0,6.75447e-021,1.24737e-021,0,3.93187e-019,3.32225e-020,0,0,0,0,2.35529e-021,5.92622e-021,1.64955e-021,1.55129e-019,3.30813e-019,4.32727e-020,0,0,0,0,1.77486e-021,6.22698e-021,0,1.16827e-019,3.09583e-019
75,20.7569,6.86639e-020,6.73681e-021,0,7.30285e-020,5.71393e-021,0,0,0,0,2.64238e-020,5.8349e-020,8.80674e-021,2.91716e-020,6.11283e-020,7.42717e-021,0,0,0,0,1.99042e-020,5.54965e-020,0,2.19662e-020,5.67763e-020,0,0,0,2.98872e-021,5.45949e-022,0,7.52121e-020,7.27297e-021,0,9.76531e-020,7.63365e-021,0,1.04933e-021,2.61562e-021,7.21917e-022,2.8936e-020,6.39323e-020,9.50369e-021,3.9014e-020,8.17349e-020,9.92224e-021,0,7.90663e-022,2.744e-021,0,2.17971e-020,6.0688e-020,0,2.93774e-020,7.59093e-020,0,0,0,2.27428e-021,4.16424e-022,0,1.39418e-019,1.20343e-020,0,0,0,0,7.95991e-022,1.99279e-021,5.50641e-022,5.47994e-020,1.17484e-019,1.56833e-020,0,0,0,0,5.99804e-022,2.0909e-021,0,4.12706e-020,1.10182e-019
76,21.557,2.30944e-020,2.16051e-021,0,2.46443e-020,1.79362e-021,0,0,0,0,9.04478e-021,1.9477e-020,2.82205e-021,1.00495e-020,2.0435e-020,2.32752e-021,0,0,0,0,6.81152e-021,1.84434e-020,0,7.56524e-021,1.88727e-020,0,0,0,9.89014e-022,1.82033e-022,0,2.53048e-020,2.32943e-021,0,3.29545e-020,2.396e-021,0,3.455e-022,8.67164e-022,2.40718e-022,9.91192e-021,2.13436e-020,3.04128e-021,1.34405e-020,2.73238e-020,3.10911e-021,0,2.6035e-022,9.10697e-022,0,7.46469e-021,2.01696e-020,0,1.01179e-020,2.52326e-020,0,0,0,7.5258e-022,1.38857e-022,0,4.69861e-020,3.81528e-021,0,0,0,0,2.62063e-022,6.60675e-022,1.83621e-022,1.88323e-020,3.92513e-020,4.96595e-021,0,0,0,0,1.97486e-022,6.9395e-022,0,1.41793e-020,3.66221e-020
77,22.3857,7.65596e-021,7.12796e-022,0,8.21835e-021,6.02296e-022,0,0,0,0,2.87224e-021,6.58451e-021,9.29686e-022,3.18477e-021,6.98236e-021,7.80138e-022,0,0,0,0,2.1647e-021,6.20405e-021,0,2.39957e-021,6.42107e-021,0,0,0,3.19415e-022,5.81195e-023,0,8.39228e-021,7.694e-022,0,1.09899e-020,8.04637e-022,0,1.12329e-022,2.79379e-022,7.68493e-023,3.14564e-021,7.22187e-021,1.00301e-021,4.25936e-021,9.33655e-021,1.04219e-021,0,8.46377e-023,2.92897e-022,0,2.37084e-021,6.79083e-021,0,3.20922e-021,8.58527e-021,0,0,0,2.43022e-022,4.43326e-023,0,1.56313e-020,1.27076e-021,0,0,0,0,8.51818e-023,2.12834e-022,5.86191e-023,5.97182e-021,1.3354e-020,1.6512e-021,0,0,0,0,6.41862e-023,2.23169e-022,0,4.50009e-021,1.2402e-020
78,23.2441,2.47828e-021,2.31802e-022,0,2.67766e-021,1.99893e-022,0,0,0,0,9.74729e-022,2.08593e-021,3.02818e-022,1.09355e-021,2.21813e-021,2.59641e-022,0,0,0,0,7.34003e-022,1.97608e-021,0,8.23176e-022,2.05438e-021,0,0,0,9.95478e-023,1.81143e-023,0,2.71874e-021,2.50591e-022,0,3.58073e-021,2.67071e-022,0,3.492e-023,8.7159e-023,2.3951e-023,1.06943e-021,2.28856e-021,3.27226e-022,1.46258e-021,2.96602e-021,3.46889e-022,0,2.63128e-023,9.13493e-023,0,8.05332e-022,2.164e-021,0,1.10097e-021,2.74684e-021,0,0,0,7.57446e-023,1.38178e-023,0,5.08019e-021,4.17878e-022,0,0,0,0,2.64841e-023,6.64015e-023,1.827e-023,2.0418e-021,4.23765e-021,5.44189e-022,0,0,0,0,1.99572e-023,6.96052e-023,0,1.53722e-021,3.96085e-021
79,24.1332,7.76752e-022,6.83401e-023,0,8.43903e-022,5.84164e-023,0,0,0,0,2.9268e-022,6.67171e-022,8.89903e-023,3.2774e-022,7.1662e-022,7.5506e-023,0,0,0,0,2.20582e-022,6.2451e-022,0,2.46942e-022,6.55378e-022,0,0,0,3.02668e-023,5.40422e-024,0,8.52582e-022,7.3868e-023,0,1.12854e-021,7.80448e-023,0,1.0723e-023,2.64038e-023,7.14437e-024,3.2094e-022,7.32736e-022,9.6138e-023,4.38339e-022,9.58277e-022,1.00874e-022,0,8.07899e-024,2.75921e-023,0,2.4189e-022,6.8456e-022,0,3.30274e-022,8.76312e-022,0,0,0,2.3029e-023,4.12318e-024,0,1.59763e-021,1.22633e-022,0,0,0,0,8.13088e-024,2.01168e-023,5.4508e-024,6.1229e-022,1.36367e-021,1.59046e-022,0,0,0,0,6.12633e-024,2.10258e-023,0,4.61398e-022,1.25886e-021
80,25.0541,2.39497e-022,2.04988e-023,0,2.64283e-022,1.82052e-023,0,0,0,0,9.43409e-023,2.0163e-022,2.67093e-023,1.07435e-022,2.19586e-022,2.35736e-023,0,0,0,0,7.10482e-023,1.88948e-022,0,8.08853e-023,2.01603e-022,0,0,0,8.50195e-024,1.49875e-024,0,2.63298e-022,2.22103e-023,0,3.5344e-022,2.43264e-023,0,3.02868e-024,7.40206e-024,1.98109e-024,1.03698e-022,2.21719e-022,2.89259e-023,1.43697e-022,2.93649e-022,3.14989e-023,0,2.28174e-024,7.71895e-024,0,7.80966e-023,2.07411e-022,0,1.08186e-022,2.69581e-022,0,0,0,6.46849e-024,1.14333e-024,0,4.97312e-022,3.75607e-023,0,0,0,0,2.29658e-024,5.63915e-024,1.51127e-024,1.9948e-022,4.15577e-022,4.87716e-023,0,0,0,0,1.73028e-024,5.88153e-024,0,1.50203e-022,3.84669e-022
81,26.008,6.76668e-023,5.44404e-024,0,7.49761e-023,4.72358e-024,0,0,0,0,2.72262e-023,5.64266e-023,7.08484e-024,3.12231e-023,6.15896e-023,6.10224e-024,0,0,0,0,2.04981e-023,5.26127e-023,0,2.34995e-023,5.62002e-023,0,0,0,2.33548e-024,4.16343e-025,0,7.44272e-023,5.89151e-024,0,1.00271e-022,6.31115e-024,0,8.25806e-025,2.0391e-024,5.50374e-025,2.99529e-023,6.20672e-023,7.66316e-024,4.17625e-023,8.23632e-023,8.15291e-024,0,6.22207e-025,2.12961e-024,0,2.25514e-023,5.77673e-023,0,3.14317e-023,7.51504e-023,0,0,0,1.77695e-024,3.17672e-025,0,1.40866e-022,9.84995e-024,0,0,0,0,6.26128e-025,1.55356e-024,4.19937e-025,5.78232e-023,1.16463e-022,1.27672e-023,0,0,0,0,4.71784e-025,1.62284e-024,0,4.35258e-023,1.0719e-022
82,26.996,1.87879e-023,1.51605e-024,0,2.09916e-023,1.3688e-024,0,0,0,0,7.19376e-024,1.60358e-023,1.96958e-024,8.24515e-024,1.77404e-023,1.76584e-024,0,0,0,0,5.42071e-024,1.48832e-023,0,6.21158e-024,1.61488e-023,0,0,0,6.12221e-025,1.05448e-025,0,2.06836e-023,1.64578e-024,0,2.80743e-023,1.82915e-024,0,2.19944e-025,5.31404e-025,1.39348e-025,7.91294e-024,1.7663e-023,2.13702e-024,1.10283e-023,2.37251e-023,2.35965e-024,0,1.65687e-025,5.51981e-025,0,5.96283e-024,1.63666e-023,0,8.30828e-024,2.15952e-023,0,0,0,4.6581e-025,8.0468e-026,0,3.93136e-023,2.80438e-024,0,0,0,0,1.66751e-025,4.04896e-025,1.06337e-025,1.52722e-023,3.33713e-023,3.62908e-024,0,0,0,0,1.25623e-025,4.20655e-025,0,1.15067e-023,3.06113e-023
83,28.0193,5.02168e-024,3.5876e-025,0,5.69761e-024,3.23444e-025,0,0,0,0,2.0305e-024,4.18207e-024,4.65072e-025,2.36916e-024,4.68758e-024,4.15972e-025,0,0,0,0,1.5288e-024,3.85164e-024,0,1.7833e-024,4.23776e-024,0,0,0,1.45502e-025,2.48133e-026,0,5.53777e-024,3.89649e-025,0,7.6204e-024,4.32219e-025,0,5.24968e-026,1.26093e-025,3.27872e-026,2.23888e-024,4.6128e-024,5.04829e-025,3.16903e-024,6.26921e-024,5.55845e-025,0,3.95448e-026,1.3077e-025,0,1.68572e-024,4.24171e-024,0,2.38537e-024,5.66725e-024,0,0,0,1.10707e-025,1.89404e-026,0,1.06086e-023,6.63264e-025,0,0,0,0,3.9793e-026,9.60852e-026,2.50269e-026,4.35987e-024,8.77357e-024,8.56017e-025,0,0,0,0,2.9977e-026,9.96706e-026,0,3.28212e-024,7.98973e-024
84,29.0793,1.21743e-024,8.51109e-026,0,1.40373e-024,8.08622e-026,0,0,0,0,4.98867e-025,1.0074e-024,1.10308e-025,5.89555e-025,1.14885e-024,1.04119e-025,0,0,0,0,3.75528e-025,9.2701e-025,0,4.43688e-025,1.0409e-024,0,0,0,3.07909e-026,5.12341e-027,0,1.34477e-024,9.2786e-026,0,1.87755e-024,1.08079e-025,0,1.1222e-026,2.65831e-026,6.76809e-027,5.50986e-025,1.11297e-024,1.20197e-025,7.88629e-025,1.53656e-024,1.39161e-025,0,8.45239e-027,2.7462e-026,0,4.14767e-025,1.02279e-024,0,5.93506e-025,1.39212e-024,0,0,0,2.34242e-026,3.91071e-027,0,2.59773e-024,1.62062e-025,0,0,0,0,8.50414e-027,2.0255e-026,5.16607e-027,1.07992e-024,2.13599e-024,2.09262e-025,0,0,0,0,6.40566e-027,2.09292e-026,0,8.1281e-025,1.94699e-024
85,30.1773,2.62657e-025,1.64342e-026,0,3.05437e-025,1.53448e-026,0,0,0,0,1.11451e-025,2.13682e-025,2.12453e-026,1.33e-025,2.45443e-025,1.96782e-026,0,0,0,0,8.38563e-026,1.95235e-025,0,1.00044e-025,2.20738e-025,0,0,0,6.07748e-027,1.03465e-027,0,2.90437e-025,1.7898e-026,0,4.08545e-025,2.05081e-026,0,2.18662e-027,5.27318e-027,1.36704e-027,1.23287e-025,2.36263e-025,2.31241e-026,1.77914e-025,3.28284e-025,2.62989e-026,0,1.64723e-027,5.46491e-027,0,9.27618e-026,2.15573e-025,0,1.33829e-025,2.95225e-025,0,0,0,4.62398e-027,7.8986e-028,0,5.6347e-025,3.09891e-026,0,0,0,0,1.65717e-027,4.01833e-027,1.0436e-027,2.42794e-025,4.55107e-025,3.98799e-026,0,0,0,0,1.24845e-027,4.16539e-027,0,1.82652e-025,4.11807e-025
86,31.3145,5.28596e-026,3.32076e-027,0,6.18711e-026,3.20371e-027,0,0,0,0,2.09883e-026,4.44575e-026,4.27945e-027,2.50409e-026,5.16275e-026,4.09569e-027,0,0,0,0,1.58093e-026,4.0371e-026,0,1.88586e-026,4.62162e-026,0,0,0,1.14431e-027,1.89107e-028,0,5.84886e-026,3.62612e-027,0,8.27589e-026,4.28228e-027,0,4.18012e-028,9.8709e-028,2.49792e-028,2.32114e-026,4.92089e-026,4.67019e-027,3.34973e-026,6.90549e-026,5.47437e-027,0,3.14838e-028,1.01857e-027,0,1.74842e-026,4.46306e-026,0,2.52272e-026,6.1814e-026,0,0,0,8.70533e-028,1.44386e-028,0,1.1386e-025,6.38009e-027,0,0,0,0,3.16709e-028,7.52184e-028,1.9072e-028,4.57125e-026,9.53329e-026,8.18441e-027,0,0,0,0,2.38554e-028,7.76366e-028,0,3.44294e-026,8.58108e-026
87,32.4924,1.01893e-026,6.21546e-028,0,1.20861e-026,6.22208e-028,0,0,0,0,4.33625e-027,8.27827e-027,8.02809e-028,5.2497e-027,9.72385e-027,7.98716e-028,0,0,0,0,3.26252e-027,7.54835e-027,0,3.94897e-027,8.75936e-027,0,0,0,1.87669e-028,3.13034e-029,0,1.12912e-026,6.80516e-028,0,1.61671e-026,8.318e-028,0,6.79959e-029,1.6242e-028,4.13499e-029,4.80628e-027,9.17326e-027,8.78558e-028,7.02282e-027,1.30067e-026,1.06774e-027,0,5.12192e-029,1.67753e-028,0,3.61618e-027,8.35557e-027,0,5.28276e-027,1.17161e-026,0,0,0,1.42761e-028,2.38992e-029,0,2.21327e-026,1.21985e-027,0,0,0,0,5.15118e-029,1.2376e-028,3.15694e-029,9.53444e-027,1.78784e-026,1.56996e-027,0,0,0,0,3.88047e-029,1.27856e-028,0,7.17269e-027,1.61798e-026
88,33.7125,1.71932e-027,9.46038e-029,0,2.04308e-027,9.2632e-029,0,0,0,0,6.93817e-028,1.43616e-027,1.21287e-028,8.38658e-028,1.69429e-027,1.17679e-028,0,0,0,0,5.22525e-028,1.2914e-027,0,6.31508e-028,1.50421e-027,0,0,0,3.08707e-029,5.13394e-030,0,1.90568e-027,1.03419e-028,0,2.73296e-027,1.23825e-028,0,1.11976e-029,2.67063e-029,6.7814e-030,7.68837e-028,1.59215e-027,1.32498e-028,1.12191e-027,2.26633e-027,1.573e-028,0,8.43467e-030,2.757e-029,0,5.79033e-028,1.43007e-027,0,8.44799e-028,2.01198e-027,0,0,0,2.34841e-029,3.91991e-030,0,3.73892e-027,1.83316e-028,0,0,0,0,8.48307e-030,2.03501e-029,5.17778e-030,1.52399e-027,3.1101e-027,2.33788e-028,0,0,0,0,6.39035e-030,2.10136e-029,0,1.14764e-027,2.7746e-027
89,34.9762,2.90483e-028,1.58638e-029,0,3.47255e-028,1.60474e-029,0,0,0,0,1.17158e-028,2.42717e-028,2.03303e-029,1.4215e-028,2.88338e-028,2.04048e-029,0,0,0,0,8.82353e-029,2.18111e-028,0,1.07043e-028,2.56259e-028,0,0,0,4.81048e-030,7.6577e-031,0,3.22165e-028,1.73854e-029,0,4.64519e-028,2.14537e-029,0,1.77664e-030,4.13298e-030,1.01103e-030,1.29887e-028,2.69261e-028,2.22668e-029,1.90164e-028,3.85696e-028,2.72784e-029,0,1.338e-030,4.23824e-030,0,9.7823e-029,2.41727e-028,0,1.43198e-028,3.42774e-028,0,0,0,3.65886e-030,5.84701e-031,0,6.34079e-028,3.13265e-029,0,0,0,0,1.34565e-030,3.14906e-030,7.71969e-031,2.57963e-028,5.27906e-028,3.99631e-029,0,0,0,0,1.01348e-030,3.23008e-030,0,1.94265e-028,4.71141e-028
90,36.2852,4.69385e-029,2.07445e-030,0,5.65969e-029,2.04688e-030,0,0,0,0,1.99923e-029,3.8199e-029,2.63852e-030,2.4488e-029,4.572e-029,2.57459e-030,0,0,0,0,1.50451e-029,3.39679e-029,0,1.84254e-029,4.02183e-029,0,0,0,6.76046e-031,1.09316e-031,0,5.21105e-029,2.26943e-030,0,7.57108e-029,2.73622e-030,0,2.47518e-031,5.82846e-031,1.44347e-031,2.21969e-029,4.24098e-029,2.88413e-030,3.276e-029,6.1159e-029,3.4415e-030,0,1.86428e-031,5.98934e-031,0,1.67042e-029,3.76758e-029,0,2.46495e-029,5.37976e-029,0,0,0,5.14191e-031,8.3475e-032,0,1.03021e-028,4.03786e-030,0,0,0,0,1.87441e-031,4.44096e-031,1.10225e-031,4.42929e-029,8.34749e-029,5.10289e-030,0,0,0,0,1.41188e-031,4.56478e-031,0,3.33293e-029,7.37298e-029
91,37.641,6.86728e-030,3.01551e-031,0,8.33085e-030,3.06753e-031,0,0,0,0,2.81438e-030,5.7005e-030,3.82324e-031,3.45719e-030,6.87805e-030,3.84861e-031,0,0,0,0,2.11933e-030,5.0495e-030,0,2.60308e-030,6.03453e-030,0,0,0,8.83552e-032,1.41612e-032,0,7.62943e-030,3.30696e-031,0,1.11446e-029,4.10107e-031,0,3.24685e-032,7.60668e-032,1.86975e-032,3.1261e-030,6.33425e-030,4.18942e-031,4.62506e-030,9.20089e-030,5.14512e-031,0,2.4454e-032,7.80624e-032,0,2.35409e-030,5.60604e-030,0,3.48242e-030,8.07225e-030,0,0,0,6.72002e-032,1.08146e-032,0,1.51309e-029,5.9749e-031,0,0,0,0,2.45859e-032,5.79592e-032,1.42788e-032,6.24698e-030,1.25206e-029,7.52907e-031,0,0,0,0,1.85183e-032,5.94965e-032,0,4.70388e-030,1.10245e-029
92,39.0453,9.38697e-031,3.96919e-032,0,1.14714e-030,4.16569e-032,0,0,0,0,3.89087e-031,7.74937e-031,5.02508e-032,4.80677e-031,9.42473e-031,5.22575e-032,0,0,0,0,2.92946e-031,6.85443e-031,0,3.61867e-031,8.26926e-031,0,0,0,1.03595e-032,1.62425e-033,0,1.04375e-030,4.36389e-032,0,1.53461e-030,5.56986e-032,0,3.84596e-033,8.88297e-033,2.14408e-033,4.32552e-031,8.61796e-031,5.52085e-032,6.43064e-031,1.26079e-030,6.98701e-032,0,2.89627e-033,9.08749e-033,0,3.25673e-031,7.61717e-031,0,4.84116e-031,1.10619e-030,0,0,0,7.87816e-033,1.24054e-033,0,2.07795e-030,8.01083e-032,0,0,0,0,2.91151e-033,6.76811e-033,1.63757e-033,8.66852e-031,1.71064e-030,1.00871e-031,0,0,0,0,2.19272e-033,6.92598e-033,0,6.5262e-031,1.50544e-030
93,40.4999,1.15733e-031,4.69719e-033,0,1.42645e-031,5.11281e-033,0,0,0,0,5.00074e-032,9.35068e-032,5.95144e-033,6.22362e-032,1.14713e-031,6.43204e-033,0,0,0,0,3.76256e-032,8.28047e-032,0,4.68221e-032,1.00935e-031,0,0,0,1.02407e-033,1.58821e-034,0,1.28817e-031,5.17922e-033,0,1.90831e-031,6.83711e-033,0,3.80691e-034,8.7778e-034,2.09614e-034,5.56615e-032,1.04082e-031,6.55844e-033,8.3263e-032,1.53461e-031,8.60105e-033,0,2.86687e-034,8.96206e-034,0,4.188e-032,9.2116e-032,0,6.26411e-032,1.35027e-031,0,0,0,7.78717e-034,1.21303e-034,0,2.57599e-031,9.68869e-033,0,0,0,0,2.88149e-034,6.68765e-034,1.60097e-034,1.11956e-031,2.07551e-031,1.22234e-032,0,0,0,0,2.17012e-034,6.83008e-034,0,8.42307e-032,1.83057e-031
94,42.0065,1.21806e-032,4.00593e-034,0,1.50782e-032,4.30673e-034,0,0,0,0,5.18648e-033,9.92836e-033,4.99618e-034,6.47291e-033,1.22438e-032,5.31357e-034,0,0,0,0,3.90366e-033,8.67752e-033,0,4.87152e-033,1.06374e-032,0,0,0,9.42314e-035,1.45051e-035,0,1.35646e-032,4.41283e-034,0,2.0172e-032,5.75894e-034,0,3.51099e-035,8.07003e-035,1.91423e-035,5.77545e-033,1.10573e-032,5.49898e-034,8.65988e-033,1.63798e-032,7.105e-034,0,2.64397e-035,8.22969e-035,0,4.34697e-033,9.65889e-033,0,6.51744e-033,1.42305e-032,0,0,0,7.16485e-035,1.1079e-035,0,2.71872e-032,8.20187e-034,0,0,0,0,2.65705e-035,6.14815e-035,1.46208e-035,1.16328e-032,2.21107e-032,1.01635e-033,0,0,0,0,2.00104e-035,6.2717e-035,0,8.75517e-033,1.92522e-032
95,43.5671,1.19956e-033,3.65197e-035,0,1.49233e-033,3.99406e-035,0,0,0,0,5.1306e-034,9.75744e-034,4.52868e-035,6.42762e-034,1.20993e-033,4.90037e-035,0,0,0,0,3.86144e-034,8.49933e-034,0,4.83729e-034,1.04854e-033,0,0,0,7.71841e-036,1.198e-036,0,1.33667e-033,4.02851e-035,0,1.99651e-033,5.34115e-035,0,2.86229e-036,6.62273e-036,1.5811e-036,5.71689e-034,1.08733e-033,4.99136e-035,8.59937e-034,1.61868e-033,6.5529e-035,0,2.15559e-036,6.76081e-036,0,4.30271e-034,9.46685e-034,0,6.4717e-034,1.40275e-033,0,0,0,5.86834e-036,9.15054e-037,0,2.68602e-033,7.55452e-035,0,0,0,0,2.16578e-036,5.0454e-036,1.20767e-036,1.15366e-033,2.18063e-033,9.30829e-035,0,0,0,0,1.63117e-036,5.15223e-036,0,8.68242e-034,1.89333e-033
96,45.1835,1.06283e-034,3.17249e-036,0,1.32726e-034,3.55301e-036,0,0,0,0,4.44853e-035,8.7442e-035,3.91801e-036,5.58556e-035,1.08933e-034,4.34648e-036,0,0,0,0,3.34934e-035,7.59625e-035,0,4.2052e-035,9.42267e-035,0,0,0,5.73661e-037,8.88801e-038,0,1.18492e-034,3.50638e-036,0,1.77568e-034,4.75173e-036,0,2.12869e-037,4.92109e-037,1.173e-037,4.95916e-035,9.74928e-035,4.32701e-036,7.47283e-035,1.45736e-034,5.81272e-036,0,1.60311e-037,5.0223e-037,0,3.73381e-035,8.46599e-035,0,5.62607e-035,1.26059e-034,0,0,0,4.36221e-037,6.78893e-038,0,2.38573e-034,6.65761e-036,0,0,0,0,1.61118e-037,3.74935e-037,8.9597e-038,1.0018e-034,1.96e-034,8.17489e-036,0,0,0,0,1.21346e-037,3.82765e-037,0,7.5424e-035,1.69806e-034
97,46.8577,8.64398e-036,2.50263e-037,0,1.08352e-035,2.86433e-037,0,0,0,0,3.60965e-036,7.12082e-036,3.08149e-037,4.54468e-036,8.90847e-036,3.49817e-037,0,0,0,0,2.71788e-036,6.17637e-036,0,3.42176e-036,7.69982e-036,0,0,0,3.81078e-038,5.88945e-039,0,9.64135e-036,2.77104e-037,0,1.4496e-035,3.83099e-037,0,1.41489e-038,3.26835e-038,7.77235e-039,4.02587e-036,7.94292e-036,3.40967e-037,6.08029e-036,1.19183e-035,4.6786e-037,0,1.06555e-038,3.33418e-038,0,3.03128e-036,6.88717e-036,0,4.57795e-036,1.03012e-035,0,0,0,2.89764e-038,4.49866e-039,0,1.94502e-035,5.32198e-037,0,0,0,0,1.07081e-038,2.49008e-038,5.9369e-039,8.14362e-036,1.60044e-035,6.52029e-037,0,0,0,0,8.06478e-039,2.54103e-038,0,6.13158e-036,1.38508e-035
98,48.5919,6.39211e-037,1.78105e-038,0,8.04368e-037,2.0882e-038,0,0,0,0,2.66817e-037,5.26759e-037,2.18507e-038,3.36867e-037,6.61897e-037,2.54511e-038,0,0,0,0,2.00904e-037,4.56118e-037,0,2.53641e-037,5.71609e-037,0,0,0,2.1606e-039,3.2882e-040,0,7.13308e-037,1.97608e-038,0,1.07615e-036,2.79315e-038,0,8.07843e-040,1.84788e-039,4.33879e-040,2.97728e-037,5.87852e-037,2.423e-038,4.50695e-037,8.85537e-037,3.40423e-038,0,6.08329e-040,1.88109e-039,0,2.24179e-037,5.0889e-037,0,3.39347e-037,7.64737e-037,0,0,0,1.64276e-039,2.51171e-040,0,1.44194e-036,3.84413e-038,0,0,0,0,6.11341e-040,1.40779e-039,3.3142e-040,6.03073e-037,1.18725e-036,4.69704e-038,0,0,0,0,4.6039e-040,1.43354e-039,0,4.54084e-037,1.02629e-036
99,50.3881,4.10956e-038,1.09588e-039,0,5.18796e-038,1.3113e-039,0,0,0,0,1.76277e-038,3.33927e-038,1.34338e-039,2.23112e-038,4.21044e-038,1.59951e-039,0,0,0,0,1.32671e-038,2.89244e-038,0,1.67916e-038,3.63992e-038,0,0,0,1.0387e-040,1.54422e-041,0,4.58777e-038,1.21801e-039,0,6.94096e-038,1.75409e-039,0,3.91237e-041,8.85843e-041,2.03699e-041,1.96785e-038,3.72794e-038,1.49245e-039,2.98503e-038,5.63311e-038,2.13959e-039,0,2.94592e-041,8.9853e-041,0,1.48106e-038,3.22851e-038,0,2.24657e-038,4.8698e-038,0,0,0,7.89689e-041,1.17955e-041,0,9.28962e-038,2.39539e-039,0,0,0,0,2.9605e-041,6.74828e-041,1.55596e-041,3.99092e-038,7.54295e-038,2.92733e-039,0,0,0,0,2.22934e-041,6.8471e-041,0,3.00365e-038,6.52551e-038
100,52.2486,2.30994e-039,4.41691e-041,0,2.92417e-039,5.29197e-041,0,0,0,0,1.00187e-039,1.8676e-039,5.21983e-041,1.27068e-039,2.3621e-039,6.20783e-041,0,0,0,0,7.53975e-040,1.60013e-039,0,9.56253e-040,2.02084e-039,0,0,0,4.13518e-042,6.10176e-043,0,2.57963e-039,4.90968e-041,0,3.91227e-039,7.07896e-041,0,1.56122e-042,3.52341e-042,8.04812e-043,1.11883e-039,2.08569e-039,5.79846e-041,1.70006e-039,3.16026e-039,8.30389e-041,0,1.17553e-042,3.56982e-042,0,8.41996e-040,1.78673e-039,0,1.27939e-039,2.70367e-039,0,0,0,3.14339e-042,4.66079e-043,0,5.23096e-039,9.66227e-041,0,0,0,0,1.18109e-042,2.68386e-042,6.14751e-043,2.27137e-039,4.22702e-039,1.13662e-040,0,0,0,0,8.89374e-043,2.7201e-042,0,1.70934e-039,3.61825e-039
101,54.1757,1.10739e-040,1.88743e-042,0,1.40474e-040,2.3006e-042,0,0,0,0,4.83277e-041,8.92559e-041,2.19621e-042,6.13706e-041,1.13166e-040,2.66075e-042,0,0,0,0,3.63671e-041,7.62589e-041,0,4.61816e-041,9.65931e-041,0,0,0,1.3108e-043,1.91507e-044,0,1.23706e-040,2.10097e-042,0,1.87942e-040,3.07763e-042,0,4.97854e-044,1.11407e-043,2.52576e-044,5.39875e-041,9.97075e-041,2.44334e-042,8.2109e-041,1.51406e-040,3.55936e-042,0,3.74833e-044,1.12747e-043,0,4.06262e-041,8.51806e-041,0,6.17873e-041,1.29233e-040,0,0,0,9.97428e-044,1.46234e-044,0,2.51113e-040,4.17341e-042,0,0,0,0,3.77537e-044,8.48991e-044,1.92867e-044,1.09661e-040,2.02337e-040,4.83767e-042,0,0,0,0,2.84261e-044,8.59401e-044,0,8.25203e-041,1.72766e-040
102,56.1718,4.38973e-042,6.68052e-044,0,5.57557e-042,8.21394e-044,0,0,0,0,1.92166e-042,3.53299e-042,7.63491e-044,2.44273e-042,4.48569e-042,9.33483e-044,0,0,0,0,1.44603e-042,3.01051e-042,0,1.83812e-042,3.81959e-042,0,0,0,3.17176e-045,4.63016e-046,0,4.90507e-042,7.45074e-044,0,7.45966e-042,1.09884e-043,0,1.2027e-045,2.69778e-045,6.10639e-046,2.14724e-042,3.94778e-042,8.51233e-044,3.26818e-042,6.00148e-042,1.24877e-043,0,9.05535e-046,2.72924e-045,0,1.61578e-042,3.3638e-042,0,2.45926e-042,5.11028e-042,0,0,0,2.42506e-045,3.55548e-046,0,9.96288e-042,1.48589e-043,0,0,0,0,9.15669e-046,2.06643e-045,4.68906e-046,4.36347e-042,8.01661e-042,1.69228e-043,0,0,0,0,6.89468e-046,2.09114e-045,0,3.28346e-042,6.82801e-042
103,58.2393,1.38168e-043,1.92378e-045,0,1.75669e-043,2.3849e-045,0,0,0,0,6.06439e-044,1.11059e-043,2.16424e-045,7.71504e-044,1.41161e-043,2.67011e-045,0,0,0,0,4.56327e-044,9.44588e-044,0,5.80531e-044,1.20001e-043,0,0,0,5.32428e-047,7.91939e-048,0,1.54417e-043,2.14904e-045,0,2.35031e-043,3.19053e-045,0,1.99405e-047,4.55222e-047,1.04455e-047,6.77746e-044,1.24122e-043,2.41743e-045,1.03222e-043,1.88863e-043,3.57202e-045,0,1.50161e-047,4.61461e-047,0,5.09984e-044,1.05568e-043,0,7.76708e-044,1.60551e-043,0,0,0,4.10868e-047,6.14753e-048,0,3.13796e-043,4.30253e-045,0,0,0,0,1.52947e-047,3.52192e-047,8.10846e-048,1.37779e-043,2.52185e-043,4.82624e-045,0,0,0,0,1.15187e-047,3.57157e-047,0,1.03674e-043,2.14424e-043
104,60.3807,3.16817e-045,4.40453e-047,0,4.03088e-045,5.5048e-047,0,0,0,0,1.35769e-045,2.57976e-045,4.92139e-047,1.72814e-045,3.2816e-045,6.12908e-047,0,0,0,0,1.02203e-045,2.19019e-045,0,1.30089e-045,2.78504e-045,0,0,0,5.99177e-049,9.05516e-050,0,3.54111e-045,4.92486e-047,0,5.39302e-045,7.36452e-047,0,2.21193e-049,5.15388e-049,1.1944e-049,1.51747e-045,2.88347e-045,5.50317e-047,2.31213e-045,4.39053e-045,8.19959e-047,0,1.66604e-049,5.23125e-049,0,1.14231e-045,2.44805e-045,0,1.7405e-045,3.72617e-045,0,0,0,4.69898e-049,7.16552e-050,0,7.19859e-045,9.90216e-047,0,0,0,0,1.71844e-049,4.05761e-049,9.45148e-050,3.08567e-045,5.86096e-045,1.1041e-046,0,0,0,0,1.29452e-049,4.121e-049,0,2.32279e-045,4.97481e-045
105,62.5989,5.13213e-047,7.10161e-049,0,6.53304e-047,8.93199e-049,0,0,0,0,2.18985e-047,4.18857e-047,7.91816e-049,2.78846e-047,5.33118e-047,9.93507e-049,0,0,0,0,1.64858e-047,3.55457e-047,0,2.09922e-047,4.52315e-047,0,0,0,4.11331e-051,6.31931e-052,0,5.73646e-047,7.94315e-049,0,8.74074e-047,1.19498e-048,0,1.4856e-051,3.57024e-051,8.33465e-052,2.44766e-047,4.68185e-047,8.8576e-049,3.73076e-047,7.13273e-047,1.32916e-048,0,1.11935e-051,3.62589e-051,0,1.84266e-047,3.97323e-047,0,2.8086e-047,6.05163e-047,0,0,0,3.32587e-051,5.18192e-052,0,1.16648e-046,1.60284e-048,0,0,0,0,1.18331e-051,2.90409e-051,6.83456e-052,4.97819e-047,9.51947e-047,1.78464e-048,0,0,0,0,8.91796e-052,2.95227e-051,0,3.74771e-047,8.07742e-047
106,64.8964,5.29182e-049,7.25706e-051,0,6.73887e-049,9.17139e-051,0,0,0,0,2.31578e-049,4.26061e-049,8.13313e-051,2.94965e-049,5.42513e-049,1.02635e-050,0,0,0,0,1.74265e-049,3.62174e-049,0,2.21964e-049,4.61095e-049,0,0,0,1.62511e-053,2.60298e-054,0,5.91495e-049,8.11641e-051,0,9.01613e-049,1.22703e-050,0,5.59148e-054,1.43752e-053,3.43302e-054,2.58843e-049,4.76236e-049,9.09725e-051,3.94643e-049,7.25843e-049,1.37313e-050,0,4.21625e-054,1.46378e-053,0,1.94782e-049,4.0483e-049,0,2.96972e-049,6.16911e-049,0,0,0,1.38302e-053,2.25342e-054,0,1.20306e-048,1.64262e-050,0,0,0,0,4.66174e-054,1.23276e-053,2.972e-054,5.26539e-049,9.68561e-049,1.83937e-050,0,0,0,0,3.51637e-054,1.25673e-053,0,3.96225e-049,8.23256e-049
107,67.2761,3.22148e-051,4.49807e-053,0,4.10356e-051,5.70598e-053,0,0,0,0,1.41503e-051,2.58833e-051,5.06411e-053,1.80269e-051,3.29684e-051,6.41907e-053,0,0,0,0,1.06475e-051,2.20171e-051,0,1.35645e-051,2.80416e-051,0,0,0,3.43855e-056,5.88497e-057,0,3.60077e-051,5.02955e-053,0,5.49027e-051,7.63407e-053,0,1.08844e-056,3.13334e-056,7.76168e-057,1.58161e-051,2.89309e-051,5.66287e-053,2.41188e-051,4.41095e-051,8.58809e-053,0,8.21897e-057,3.20515e-056,0,1.1901e-051,2.46097e-051,0,1.81484e-051,3.75177e-051,0,0,0,3.14556e-056,5.46093e-057,0,7.32501e-051,1.02035e-052,0,0,0,0,9.75975e-057,2.88548e-056,7.2024e-057,3.21771e-051,5.88514e-051,1.14825e-052,0,0,0,0,7.37235e-057,2.95442e-056,0,2.4212e-051,5.00584e-051
108,69.741,9.27458e-054,1.37912e-055,0,1.18162e-053,1.75386e-055,0,0,0,0,4.07859e-054,7.44608e-054,1.57146e-055,5.19659e-054,9.48634e-054,1.99785e-055,0,0,0,0,3.06888e-054,6.34361e-054,0,3.91011e-054,8.08148e-054,0,0,0,3.49072e-059,6.32774e-060,0,1.03664e-053,1.54174e-055,0,1.58093e-053,2.34653e-055,0,1.01666e-059,3.26642e-059,8.34576e-060,4.5587e-054,8.32266e-054,1.75682e-055,6.95268e-054,1.26921e-053,2.67296e-055,0,7.68871e-060,3.35463e-059,0,3.43014e-054,7.09043e-054,0,5.23146e-054,1.08125e-053,0,0,0,3.38617e-059,6.17819e-060,0,2.10907e-053,3.13292e-055,0,0,0,0,9.76298e-060,3.17819e-059,8.14852e-060,9.27516e-054,1.69324e-053,3.56923e-055,0,0,0,0,7.38487e-060,3.26551e-059,0,6.97898e-054,1.4425e-053
109,72.2941,1.08916e-056,1.68964e-058,0,1.38777e-056,2.15156e-058,0,0,0,0,4.91964e-057,8.61231e-057,1.95234e-058,6.26859e-057,1.09734e-056,2.48584e-058,0,0,0,0,3.70009e-057,7.36044e-057,0,4.71464e-057,9.37821e-057,0,0,0,4.36769e-062,6.7724e-063,0,1.21736e-056,1.8886e-058,0,1.85674e-056,2.87863e-058,0,1.553e-062,3.81511e-062,8.93137e-063,5.49872e-057,9.62606e-057,2.18225e-058,8.38695e-057,1.46817e-056,3.32588e-058,0,1.17044e-062,3.8745e-062,0,4.13562e-057,8.22684e-057,0,6.30787e-057,1.25474e-056,0,0,0,3.57562e-062,5.63935e-063,0,2.47692e-056,3.84114e-058,0,0,0,0,1.24719e-062,3.14668e-062,7.43713e-063,1.11882e-056,1.95857e-056,4.43811e-058,0,0,0,0,9.40245e-063,3.19931e-062,0,8.41473e-057,1.67386e-056
110,74.9385,3.22846e-060,5.21717e-062,0,4.11384e-060,6.64793e-062,0,0,0,0,1.66719e-060,2.34166e-060,6.27237e-062,2.1244e-060,2.98385e-060,7.9925e-062,0,0,0,0,1.25139e-060,2.02924e-060,0,1.59457e-060,2.58575e-060,0,0,0,9.88484e-068,1.38324e-068,0,3.60846e-060,5.83126e-062,0,5.50403e-060,8.89447e-062,0,3.75607e-068,8.40587e-068,1.82285e-068,1.86343e-060,2.61729e-060,7.01066e-062,2.84231e-060,3.99218e-060,1.06934e-061,0,2.82817e-068,8.43991e-068,0,1.39868e-060,2.2681e-060,0,2.13342e-060,3.45955e-060,0,0,0,7.81293e-068,1.10813e-068,0,7.34229e-060,1.18651e-061,0,0,0,0,2.92961e-068,6.68198e-068,1.46031e-068,3.79159e-060,5.32551e-060,1.42649e-061,0,0,0,0,2.20632e-068,6.71474e-068,0,2.84595e-060,4.61499e-060
111,77.6776,3.18506e-066,5.46782e-068,0,4.05854e-066,6.96732e-068,0,0,0,0,1.8664e-066,2.08607e-066,6.83627e-068,2.37825e-066,2.65816e-066,8.71107e-068,0,0,0,0,1.39857e-066,1.84117e-066,0,1.78212e-066,2.3461e-066,0,0,0,0,0,0,3.55996e-066,6.1114e-068,0,5.43005e-066,9.32181e-068,0,0,0,0,2.08609e-066,2.33161e-066,7.64093e-068,3.18193e-066,3.55643e-066,1.16548e-067,0,0,0,0,1.56319e-066,2.05788e-066,0,2.38435e-066,3.13892e-066,0,0,0,0,0,0,7.24361e-066,1.24351e-067,0,0,0,0,0,0,0,4.24465e-066,4.74423e-066,1.55473e-067,0,0,0,0,0,0,0,3.18069e-066,4.18727e-066
112,80.5147,0,0,0,0,0,0,0,0,0,0,0,0,0,0,0,0,0,0,0,0,0,0,0,0,0,0,0,0,0,0,0,0,0,0,0,0,0,0,0,0,0,0,0,0,0,0,0,0,0,0,0,0,0,0,0,0,0,0,0,0,0,0,0,0,0,0,0,0,0,0,0,0,0,0,0,0,0,0,0,0,0
113,83.4534,0,0,0,0,0,0,0,0,0,0,0,0,0,0,0,0,0,0,0,0,0,0,0,0,0,0,0,0,0,0,0,0,0,0,0,0,0,0,0,0,0,0,0,0,0,0,0,0,0,0,0,0,0,0,0,0,0,0,0,0,0,0,0,0,0,0,0,0,0,0,0,0,0,0,0,0,0,0,0,0,0
114,86.4972,0,0,0,0,0,0,0,0,0,0,0,0,0,0,0,0,0,0,0,0,0,0,0,0,0,0,0,0,0,0,0,0,0,0,0,0,0,0,0,0,0,0,0,0,0,0,0,0,0,0,0,0,0,0,0,0,0,0,0,0,0,0,0,0,0,0,0,0,0,0,0,0,0,0,0,0,0,0,0,0,0
115,89.65,0,0,0,0,0,0,0,0,0,0,0,0,0,0,0,0,0,0,0,0,0,0,0,0,0,0,0,0,0,0,0,0,0,0,0,0,0,0,0,0,0,0,0,0,0,0,0,0,0,0,0,0,0,0,0,0,0,0,0,0,0,0,0,0,0,0,0,0,0,0,0,0,0,0,0,0,0,0,0,0,0
116,92.9156,0,0,0,0,0,0,0,0,0,0,0,0,0,0,0,0,0,0,0,0,0,0,0,0,0,0,0,0,0,0,0,0,0,0,0,0,0,0,0,0,0,0,0,0,0,0,0,0,0,0,0,0,0,0,0,0,0,0,0,0,0,0,0,0,0,0,0,0,0,0,0,0,0,0,0,0,0,0,0,0,0
117,96.298,0,0,0,0,0,0,0,0,0,0,0,0,0,0,0,0,0,0,0,0,0,0,0,0,0,0,0,0,0,0,0,0,0,0,0,0,0,0,0,0,0,0,0,0,0,0,0,0,0,0,0,0,0,0,0,0,0,0,0,0,0,0,0,0,0,0,0,0,0,0,0,0,0,0,0,0,0,0,0,0,0
118,99.8015,0,0,0,0,0,0,0,0,0,0,0,0,0,0,0,0,0,0,0,0,0,0,0,0,0,0,0,0,0,0,0,0,0,0,0,0,0,0,0,0,0,0,0,0,0,0,0,0,0,0,0,0,0,0,0,0,0,0,0,0,0,0,0,0,0,0,0,0,0,0,0,0,0,0,0,0,0,0,0,0,0
119,103.43,0,0,0,0,0,0,0,0,0,0,0,0,0,0,0,0,0,0,0,0,0,0,0,0,0,0,0,0,0,0,0,0,0,0,0,0,0,0,0,0,0,0,0,0,0,0,0,0,0,0,0,0,0,0,0,0,0,0,0,0,0,0,0,0,0,0,0,0,0,0,0,0,0,0,0,0,0,0,0,0,0
120,107.189,0,0,0,0,0,0,0,0,0,0,0,0,0,0,0,0,0,0,0,0,0,0,0,0,0,0,0,0,0,0,0,0,0,0,0,0,0,0,0,0,0,0,0,0,0,0,0,0,0,0,0,0,0,0,0,0,0,0,0,0,0,0,0,0,0,0,0,0,0,0,0,0,0,0,0,0,0,0,0,0,0
121,111.082,0,0,0,0,0,0,0,0,0,0,0,0,0,0,0,0,0,0,0,0,0,0,0,0,0,0,0,0,0,0,0,0,0,0,0,0,0,0,0,0,0,0,0,0,0,0,0,0,0,0,0,0,0,0,0,0,0,0,0,0,0,0,0,0,0,0,0,0,0,0,0,0,0,0,0,0,0,0,0,0,0
122,115.115,0,0,0,0,0,0,0,0,0,0,0,0,0,0,0,0,0,0,0,0,0,0,0,0,0,0,0,0,0,0,0,0,0,0,0,0,0,0,0,0,0,0,0,0,0,0,0,0,0,0,0,0,0,0,0,0,0,0,0,0,0,0,0,0,0,0,0,0,0,0,0,0,0,0,0,0,0,0,0,0,0
123,119.292,0,0,0,0,0,0,0,0,0,0,0,0,0,0,0,0,0,0,0,0,0,0,0,0,0,0,0,0,0,0,0,0,0,0,0,0,0,0,0,0,0,0,0,0,0,0,0,0,0,0,0,0,0,0,0,0,0,0,0,0,0,0,0,0,0,0,0,0,0,0,0,0,0,0,0,0,0,0,0,0,0
124,123.618,0,0,0,0,0,0,0,0,0,0,0,0,0,0,0,0,0,0,0,0,0,0,0,0,0,0,0,0,0,0,0,0,0,0,0,0,0,0,0,0,0,0,0,0,0,0,0,0,0,0,0,0,0,0,0,0,0,0,0,0,0,0,0,0,0,0,0,0,0,0,0,0,0,0,0,0,0,0,0,0,0
125,128.099,0,0,0,0,0,0,0,0,0,0,0,0,0,0,0,0,0,0,0,0,0,0,0,0,0,0,0,0,0,0,0,0,0,0,0,0,0,0,0,0,0,0,0,0,0,0,0,0,0,0,0,0,0,0,0,0,0,0,0,0,0,0,0,0,0,0,0,0,0,0,0,0,0,0,0,0,0,0,0,0,0
126,132.741,0,0,0,0,0,0,0,0,0,0,0,0,0,0,0,0,0,0,0,0,0,0,0,0,0,0,0,0,0,0,0,0,0,0,0,0,0,0,0,0,0,0,0,0,0,0,0,0,0,0,0,0,0,0,0,0,0,0,0,0,0,0,0,0,0,0,0,0,0,0,0,0,0,0,0,0,0,0,0,0,0
127,137.549,0,0,0,0,0,0,0,0,0,0,0,0,0,0,0,0,0,0,0,0,0,0,0,0,0,0,0,0,0,0,0,0,0,0,0,0,0,0,0,0,0,0,0,0,0,0,0,0,0,0,0,0,0,0,0,0,0,0,0,0,0,0,0,0,0,0,0,0,0,0,0,0,0,0,0,0,0,0,0,0,0
128,142.529,0,0,0,0,0,0,0,0,0,0,0,0,0,0,0,0,0,0,0,0,0,0,0,0,0,0,0,0,0,0,0,0,0,0,0,0,0,0,0,0,0,0,0,0,0,0,0,0,0,0,0,0,0,0,0,0,0,0,0,0,0,0,0,0,0,0,0,0,0,0,0,0,0,0,0,0,0,0,0,0,0
129,147.686,0,0,0,0,0,0,0,0,0,0,0,0,0,0,0,0,0,0,0,0,0,0,0,0,0,0,0,0,0,0,0,0,0,0,0,0,0,0,0,0,0,0,0,0,0,0,0,0,0,0,0,0,0,0,0,0,0,0,0,0,0,0,0,0,0,0,0,0,0,0,0,0,0,0,0,0,0,0,0,0,0
130,153.029,0,0,0,0,0,0,0,0,0,0,0,0,0,0,0,0,0,0,0,0,0,0,0,0,0,0,0,0,0,0,0,0,0,0,0,0,0,0,0,0,0,0,0,0,0,0,0,0,0,0,0,0,0,0,0,0,0,0,0,0,0,0,0,0,0,0,0,0,0,0,0,0,0,0,0,0,0,0,0,0,0
131,158.563,0,0,0,0,0,0,0,0,0,0,0,0,0,0,0,0,0,0,0,0,0,0,0,0,0,0,0,0,0,0,0,0,0,0,0,0,0,0,0,0,0,0,0,0,0,0,0,0,0,0,0,0,0,0,0,0,0,0,0,0,0,0,0,0,0,0,0,0,0,0,0,0,0,0,0,0,0,0,0,0,0
132,164.295,0,0,0,0,0,0,0,0,0,0,0,0,0,0,0,0,0,0,0,0,0,0,0,0,0,0,0,0,0,0,0,0,0,0,0,0,0,0,0,0,0,0,0,0,0,0,0,0,0,0,0,0,0,0,0,0,0,0,0,0,0,0,0,0,0,0,0,0,0,0,0,0,0,0,0,0,0,0,0,0,0
133,170.231,0,0,0,0,0,0,0,0,0,0,0,0,0,0,0,0,0,0,0,0,0,0,0,0,0,0,0,0,0,0,0,0,0,0,0,0,0,0,0,0,0,0,0,0,0,0,0,0,0,0,0,0,0,0,0,0,0,0,0,0,0,0,0,0,0,0,0,0,0,0,0,0,0,0,0,0,0,0,0,0,0
134,176.381,0,0,0,0,0,0,0,0,0,0,0,0,0,0,0,0,0,0,0,0,0,0,0,0,0,0,0,0,0,0,0,0,0,0,0,0,0,0,0,0,0,0,0,0,0,0,0,0,0,0,0,0,0,0,0,0,0,0,0,0,0,0,0,0,0,0,0,0,0,0,0,0,0,0,0,0,0,0,0,0,0
135,182.75,0,0,0,0,0,0,0,0,0,0,0,0,0,0,0,0,0,0,0,0,0,0,0,0,0,0,0,0,0,0,0,0,0,0,0,0,0,0,0,0,0,0,0,0,0,0,0,0,0,0,0,0,0,0,0,0,0,0,0,0,0,0,0,0,0,0,0,0,0,0,0,0,0,0,0,0,0,0,0,0,0
136,189.348,0,0,0,0,0,0,0,0,0,0,0,0,0,0,0,0,0,0,0,0,0,0,0,0,0,0,0,0,0,0,0,0,0,0,0,0,0,0,0,0,0,0,0,0,0,0,0,0,0,0,0,0,0,0,0,0,0,0,0,0,0,0,0,0,0,0,0,0,0,0,0,0,0,0,0,0,0,0,0,0,0
137,196.181,0,0,0,0,0,0,0,0,0,0,0,0,0,0,0,0,0,0,0,0,0,0,0,0,0,0,0,0,0,0,0,0,0,0,0,0,0,0,0,0,0,0,0,0,0,0,0,0,0,0,0,0,0,0,0,0,0,0,0,0,0,0,0,0,0,0,0,0,0,0,0,0,0,0,0,0,0,0,0,0,0
138,203.259,0,0,0,0,0,0,0,0,0,0,0,0,0,0,0,0,0,0,0,0,0,0,0,0,0,0,0,0,0,0,0,0,0,0,0,0,0,0,0,0,0,0,0,0,0,0,0,0,0,0,0,0,0,0,0,0,0,0,0,0,0,0,0,0,0,0,0,0,0,0,0,0,0,0,0,0,0,0,0,0,0
139,210.59,0,0,0,0,0,0,0,0,0,0,0,0,0,0,0,0,0,0,0,0,0,0,0,0,0,0,0,0,0,0,0,0,0,0,0,0,0,0,0,0,0,0,0,0,0,0,0,0,0,0,0,0,0,0,0,0,0,0,0,0,0,0,0,0,0,0,0,0,0,0,0,0,0,0,0,0,0,0,0,0,0
140,218.184,0,0,0,0,0,0,0,0,0,0,0,0,0,0,0,0,0,0,0,0,0,0,0,0,0,0,0,0,0,0,0,0,0,0,0,0,0,0,0,0,0,0,0,0,0,0,0,0,0,0,0,0,0,0,0,0,0,0,0,0,0,0,0,0,0,0,0,0,0,0,0,0,0,0,0,0,0,0,0,0,0
141,226.05,0,0,0,0,0,0,0,0,0,0,0,0,0,0,0,0,0,0,0,0,0,0,0,0,0,0,0,0,0,0,0,0,0,0,0,0,0,0,0,0,0,0,0,0,0,0,0,0,0,0,0,0,0,0,0,0,0,0,0,0,0,0,0,0,0,0,0,0,0,0,0,0,0,0,0,0,0,0,0,0,0
142,234.197,0,0,0,0,0,0,0,0,0,0,0,0,0,0,0,0,0,0,0,0,0,0,0,0,0,0,0,0,0,0,0,0,0,0,0,0,0,0,0,0,0,0,0,0,0,0,0,0,0,0,0,0,0,0,0,0,0,0,0,0,0,0,0,0,0,0,0,0,0,0,0,0,0,0,0,0,0,0,0,0,0
143,242.635,0,0,0,0,0,0,0,0,0,0,0,0,0,0,0,0,0,0,0,0,0,0,0,0,0,0,0,0,0,0,0,0,0,0,0,0,0,0,0,0,0,0,0,0,0,0,0,0,0,0,0,0,0,0,0,0,0,0,0,0,0,0,0,0,0,0,0,0,0,0,0,0,0,0,0,0,0,0,0,0,0
144,251.376,0,0,0,0,0,0,0,0,0,0,0,0,0,0,0,0,0,0,0,0,0,0,0,0,0,0,0,0,0,0,0,0,0,0,0,0,0,0,0,0,0,0,0,0,0,0,0,0,0,0,0,0,0,0,0,0,0,0,0,0,0,0,0,0,0,0,0,0,0,0,0,0,0,0,0,0,0,0,0,0,0
145,260.429,0,0,0,0,0,0,0,0,0,0,0,0,0,0,0,0,0,0,0,0,0,0,0,0,0,0,0,0,0,0,0,0,0,0,0,0,0,0,0,0,0,0,0,0,0,0,0,0,0,0,0,0,0,0,0,0,0,0,0,0,0,0,0,0,0,0,0,0,0,0,0,0,0,0,0,0,0,0,0,0,0
146,269.806,0,0,0,0,0,0,0,0,0,0,0,0,0,0,0,0,0,0,0,0,0,0,0,0,0,0,0,0,0,0,0,0,0,0,0,0,0,0,0,0,0,0,0,0,0,0,0,0,0,0,0,0,0,0,0,0,0,0,0,0,0,0,0,0,0,0,0,0,0,0,0,0,0,0,0,0,0,0,0,0,0
147,279.519,0,0,0,0,0,0,0,0,0,0,0,0,0,0,0,0,0,0,0,0,0,0,0,0,0,0,0,0,0,0,0,0,0,0,0,0,0,0,0,0,0,0,0,0,0,0,0,0,0,0,0,0,0,0,0,0,0,0,0,0,0,0,0,0,0,0,0,0,0,0,0,0,0,0,0,0,0,0,0,0,0
148,289.579,0,0,0,0,0,0,0,0,0,0,0,0,0,0,0,0,0,0,0,0,0,0,0,0,0,0,0,0,0,0,0,0,0,0,0,0,0,0,0,0,0,0,0,0,0,0,0,0,0,0,0,0,0,0,0,0,0,0,0,0,0,0,0,0,0,0,0,0,0,0,0,0,0,0,0,0,0,0,0,0,0
149,300,0,0,0,0,0,0,0,0,0,0,0,0,0,0,0,0,0,0,0,0,0,0,0,0,0,0,0,0,0,0,0,0,0,0,0,0,0,0,0,0,0,0,0,0,0,0,0,0,0,0,0,0,0,0,0,0,0,0,0,0,0,0,0,0,0,0,0,0,0,0,0,0,0,0,0,0,0,0,0,0,0
