gridnumber,capital,policy[0 0 00],policy[0 0 01],policy[0 0 02],policy[0 0 10],policy[0 0 11],policy[0 0 12],policy[0 0 20],policy[0 0 21],policy[0 0 22],policy[0 1 00],policy[0 1 01],policy[0 1 02],policy[0 1 10],policy[0 1 11],policy[0 1 12],policy[0 1 20],policy[0 1 21],policy[0 1 22],policy[0 2 00],policy[0 2 01],policy[0 2 02],policy[0 2 10],policy[0 2 11],policy[0 2 12],policy[0 2 20],policy[0 2 21],policy[0 2 22],policy[1 0 00],policy[1 0 01],policy[1 0 02],policy[1 0 10],policy[1 0 11],policy[1 0 12],policy[1 0 20],policy[1 0 21],policy[1 0 22],policy[1 1 00],policy[1 1 01],policy[1 1 02],policy[1 1 10],policy[1 1 11],policy[1 1 12],policy[1 1 20],policy[1 1 21],policy[1 1 22],policy[1 2 00],policy[1 2 01],policy[1 2 02],policy[1 2 10],policy[1 2 11],policy[1 2 12],policy[1 2 20],policy[1 2 21],policy[1 2 22],policy[2 0 00],policy[2 0 01],policy[2 0 02],policy[2 0 10],policy[2 0 11],policy[2 0 12],policy[2 0 20],policy[2 0 21],policy[2 0 22],policy[2 1 00],policy[2 1 01],policy[2 1 02],policy[2 1 10],policy[2 1 11],policy[2 1 12],policy[2 1 20],policy[2 1 21],policy[2 1 22],policy[2 2 00],policy[2 2 01],policy[2 2 02],policy[2 2 10],policy[2 2 11],policy[2 2 12],policy[2 2 20],policy[2 2 21],policy[2 2 22]
0,0,0,0,0,0.0104672,0.0104672,0.0104672,0.113814,0.113814,0.113814,0,0,0,0.0104672,0.0104672,0.0104672,0.113814,0.113814,0.113814,0,0,0,0.0104672,0.0104672,0.0104672,0.113814,0.113814,0.113814,0,0,0,0.0104672,0.0104672,0.0104672,0.113814,0.113814,0.113814,0,0,0,0.0104672,0.0104672,0.0104672,0.113814,0.113814,0.113814,0,0,0,0.0104672,0.0104672,0.0104672,0.113814,0.113814,0.113814,0,0,0,0.0104672,0.0104672,0.0104672,0.113814,0.113814,0.113814,0,0,0,0.0104672,0.0104672,0.0104672,0.113814,0.113814,0.113814,0,0,0,0.0104672,0.0104672,0.0104672,0.113814,0.113814,0.113814
1,0.0572595,0,0,0,0.0543662,0.0543662,0.0543662,0.160178,0.160178,0.160178,0,0,0,0.0543662,0.0543662,0.0543662,0.160178,0.160178,0.160178,0,0,0,0.0543662,0.0543662,0.0543662,0.160178,0.160178,0.160178,0,0,0,0.0547945,0.0547945,0.0547945,0.160633,0.160633,0.160633,0,0,0,0.0547945,0.0547945,0.0547945,0.160633,0.160633,0.160633,0,0,0,0.0547945,0.0547945,0.0547945,0.160633,0.160633,0.160633,0,0,0,0.0552228,0.0552228,0.0552228,0.161088,0.161088,0.161088,0,0,0,0.0552228,0.0552228,0.0552228,0.161088,0.161088,0.161088,0,0,0,0.0552228,0.0552228,0.0552228,0.161088,0.161088,0.161088
2,0.116568,0.0181764,0.0181764,0.0181764,0.0953902,0.0953902,0.0953902,0.208236,0.208236,0.208236,0.0181764,0.0181764,0.0181764,0.0953902,0.0953902,0.0953902,0.208236,0.208236,0.208236,0.0181764,0.0181764,0.0181764,0.0953902,0.0953902,0.0953902,0.208236,0.208236,0.208236,0.0190119,0.0190119,0.0190119,0.0961711,0.0961711,0.0961711,0.209154,0.209154,0.209154,0.0190119,0.0190119,0.0190119,0.0961711,0.0961711,0.0961711,0.209154,0.209154,0.209154,0.0190119,0.0190119,0.0190119,0.0961711,0.0961711,0.0961711,0.209154,0.209154,0.209154,0.0198474,0.0198474,0.0198474,0.0969519,0.0969519,0.0969519,0.210073,0.210073,0.210073,0.0198474,0.0198474,0.0198474,0.0969519,0.0969519,0.0969519,0.210073,0.210073,0.210073,0.0198474,0.0198474,0.0198474,0.0969519,0.0969519,0.0969519,0.210073,0.210073,0.210073
3,0.177999,0.0626001,0.0626001,0.0626001,0.140492,0.140492,0.140492,0.258302,0.258302,0.258302,0.0626001,0.0626001,0.0626001,0.140492,0.140492,0.140492,0.258302,0.258302,0.258302,0.0626001,0.0626001,0.0626001,0.140492,0.140492,0.140492,0.258302,0.258302,0.258302,0.0637264,0.0637264,0.0637264,0.14185,0.14185,0.14185,0.259743,0.259743,0.259743,0.0637264,0.0637264,0.0637264,0.14185,0.14185,0.14185,0.259743,0.259743,0.259743,0.0637264,0.0637264,0.0637264,0.14185,0.14185,0.14185,0.259743,0.259743,0.259743,0.0648528,0.0648528,0.0648528,0.143208,0.143208,0.143208,0.261185,0.261185,0.261185,0.0648528,0.0648528,0.0648528,0.143208,0.143208,0.143208,0.261185,0.261185,0.261185,0.0648528,0.0648528,0.0648528,0.143208,0.143208,0.143208,0.261185,0.261185,0.261185
4,0.241629,0.10387,0.10387,0.10387,0.190205,0.190205,0.190205,0.311173,0.311173,0.311173,0.10387,0.10387,0.10387,0.190205,0.190205,0.190205,0.311173,0.311173,0.311173,0.10387,0.10387,0.10387,0.190205,0.190205,0.190205,0.311173,0.311173,0.311173,0.105398,0.105398,0.105398,0.19204,0.19204,0.19204,0.313161,0.313161,0.313161,0.105398,0.105398,0.105398,0.19204,0.19204,0.19204,0.313161,0.313161,0.313161,0.105398,0.105398,0.105398,0.19204,0.19204,0.19204,0.313161,0.313161,0.313161,0.106927,0.106927,0.106927,0.193876,0.193876,0.193876,0.315149,0.315149,0.315149,0.106927,0.106927,0.106927,0.193876,0.193876,0.193876,0.315149,0.315149,0.315149,0.106927,0.106927,0.106927,0.193876,0.193876,0.193876,0.315149,0.315149,0.315149
5,0.307536,0.151381,0.151381,0.151381,0.241524,0.241524,0.241524,0.366753,0.366753,0.366753,0.151381,0.151381,0.151381,0.241524,0.241524,0.241524,0.366753,0.366753,0.366753,0.151381,0.151381,0.151381,0.241524,0.241524,0.241524,0.366753,0.366753,0.366753,0.153636,0.153636,0.153636,0.243986,0.243986,0.243986,0.369284,0.369284,0.369284,0.153636,0.153636,0.153636,0.243986,0.243986,0.243986,0.369284,0.369284,0.369284,0.153636,0.153636,0.153636,0.243986,0.243986,0.243986,0.369284,0.369284,0.369284,0.155891,0.155891,0.155891,0.246454,0.246454,0.246454,0.371814,0.371814,0.371814,0.155891,0.155891,0.155891,0.246454,0.246454,0.246454,0.371814,0.371814,0.371814,0.155891,0.155891,0.155891,0.246454,0.246454,0.246454,0.371814,0.371814,0.371814
6,0.375801,0.202705,0.202705,0.202705,0.297674,0.297674,0.297674,0.425378,0.425378,0.425378,0.202705,0.202705,0.202705,0.297674,0.297674,0.297674,0.425378,0.425378,0.425378,0.202705,0.202705,0.202705,0.297674,0.297674,0.297674,0.425378,0.425378,0.425378,0.205463,0.205463,0.205463,0.30069,0.30069,0.30069,0.428537,0.428537,0.428537,0.205463,0.205463,0.205463,0.30069,0.30069,0.30069,0.428537,0.428537,0.428537,0.205463,0.205463,0.205463,0.30069,0.30069,0.30069,0.428537,0.428537,0.428537,0.208221,0.208221,0.208221,0.303706,0.303706,0.303706,0.431696,0.431696,0.431696,0.208221,0.208221,0.208221,0.303706,0.303706,0.303706,0.431696,0.431696,0.431696,0.208221,0.208221,0.208221,0.303706,0.303706,0.303706,0.431696,0.431696,0.431696
7,0.44651,0.257116,0.257116,0.257116,0.356081,0.356081,0.356081,0.48677,0.48677,0.48677,0.257116,0.257116,0.257116,0.356081,0.356081,0.356081,0.48677,0.48677,0.48677,0.257116,0.257116,0.257116,0.356081,0.356081,0.356081,0.48677,0.48677,0.48677,0.260673,0.260673,0.260673,0.359682,0.359682,0.359682,0.490568,0.490568,0.490568,0.260673,0.260673,0.260673,0.359682,0.359682,0.359682,0.490568,0.490568,0.490568,0.260673,0.260673,0.260673,0.359682,0.359682,0.359682,0.490568,0.490568,0.490568,0.26423,0.26423,0.26423,0.363284,0.363284,0.363284,0.494365,0.494365,0.494365,0.26423,0.26423,0.26423,0.363284,0.363284,0.363284,0.494365,0.494365,0.494365,0.26423,0.26423,0.26423,0.363284,0.363284,0.363284,0.494365,0.494365,0.494365
8,0.519749,0.31688,0.31688,0.31688,0.417599,0.417599,0.417599,0.550774,0.550774,0.550774,0.31688,0.31688,0.31688,0.417599,0.417599,0.417599,0.550774,0.550774,0.550774,0.31688,0.31688,0.31688,0.417599,0.417599,0.417599,0.550774,0.550774,0.550774,0.321002,0.321002,0.321002,0.42189,0.42189,0.42189,0.555217,0.555217,0.555217,0.321002,0.321002,0.321002,0.42189,0.42189,0.42189,0.555217,0.555217,0.555217,0.321002,0.321002,0.321002,0.42189,0.42189,0.42189,0.555217,0.555217,0.555217,0.325123,0.325123,0.325123,0.426182,0.426182,0.426182,0.55966,0.55966,0.55966,0.325123,0.325123,0.325123,0.426182,0.426182,0.426182,0.55966,0.55966,0.55966,0.325123,0.325123,0.325123,0.426182,0.426182,0.426182,0.55966,0.55966,0.55966
9,0.595608,0.378605,0.378605,0.378605,0.482439,0.482439,0.482439,0.617392,0.617392,0.617392,0.378605,0.378605,0.378605,0.482439,0.482439,0.482439,0.617392,0.617392,0.617392,0.378605,0.378605,0.378605,0.482439,0.482439,0.482439,0.617392,0.617392,0.617392,0.38345,0.38345,0.38345,0.487445,0.487445,0.487445,0.622518,0.622518,0.622518,0.38345,0.38345,0.38345,0.487445,0.487445,0.487445,0.622518,0.622518,0.622518,0.38345,0.38345,0.38345,0.487445,0.487445,0.487445,0.622518,0.622518,0.622518,0.388295,0.388295,0.388295,0.492452,0.492452,0.492452,0.627645,0.627645,0.627645,0.388295,0.388295,0.388295,0.492452,0.492452,0.492452,0.627645,0.627645,0.627645,0.388295,0.388295,0.388295,0.492452,0.492452,0.492452,0.627645,0.627645,0.627645
10,0.674183,0.444121,0.444121,0.444121,0.550269,0.550269,0.550269,0.6868,0.6868,0.6868,0.444121,0.444121,0.444121,0.550269,0.550269,0.550269,0.6868,0.6868,0.6868,0.444121,0.444121,0.444121,0.550269,0.550269,0.550269,0.6868,0.6868,0.6868,0.449675,0.449675,0.449675,0.55596,0.55596,0.55596,0.692643,0.692643,0.692643,0.449675,0.449675,0.449675,0.55596,0.55596,0.55596,0.692643,0.692643,0.692643,0.449675,0.449675,0.449675,0.55596,0.55596,0.55596,0.692643,0.692643,0.692643,0.455282,0.455282,0.455282,0.561651,0.561651,0.561651,0.698486,0.698486,0.698486,0.455282,0.455282,0.455282,0.561651,0.561651,0.561651,0.698486,0.698486,0.698486,0.455282,0.455282,0.455282,0.561651,0.561651,0.561651,0.698486,0.698486,0.698486
11,0.75557,0.51345,0.51345,0.51345,0.620913,0.620913,0.620913,0.759113,0.759113,0.759113,0.51345,0.51345,0.51345,0.620913,0.620913,0.620913,0.759113,0.759113,0.759113,0.51345,0.51345,0.51345,0.620913,0.620913,0.620913,0.759113,0.759113,0.759113,0.519735,0.519735,0.519735,0.627347,0.627347,0.627347,0.76568,0.76568,0.76568,0.519735,0.519735,0.519735,0.627347,0.627347,0.627347,0.76568,0.76568,0.76568,0.519735,0.519735,0.519735,0.627347,0.627347,0.627347,0.76568,0.76568,0.76568,0.52604,0.52604,0.52604,0.633782,0.633782,0.633782,0.772248,0.772248,0.772248,0.52604,0.52604,0.52604,0.633782,0.633782,0.633782,0.772248,0.772248,0.772248,0.52604,0.52604,0.52604,0.633782,0.633782,0.633782,0.772248,0.772248,0.772248
12,0.839869,0.585538,0.585538,0.585538,0.694704,0.694704,0.694704,0.834218,0.834218,0.834218,0.585538,0.585538,0.585538,0.694704,0.694704,0.694704,0.834218,0.834218,0.834218,0.585538,0.585538,0.585538,0.694704,0.694704,0.694704,0.834218,0.834218,0.834218,0.592547,0.592547,0.592547,0.70193,0.70193,0.70193,0.841523,0.841523,0.841523,0.592547,0.592547,0.592547,0.70193,0.70193,0.70193,0.841523,0.841523,0.841523,0.592547,0.592547,0.592547,0.70193,0.70193,0.70193,0.841523,0.841523,0.841523,0.599601,0.599601,0.599601,0.709155,0.709155,0.709155,0.848842,0.848842,0.848842,0.599601,0.599601,0.599601,0.709155,0.709155,0.709155,0.848842,0.848842,0.848842,0.599601,0.599601,0.599601,0.709155,0.709155,0.709155,0.848842,0.848842,0.848842
13,0.927185,0.660951,0.660951,0.660951,0.771779,0.771779,0.771779,0.912203,0.912203,0.912203,0.660951,0.660951,0.660951,0.771779,0.771779,0.771779,0.912203,0.912203,0.912203,0.660951,0.660951,0.660951,0.771779,0.771779,0.771779,0.912203,0.912203,0.912203,0.668775,0.668775,0.668775,0.779794,0.779794,0.779794,0.920283,0.920283,0.920283,0.668775,0.668775,0.668775,0.779794,0.779794,0.779794,0.920283,0.920283,0.920283,0.668775,0.668775,0.668775,0.779794,0.779794,0.779794,0.920283,0.920283,0.920283,0.676629,0.676629,0.676629,0.78781,0.78781,0.78781,0.928371,0.928371,0.928371,0.676629,0.676629,0.676629,0.78781,0.78781,0.78781,0.928371,0.928371,0.928371,0.676629,0.676629,0.676629,0.78781,0.78781,0.78781,0.928371,0.928371,0.928371
14,1.01763,0.739968,0.739968,0.739968,0.851972,0.851972,0.851972,0.993386,0.993386,0.993386,0.739968,0.739968,0.739968,0.851972,0.851972,0.851972,0.993386,0.993386,0.993386,0.739968,0.739968,0.739968,0.851972,0.851972,0.851972,0.993386,0.993386,0.993386,0.748659,0.748659,0.748659,0.860807,0.860807,0.860807,1.00231,1.00231,1.00231,0.748659,0.748659,0.748659,0.860807,0.860807,0.860807,1.00231,1.00231,1.00231,0.748659,0.748659,0.748659,0.860807,0.860807,0.860807,1.00231,1.00231,1.00231,0.75736,0.75736,0.75736,0.869642,0.869642,0.869642,1.01123,1.01123,1.01123,0.75736,0.75736,0.75736,0.869642,0.869642,0.869642,1.01123,1.01123,1.01123,0.75736,0.75736,0.75736,0.869642,0.869642,0.869642,1.01123,1.01123,1.01123
15,1.1113,0.822309,0.822309,0.822309,0.935381,0.935381,0.935381,1.07792,1.07792,1.07792,0.822309,0.822309,0.822309,0.935381,0.935381,0.935381,1.07792,1.07792,1.07792,0.822309,0.822309,0.822309,0.935381,0.935381,0.935381,1.07792,1.07792,1.07792,0.831848,0.831848,0.831848,0.945082,0.945082,0.945082,1.08772,1.08772,1.08772,0.831848,0.831848,0.831848,0.945082,0.945082,0.945082,1.08772,1.08772,1.08772,0.831848,0.831848,0.831848,0.945082,0.945082,0.945082,1.08772,1.08772,1.08772,0.841398,0.841398,0.841398,0.954784,0.954784,0.954784,1.09752,1.09752,1.09752,0.841398,0.841398,0.841398,0.954784,0.954784,0.954784,1.09752,1.09752,1.09752,0.841398,0.841398,0.841398,0.954784,0.954784,0.954784,1.09752,1.09752,1.09752
16,1.20833,0.908159,0.908159,0.908159,1.02223,1.02223,1.02223,1.16584,1.16584,1.16584,0.908159,0.908159,0.908159,1.02223,1.02223,1.02223,1.16584,1.16584,1.16584,0.908159,0.908159,0.908159,1.02223,1.02223,1.02223,1.16584,1.16584,1.16584,0.918604,0.918604,0.918604,1.03284,1.03284,1.03284,1.17654,1.17654,1.17654,0.918604,0.918604,0.918604,1.03284,1.03284,1.03284,1.17654,1.17654,1.17654,0.918604,0.918604,0.918604,1.03284,1.03284,1.03284,1.17654,1.17654,1.17654,0.929062,0.929062,0.929062,1.04344,1.04344,1.04344,1.18724,1.18724,1.18724,0.929062,0.929062,0.929062,1.04344,1.04344,1.04344,1.18724,1.18724,1.18724,0.929062,0.929062,0.929062,1.04344,1.04344,1.04344,1.18724,1.18724,1.18724
17,1.30884,0.997675,0.997675,0.997675,1.11266,1.11266,1.11266,1.25722,1.25722,1.25722,0.997675,0.997675,0.997675,1.11266,1.11266,1.11266,1.25722,1.25722,1.25722,0.997675,0.997675,0.997675,1.11266,1.11266,1.11266,1.25722,1.25722,1.25722,1.00906,1.00906,1.00906,1.1242,1.1242,1.1242,1.26884,1.26884,1.26884,1.00906,1.00906,1.00906,1.1242,1.1242,1.1242,1.26884,1.26884,1.26884,1.00906,1.00906,1.00906,1.1242,1.1242,1.1242,1.26884,1.26884,1.26884,1.02047,1.02047,1.02047,1.13574,1.13574,1.13574,1.28047,1.28047,1.28047,1.02047,1.02047,1.02047,1.13574,1.13574,1.13574,1.28047,1.28047,1.28047,1.02047,1.02047,1.02047,1.13574,1.13574,1.13574,1.28047,1.28047,1.28047
18,1.41294,1.09086,1.09086,1.09086,1.20674,1.20674,1.20674,1.35214,1.35214,1.35214,1.09086,1.09086,1.09086,1.20674,1.20674,1.20674,1.35214,1.35214,1.35214,1.09086,1.09086,1.09086,1.20674,1.20674,1.20674,1.35214,1.35214,1.35214,1.10321,1.10321,1.10321,1.21924,1.21924,1.21924,1.36473,1.36473,1.36473,1.10321,1.10321,1.10321,1.21924,1.21924,1.21924,1.36473,1.36473,1.36473,1.10321,1.10321,1.10321,1.21924,1.21924,1.21924,1.36473,1.36473,1.36473,1.11559,1.11559,1.11559,1.23175,1.23175,1.23175,1.37732,1.37732,1.37732,1.11559,1.11559,1.11559,1.23175,1.23175,1.23175,1.37732,1.37732,1.37732,1.11559,1.11559,1.11559,1.23175,1.23175,1.23175,1.37732,1.37732,1.37732
19,1.52076,1.18785,1.18785,1.18785,1.30458,1.30458,1.30458,1.45073,1.45073,1.45073,1.18785,1.18785,1.18785,1.30458,1.30458,1.30458,1.45073,1.45073,1.45073,1.18785,1.18785,1.18785,1.30458,1.30458,1.30458,1.45073,1.45073,1.45073,1.20121,1.20121,1.20121,1.31808,1.31808,1.31808,1.46433,1.46433,1.46433,1.20121,1.20121,1.20121,1.31808,1.31808,1.31808,1.46433,1.46433,1.46433,1.20121,1.20121,1.20121,1.31808,1.31808,1.31808,1.46433,1.46433,1.46433,1.21459,1.21459,1.21459,1.33159,1.33159,1.33159,1.47792,1.47792,1.47792,1.21459,1.21459,1.21459,1.33159,1.33159,1.33159,1.47792,1.47792,1.47792,1.21459,1.21459,1.21459,1.33159,1.33159,1.33159,1.47792,1.47792,1.47792
20,1.63244,1.28878,1.28878,1.28878,1.40626,1.40626,1.40626,1.55315,1.55315,1.55315,1.28878,1.28878,1.28878,1.40626,1.40626,1.40626,1.55315,1.55315,1.55315,1.28878,1.28878,1.28878,1.40626,1.40626,1.40626,1.55315,1.55315,1.55315,1.30319,1.30319,1.30319,1.42079,1.42079,1.42079,1.56779,1.56779,1.56779,1.30319,1.30319,1.30319,1.42079,1.42079,1.42079,1.56779,1.56779,1.56779,1.30319,1.30319,1.30319,1.42079,1.42079,1.42079,1.56779,1.56779,1.56779,1.31762,1.31762,1.31762,1.43534,1.43534,1.43534,1.58242,1.58242,1.58242,1.31762,1.31762,1.31762,1.43534,1.43534,1.43534,1.58242,1.58242,1.58242,1.31762,1.31762,1.31762,1.43534,1.43534,1.43534,1.58242,1.58242,1.58242
21,1.74812,1.39373,1.39373,1.39373,1.51193,1.51193,1.51193,1.65951,1.65951,1.65951,1.39373,1.39373,1.39373,1.51193,1.51193,1.51193,1.65951,1.65951,1.65951,1.39373,1.39373,1.39373,1.51193,1.51193,1.51193,1.65951,1.65951,1.65951,1.40922,1.40922,1.40922,1.52753,1.52753,1.52753,1.67522,1.67522,1.67522,1.40922,1.40922,1.40922,1.52753,1.52753,1.52753,1.67522,1.67522,1.67522,1.40922,1.40922,1.40922,1.52753,1.52753,1.52753,1.67522,1.67522,1.67522,1.42474,1.42474,1.42474,1.54316,1.54316,1.54316,1.69093,1.69093,1.69093,1.42474,1.42474,1.42474,1.54316,1.54316,1.54316,1.69093,1.69093,1.69093,1.42474,1.42474,1.42474,1.54316,1.54316,1.54316,1.69093,1.69093,1.69093
22,1.86794,1.50284,1.50284,1.50284,1.62171,1.62171,1.62171,1.76994,1.76994,1.76994,1.50284,1.50284,1.50284,1.62171,1.62171,1.62171,1.76994,1.76994,1.76994,1.50284,1.50284,1.50284,1.62171,1.62171,1.62171,1.76994,1.76994,1.76994,1.51945,1.51945,1.51945,1.63842,1.63842,1.63842,1.78677,1.78677,1.78677,1.51945,1.51945,1.51945,1.63842,1.63842,1.63842,1.78677,1.78677,1.78677,1.51945,1.51945,1.51945,1.63842,1.63842,1.63842,1.78677,1.78677,1.78677,1.5361,1.5361,1.5361,1.65517,1.65517,1.65517,1.80359,1.80359,1.80359,1.5361,1.5361,1.5361,1.65517,1.65517,1.65517,1.80359,1.80359,1.80359,1.5361,1.5361,1.5361,1.65517,1.65517,1.65517,1.80359,1.80359,1.80359
23,1.99205,1.61625,1.61625,1.61625,1.73573,1.73573,1.73573,1.88457,1.88457,1.88457,1.61625,1.61625,1.61625,1.73573,1.73573,1.73573,1.88457,1.88457,1.88457,1.61625,1.61625,1.61625,1.73573,1.73573,1.73573,1.88457,1.88457,1.88457,1.63402,1.63402,1.63402,1.7536,1.7536,1.7536,1.90255,1.90255,1.90255,1.63402,1.63402,1.63402,1.7536,1.7536,1.7536,1.90255,1.90255,1.90255,1.63402,1.63402,1.63402,1.7536,1.7536,1.7536,1.90255,1.90255,1.90255,1.65184,1.65184,1.65184,1.77151,1.77151,1.77151,1.92054,1.92054,1.92054,1.65184,1.65184,1.65184,1.77151,1.77151,1.77151,1.92054,1.92054,1.92054,1.65184,1.65184,1.65184,1.77151,1.77151,1.77151,1.92054,1.92054,1.92054
24,2.1206,1.73408,1.73408,1.73408,1.85413,1.85413,1.85413,2.00355,2.00355,2.00355,1.73408,1.73408,1.73408,1.85413,1.85413,1.85413,2.00355,2.00355,2.00355,1.73408,1.73408,1.73408,1.85413,1.85413,1.85413,2.00355,2.00355,2.00355,1.75306,1.75306,1.75306,1.87321,1.87321,1.87321,2.02273,2.02273,2.02273,1.75306,1.75306,1.75306,1.87321,1.87321,1.87321,2.02273,2.02273,2.02273,1.75306,1.75306,1.75306,1.87321,1.87321,1.87321,2.02273,2.02273,2.02273,1.77208,1.77208,1.77208,1.89231,1.89231,1.89231,2.04191,2.04191,2.04191,1.77208,1.77208,1.77208,1.89231,1.89231,1.89231,2.04191,2.04191,2.04191,1.77208,1.77208,1.77208,1.89231,1.89231,1.89231,2.04191,2.04191,2.04191
25,2.25375,1.85646,1.85646,1.85646,1.97707,1.97707,1.97707,2.12702,2.12702,2.12702,1.85646,1.85646,1.85646,1.97707,1.97707,1.97707,2.12702,2.12702,2.12702,1.85646,1.85646,1.85646,1.97707,1.97707,1.97707,2.12702,2.12702,2.12702,1.8767,1.8767,1.8767,1.99739,1.99739,1.99739,2.14745,2.14745,2.14745,1.8767,1.8767,1.8767,1.99739,1.99739,1.99739,2.14745,2.14745,2.14745,1.8767,1.8767,1.8767,1.99739,1.99739,1.99739,2.14745,2.14745,2.14745,1.89696,1.89696,1.89696,2.01774,2.01774,2.01774,2.16788,2.16788,2.16788,1.89696,1.89696,1.89696,2.01774,2.01774,2.01774,2.16788,2.16788,2.16788,1.89696,1.89696,1.89696,2.01774,2.01774,2.01774,2.16788,2.16788,2.16788
26,2.39167,1.98354,1.98354,1.98354,2.10469,2.10469,2.10469,2.25515,2.25515,2.25515,1.98354,1.98354,1.98354,2.10469,2.10469,2.10469,2.25515,2.25515,2.25515,1.98354,1.98354,1.98354,2.10469,2.10469,2.10469,2.25515,2.25515,2.25515,2.00508,2.00508,2.00508,2.1263,2.1263,2.1263,2.27686,2.27686,2.27686,2.00508,2.00508,2.00508,2.1263,2.1263,2.1263,2.27686,2.27686,2.27686,2.00508,2.00508,2.00508,2.1263,2.1263,2.1263,2.27686,2.27686,2.27686,2.02664,2.02664,2.02664,2.14795,2.14795,2.14795,2.29858,2.29858,2.29858,2.02664,2.02664,2.02664,2.14795,2.14795,2.14795,2.29858,2.29858,2.29858,2.02664,2.02664,2.02664,2.14795,2.14795,2.14795,2.29858,2.29858,2.29858
27,2.53452,2.11552,2.11552,2.11552,2.23716,2.23716,2.23716,2.3881,2.3881,2.3881,2.11552,2.11552,2.11552,2.23716,2.23716,2.23716,2.3881,2.3881,2.3881,2.11552,2.11552,2.11552,2.23716,2.23716,2.23716,2.3881,2.3881,2.3881,2.13841,2.13841,2.13841,2.26011,2.26011,2.26011,2.41114,2.41114,2.41114,2.13841,2.13841,2.13841,2.26011,2.26011,2.26011,2.41114,2.41114,2.41114,2.13841,2.13841,2.13841,2.26011,2.26011,2.26011,2.41114,2.41114,2.41114,2.16131,2.16131,2.16131,2.28309,2.28309,2.28309,2.43419,2.43419,2.43419,2.16131,2.16131,2.16131,2.28309,2.28309,2.28309,2.43419,2.43419,2.43419,2.16131,2.16131,2.16131,2.28309,2.28309,2.28309,2.43419,2.43419,2.43419
28,2.68248,2.25254,2.25254,2.25254,2.37463,2.37463,2.37463,2.52603,2.52603,2.52603,2.25254,2.25254,2.25254,2.37463,2.37463,2.37463,2.52603,2.52603,2.52603,2.25254,2.25254,2.25254,2.37463,2.37463,2.37463,2.52603,2.52603,2.52603,2.27683,2.27683,2.27683,2.39897,2.39897,2.39897,2.55045,2.55045,2.55045,2.27683,2.27683,2.27683,2.39897,2.39897,2.39897,2.55045,2.55045,2.55045,2.27683,2.27683,2.27683,2.39897,2.39897,2.39897,2.55045,2.55045,2.55045,2.30111,2.30111,2.30111,2.42333,2.42333,2.42333,2.57489,2.57489,2.57489,2.30111,2.30111,2.30111,2.42333,2.42333,2.42333,2.57489,2.57489,2.57489,2.30111,2.30111,2.30111,2.42333,2.42333,2.42333,2.57489,2.57489,2.57489
29,2.83574,2.39478,2.39478,2.39478,2.51729,2.51729,2.51729,2.66911,2.66911,2.66911,2.39478,2.39478,2.39478,2.51729,2.51729,2.51729,2.66911,2.66911,2.66911,2.39478,2.39478,2.39478,2.51729,2.51729,2.51729,2.66911,2.66911,2.66911,2.4205,2.4205,2.4205,2.54306,2.54306,2.54306,2.69495,2.69495,2.69495,2.4205,2.4205,2.4205,2.54306,2.54306,2.54306,2.69495,2.69495,2.69495,2.4205,2.4205,2.4205,2.54306,2.54306,2.54306,2.69495,2.69495,2.69495,2.44623,2.44623,2.44623,2.56886,2.56886,2.56886,2.72082,2.72082,2.72082,2.44623,2.44623,2.44623,2.56886,2.56886,2.56886,2.72082,2.72082,2.72082,2.44623,2.44623,2.44623,2.56886,2.56886,2.56886,2.72082,2.72082,2.72082
30,2.99448,2.54241,2.54241,2.54241,2.66528,2.66528,2.66528,2.8175,2.8175,2.8175,2.54241,2.54241,2.54241,2.66528,2.66528,2.66528,2.8175,2.8175,2.8175,2.54241,2.54241,2.54241,2.66528,2.66528,2.66528,2.8175,2.8175,2.8175,2.56962,2.56962,2.56962,2.69253,2.69253,2.69253,2.84483,2.84483,2.84483,2.56962,2.56962,2.56962,2.69253,2.69253,2.69253,2.84483,2.84483,2.84483,2.56962,2.56962,2.56962,2.69253,2.69253,2.69253,2.84483,2.84483,2.84483,2.59683,2.59683,2.59683,2.71981,2.71981,2.71981,2.87218,2.87218,2.87218,2.59683,2.59683,2.59683,2.71981,2.71981,2.71981,2.87218,2.87218,2.87218,2.59683,2.59683,2.59683,2.71981,2.71981,2.71981,2.87218,2.87218,2.87218
31,3.1589,2.69557,2.69557,2.69557,2.81878,2.81878,2.81878,2.97143,2.97143,2.97143,2.69557,2.69557,2.69557,2.81878,2.81878,2.81878,2.97143,2.97143,2.97143,2.69557,2.69557,2.69557,2.81878,2.81878,2.81878,2.97143,2.97143,2.97143,2.72432,2.72432,2.72432,2.84758,2.84758,2.84758,3.00029,3.00029,3.00029,2.72432,2.72432,2.72432,2.84758,2.84758,2.84758,3.00029,3.00029,3.00029,2.72432,2.72432,2.72432,2.84758,2.84758,2.84758,3.00029,3.00029,3.00029,2.75307,2.75307,2.75307,2.8764,2.8764,2.8764,3.02919,3.02919,3.02919,2.75307,2.75307,2.75307,2.8764,2.8764,2.8764,3.02919,3.02919,3.02919,2.75307,2.75307,2.75307,2.8764,2.8764,2.8764,3.02919,3.02919,3.02919
32,3.32921,2.85447,2.85447,2.85447,2.97805,2.97805,2.97805,3.13107,3.13107,3.13107,2.85447,2.85447,2.85447,2.97805,2.97805,2.97805,3.13107,3.13107,3.13107,2.85447,2.85447,2.85447,2.97805,2.97805,2.97805,3.13107,3.13107,3.13107,2.88483,2.88483,2.88483,3.00845,3.00845,3.00845,3.16153,3.16153,3.16153,2.88483,2.88483,2.88483,3.00845,3.00845,3.00845,3.16153,3.16153,3.16153,2.88483,2.88483,2.88483,3.00845,3.00845,3.00845,3.16153,3.16153,3.16153,2.91518,2.91518,2.91518,3.03888,3.03888,3.03888,3.19202,3.19202,3.19202,2.91518,2.91518,2.91518,3.03888,3.03888,3.03888,3.19202,3.19202,3.19202,2.91518,2.91518,2.91518,3.03888,3.03888,3.03888,3.19202,3.19202,3.19202
33,3.50561,3.01937,3.01937,3.01937,3.14327,3.14327,3.14327,3.29665,3.29665,3.29665,3.01937,3.01937,3.01937,3.14327,3.14327,3.14327,3.29665,3.29665,3.29665,3.01937,3.01937,3.01937,3.14327,3.14327,3.14327,3.29665,3.29665,3.29665,3.05138,3.05138,3.05138,3.17533,3.17533,3.17533,3.32875,3.32875,3.32875,3.05138,3.05138,3.05138,3.17533,3.17533,3.17533,3.32875,3.32875,3.32875,3.05138,3.05138,3.05138,3.17533,3.17533,3.17533,3.32875,3.32875,3.32875,3.08339,3.08339,3.08339,3.20741,3.20741,3.20741,3.3609,3.3609,3.3609,3.08339,3.08339,3.08339,3.20741,3.20741,3.20741,3.3609,3.3609,3.3609,3.08339,3.08339,3.08339,3.20741,3.20741,3.20741,3.3609,3.3609,3.3609
34,3.68833,3.19043,3.19043,3.19043,3.31464,3.31464,3.31464,3.46834,3.46834,3.46834,3.19043,3.19043,3.19043,3.31464,3.31464,3.31464,3.46834,3.46834,3.46834,3.19043,3.19043,3.19043,3.31464,3.31464,3.31464,3.46834,3.46834,3.46834,3.22416,3.22416,3.22416,3.34842,3.34842,3.34842,3.50216,3.50216,3.50216,3.22416,3.22416,3.22416,3.34842,3.34842,3.34842,3.50216,3.50216,3.50216,3.22416,3.22416,3.22416,3.34842,3.34842,3.34842,3.50216,3.50216,3.50216,3.25789,3.25789,3.25789,3.38222,3.38222,3.38222,3.53602,3.53602,3.53602,3.25789,3.25789,3.25789,3.38222,3.38222,3.38222,3.53602,3.53602,3.53602,3.25789,3.25789,3.25789,3.38222,3.38222,3.38222,3.53602,3.53602,3.53602
35,3.87758,3.36788,3.36788,3.36788,3.49239,3.49239,3.49239,3.64638,3.64638,3.64638,3.36788,3.36788,3.36788,3.49239,3.49239,3.49239,3.64638,3.64638,3.64638,3.36788,3.36788,3.36788,3.49239,3.49239,3.49239,3.64638,3.64638,3.64638,3.40339,3.40339,3.40339,3.52796,3.52796,3.52796,3.68198,3.68198,3.68198,3.40339,3.40339,3.40339,3.52796,3.52796,3.52796,3.68198,3.68198,3.68198,3.40339,3.40339,3.40339,3.52796,3.52796,3.52796,3.68198,3.68198,3.68198,3.4389,3.4389,3.4389,3.56353,3.56353,3.56353,3.71761,3.71761,3.71761,3.4389,3.4389,3.4389,3.56353,3.56353,3.56353,3.71761,3.71761,3.71761,3.4389,3.4389,3.4389,3.56353,3.56353,3.56353,3.71761,3.71761,3.71761
36,4.07361,3.55195,3.55195,3.55195,3.67674,3.67674,3.67674,3.83103,3.83103,3.83103,3.55195,3.55195,3.55195,3.67674,3.67674,3.67674,3.83103,3.83103,3.83103,3.55195,3.55195,3.55195,3.67674,3.67674,3.67674,3.83103,3.83103,3.83103,3.58931,3.58931,3.58931,3.71415,3.71415,3.71415,3.86847,3.86847,3.86847,3.58931,3.58931,3.58931,3.71415,3.71415,3.71415,3.86847,3.86847,3.86847,3.58931,3.58931,3.58931,3.71415,3.71415,3.71415,3.86847,3.86847,3.86847,3.62666,3.62666,3.62666,3.75157,3.75157,3.75157,3.90595,3.90595,3.90595,3.62666,3.62666,3.62666,3.75157,3.75157,3.75157,3.90595,3.90595,3.90595,3.62666,3.62666,3.62666,3.75157,3.75157,3.75157,3.90595,3.90595,3.90595
37,4.27665,3.74287,3.74287,3.74287,3.86791,3.86791,3.86791,4.0225,4.0225,4.0225,3.74287,3.74287,3.74287,3.86791,3.86791,3.86791,4.0225,4.0225,4.0225,3.74287,3.74287,3.74287,3.86791,3.86791,3.86791,4.0225,4.0225,4.0225,3.78213,3.78213,3.78213,3.90724,3.90724,3.90724,4.06186,4.06186,4.06186,3.78213,3.78213,3.78213,3.90724,3.90724,3.90724,4.06186,4.06186,4.06186,3.78213,3.78213,3.78213,3.90724,3.90724,3.90724,4.06186,4.06186,4.06186,3.8214,3.8214,3.8214,3.94657,3.94657,3.94657,4.10125,4.10125,4.10125,3.8214,3.8214,3.8214,3.94657,3.94657,3.94657,4.10125,4.10125,4.10125,3.8214,3.8214,3.8214,3.94657,3.94657,3.94657,4.10125,4.10125,4.10125
38,4.48696,3.94087,3.94087,3.94087,4.06617,4.06617,4.06617,4.22104,4.22104,4.22104,3.94087,3.94087,3.94087,4.06617,4.06617,4.06617,4.22104,4.22104,4.22104,3.94087,3.94087,3.94087,4.06617,4.06617,4.06617,4.22104,4.22104,4.22104,3.98212,3.98212,3.98212,4.10748,4.10748,4.10748,4.26238,4.26238,4.26238,3.98212,3.98212,3.98212,4.10748,4.10748,4.10748,4.26238,4.26238,4.26238,3.98212,3.98212,3.98212,4.10748,4.10748,4.10748,4.26238,4.26238,4.26238,4.02337,4.02337,4.02337,4.14879,4.14879,4.14879,4.30375,4.30375,4.30375,4.02337,4.02337,4.02337,4.14879,4.14879,4.14879,4.30375,4.30375,4.30375,4.02337,4.02337,4.02337,4.14879,4.14879,4.14879,4.30375,4.30375,4.30375
39,4.7048,4.14621,4.14621,4.14621,4.27176,4.27176,4.27176,4.42691,4.42691,4.42691,4.14621,4.14621,4.14621,4.27176,4.27176,4.27176,4.42691,4.42691,4.42691,4.14621,4.14621,4.14621,4.27176,4.27176,4.27176,4.42691,4.42691,4.42691,4.18951,4.18951,4.18951,4.31512,4.31512,4.31512,4.47029,4.47029,4.47029,4.18951,4.18951,4.18951,4.31512,4.31512,4.31512,4.47029,4.47029,4.47029,4.18951,4.18951,4.18951,4.31512,4.31512,4.31512,4.47029,4.47029,4.47029,4.23281,4.23281,4.23281,4.35849,4.35849,4.35849,4.51371,4.51371,4.51371,4.23281,4.23281,4.23281,4.35849,4.35849,4.35849,4.51371,4.51371,4.51371,4.23281,4.23281,4.23281,4.35849,4.35849,4.35849,4.51371,4.51371,4.51371
40,4.93043,4.35915,4.35915,4.35915,4.48493,4.48493,4.48493,4.64034,4.64034,4.64034,4.35915,4.35915,4.35915,4.48493,4.48493,4.48493,4.64034,4.64034,4.64034,4.35915,4.35915,4.35915,4.48493,4.48493,4.48493,4.64034,4.64034,4.64034,4.40458,4.40458,4.40458,4.53042,4.53042,4.53042,4.68586,4.68586,4.68586,4.40458,4.40458,4.40458,4.53042,4.53042,4.53042,4.68586,4.68586,4.68586,4.40458,4.40458,4.40458,4.53042,4.53042,4.53042,4.68586,4.68586,4.68586,4.45001,4.45001,4.45001,4.57592,4.57592,4.57592,4.7314,4.7314,4.7314,4.45001,4.45001,4.45001,4.57592,4.57592,4.57592,4.7314,4.7314,4.7314,4.45001,4.45001,4.45001,4.57592,4.57592,4.57592,4.7314,4.7314,4.7314
41,5.16414,4.57996,4.57996,4.57996,4.70596,4.70596,4.70596,4.86162,4.86162,4.86162,4.57996,4.57996,4.57996,4.70596,4.70596,4.70596,4.86162,4.86162,4.86162,4.57996,4.57996,4.57996,4.70596,4.70596,4.70596,4.86162,4.86162,4.86162,4.62759,4.62759,4.62759,4.75366,4.75366,4.75366,4.90934,4.90934,4.90934,4.62759,4.62759,4.62759,4.75366,4.75366,4.75366,4.90934,4.90934,4.90934,4.62759,4.62759,4.62759,4.75366,4.75366,4.75366,4.90934,4.90934,4.90934,4.67522,4.67522,4.67522,4.80136,4.80136,4.80136,4.95707,4.95707,4.95707,4.67522,4.67522,4.67522,4.80136,4.80136,4.80136,4.95707,4.95707,4.95707,4.67522,4.67522,4.67522,4.80136,4.80136,4.80136,4.95707,4.95707,4.95707
42,5.40621,4.80892,4.80892,4.80892,4.93513,4.93513,4.93513,5.09101,5.09101,5.09101,4.80892,4.80892,4.80892,4.93513,4.93513,4.93513,5.09101,5.09101,5.09101,4.80892,4.80892,4.80892,4.93513,4.93513,4.93513,5.09101,5.09101,5.09101,4.85883,4.85883,4.85883,4.98511,4.98511,4.98511,5.141,5.141,5.141,4.85883,4.85883,4.85883,4.98511,4.98511,4.98511,5.141,5.141,5.141,4.85883,4.85883,4.85883,4.98511,4.98511,4.98511,5.141,5.141,5.141,4.90874,4.90874,4.90874,5.03509,5.03509,5.03509,5.19102,5.19102,5.19102,4.90874,4.90874,4.90874,5.03509,5.03509,5.03509,5.19102,5.19102,5.19102,4.90874,4.90874,4.90874,5.03509,5.03509,5.03509,5.19102,5.19102,5.19102
43,5.65694,5.04631,5.04631,5.04631,5.17273,5.17273,5.17273,5.3288,5.3288,5.3288,5.04631,5.04631,5.04631,5.17273,5.17273,5.17273,5.3288,5.3288,5.3288,5.04631,5.04631,5.04631,5.17273,5.17273,5.17273,5.3288,5.3288,5.3288,5.09859,5.09859,5.09859,5.22507,5.22507,5.22507,5.38116,5.38116,5.38116,5.09859,5.09859,5.09859,5.22507,5.22507,5.22507,5.38116,5.38116,5.38116,5.09859,5.09859,5.09859,5.22507,5.22507,5.22507,5.38116,5.38116,5.38116,5.15086,5.15086,5.15086,5.27741,5.27741,5.27741,5.43354,5.43354,5.43354,5.15086,5.15086,5.15086,5.27741,5.27741,5.27741,5.43354,5.43354,5.43354,5.15086,5.15086,5.15086,5.27741,5.27741,5.27741,5.43354,5.43354,5.43354
44,5.91664,5.29243,5.29243,5.29243,5.41904,5.41904,5.41904,5.57532,5.57532,5.57532,5.29243,5.29243,5.29243,5.41904,5.41904,5.41904,5.57532,5.57532,5.57532,5.29243,5.29243,5.29243,5.41904,5.41904,5.41904,5.57532,5.57532,5.57532,5.34716,5.34716,5.34716,5.47383,5.47383,5.47383,5.63013,5.63013,5.63013,5.34716,5.34716,5.34716,5.47383,5.47383,5.47383,5.63013,5.63013,5.63013,5.34716,5.34716,5.34716,5.47383,5.47383,5.47383,5.63013,5.63013,5.63013,5.40189,5.40189,5.40189,5.52862,5.52862,5.52862,5.68496,5.68496,5.68496,5.40189,5.40189,5.40189,5.52862,5.52862,5.52862,5.68496,5.68496,5.68496,5.40189,5.40189,5.40189,5.52862,5.52862,5.52862,5.68496,5.68496,5.68496
45,6.18564,5.5476,5.5476,5.5476,5.67439,5.67439,5.67439,5.83088,5.83088,5.83088,5.5476,5.5476,5.5476,5.67439,5.67439,5.67439,5.83088,5.83088,5.83088,5.5476,5.5476,5.5476,5.67439,5.67439,5.67439,5.83088,5.83088,5.83088,5.60486,5.60486,5.60486,5.73172,5.73172,5.73172,5.88822,5.88822,5.88822,5.60486,5.60486,5.60486,5.73172,5.73172,5.73172,5.88822,5.88822,5.88822,5.60486,5.60486,5.60486,5.73172,5.73172,5.73172,5.88822,5.88822,5.88822,5.66214,5.66214,5.66214,5.78905,5.78905,5.78905,5.94559,5.94559,5.94559,5.66214,5.66214,5.66214,5.78905,5.78905,5.78905,5.94559,5.94559,5.94559,5.66214,5.66214,5.66214,5.78905,5.78905,5.78905,5.94559,5.94559,5.94559
46,6.46427,5.81213,5.81213,5.81213,5.9391,5.9391,5.9391,6.09578,6.09578,6.09578,5.81213,5.81213,5.81213,5.9391,5.9391,5.9391,6.09578,6.09578,6.09578,5.81213,5.81213,5.81213,5.9391,5.9391,5.9391,6.09578,6.09578,6.09578,5.87203,5.87203,5.87203,5.99906,5.99906,5.99906,6.15576,6.15576,6.15576,5.87203,5.87203,5.87203,5.99906,5.99906,5.99906,6.15576,6.15576,6.15576,5.87203,5.87203,5.87203,5.99906,5.99906,5.99906,6.15576,6.15576,6.15576,5.93194,5.93194,5.93194,6.05902,6.05902,6.05902,6.21575,6.21575,6.21575,5.93194,5.93194,5.93194,6.05902,6.05902,6.05902,6.21575,6.21575,6.21575,5.93194,5.93194,5.93194,6.05902,6.05902,6.05902,6.21575,6.21575,6.21575
47,6.75287,6.08636,6.08636,6.08636,6.2135,6.2135,6.2135,6.37037,6.37037,6.37037,6.08636,6.08636,6.08636,6.2135,6.2135,6.2135,6.37037,6.37037,6.37037,6.08636,6.08636,6.08636,6.2135,6.2135,6.2135,6.37037,6.37037,6.37037,6.14898,6.14898,6.14898,6.27619,6.27619,6.27619,6.43307,6.43307,6.43307,6.14898,6.14898,6.14898,6.27619,6.27619,6.27619,6.43307,6.43307,6.43307,6.14898,6.14898,6.14898,6.27619,6.27619,6.27619,6.43307,6.43307,6.43307,6.21162,6.21162,6.21162,6.33887,6.33887,6.33887,6.49579,6.49579,6.49579,6.21162,6.21162,6.21162,6.33887,6.33887,6.33887,6.49579,6.49579,6.49579,6.21162,6.21162,6.21162,6.33887,6.33887,6.33887,6.49579,6.49579,6.49579
48,7.05179,6.37064,6.37064,6.37064,6.49794,6.49794,6.49794,6.65499,6.65499,6.65499,6.37064,6.37064,6.37064,6.49794,6.49794,6.49794,6.65499,6.65499,6.65499,6.37064,6.37064,6.37064,6.49794,6.49794,6.49794,6.65499,6.65499,6.65499,6.43608,6.43608,6.43608,6.56345,6.56345,6.56345,6.72051,6.72051,6.72051,6.43608,6.43608,6.43608,6.56345,6.56345,6.56345,6.72051,6.72051,6.72051,6.43608,6.43608,6.43608,6.56345,6.56345,6.56345,6.72051,6.72051,6.72051,6.50155,6.50155,6.50155,6.62895,6.62895,6.62895,6.78606,6.78606,6.78606,6.50155,6.50155,6.50155,6.62895,6.62895,6.62895,6.78606,6.78606,6.78606,6.50155,6.50155,6.50155,6.62895,6.62895,6.62895,6.78606,6.78606,6.78606
49,7.36142,6.66531,6.66531,6.66531,6.79278,6.79278,6.79278,6.95,6.95,6.95,6.66531,6.66531,6.66531,6.79278,6.79278,6.79278,6.95,6.95,6.95,6.66531,6.66531,6.66531,6.79278,6.79278,6.79278,6.95,6.95,6.95,6.73368,6.73368,6.73368,6.86121,6.86121,6.86121,7.01844,7.01844,7.01844,6.73368,6.73368,6.73368,6.86121,6.86121,6.86121,7.01844,7.01844,7.01844,6.73368,6.73368,6.73368,6.86121,6.86121,6.86121,7.01844,7.01844,7.01844,6.80209,6.80209,6.80209,6.92964,6.92964,6.92964,7.08691,7.08691,7.08691,6.80209,6.80209,6.80209,6.92964,6.92964,6.92964,7.08691,7.08691,7.08691,6.80209,6.80209,6.80209,6.92964,6.92964,6.92964,7.08691,7.08691,7.08691
50,7.68212,6.97076,6.97076,6.97076,7.09838,7.09838,7.09838,7.25577,7.25577,7.25577,6.97076,6.97076,6.97076,7.09838,7.09838,7.09838,7.25577,7.25577,7.25577,6.97076,6.97076,6.97076,7.09838,7.09838,7.09838,7.25577,7.25577,7.25577,7.04216,7.04216,7.04216,7.16984,7.16984,7.16984,7.32724,7.32724,7.32724,7.04216,7.04216,7.04216,7.16984,7.16984,7.16984,7.32724,7.32724,7.32724,7.04216,7.04216,7.04216,7.16984,7.16984,7.16984,7.32724,7.32724,7.32724,7.1136,7.1136,7.1136,7.24129,7.24129,7.24129,7.39873,7.39873,7.39873,7.1136,7.1136,7.1136,7.24129,7.24129,7.24129,7.39873,7.39873,7.39873,7.1136,7.1136,7.1136,7.24129,7.24129,7.24129,7.39873,7.39873,7.39873
51,8.0143,7.28737,7.28737,7.28737,7.41513,7.41513,7.41513,7.57268,7.57268,7.57268,7.28737,7.28737,7.28737,7.41513,7.41513,7.41513,7.57268,7.57268,7.57268,7.28737,7.28737,7.28737,7.41513,7.41513,7.41513,7.57268,7.57268,7.57268,7.36191,7.36191,7.36191,7.48972,7.48972,7.48972,7.64729,7.64729,7.64729,7.36191,7.36191,7.36191,7.48972,7.48972,7.48972,7.64729,7.64729,7.64729,7.36191,7.36191,7.36191,7.48972,7.48972,7.48972,7.64729,7.64729,7.64729,7.43649,7.43649,7.43649,7.56432,7.56432,7.56432,7.72192,7.72192,7.72192,7.43649,7.43649,7.43649,7.56432,7.56432,7.56432,7.72192,7.72192,7.72192,7.43649,7.43649,7.43649,7.56432,7.56432,7.56432,7.72192,7.72192,7.72192
52,8.35837,7.61553,7.61553,7.61553,7.74343,7.74343,7.74343,7.90113,7.90113,7.90113,7.61553,7.61553,7.61553,7.74343,7.74343,7.74343,7.90113,7.90113,7.90113,7.61553,7.61553,7.61553,7.74343,7.74343,7.74343,7.90113,7.90113,7.90113,7.69332,7.69332,7.69332,7.82127,7.82127,7.82127,7.97899,7.97899,7.97899,7.69332,7.69332,7.69332,7.82127,7.82127,7.82127,7.97899,7.97899,7.97899,7.69332,7.69332,7.69332,7.82127,7.82127,7.82127,7.97899,7.97899,7.97899,7.77114,7.77114,7.77114,7.89912,7.89912,7.89912,8.05687,8.05687,8.05687,7.77114,7.77114,7.77114,7.89912,7.89912,7.89912,8.05687,8.05687,8.05687,7.77114,7.77114,7.77114,7.89912,7.89912,7.89912,8.05687,8.05687,8.05687
53,8.71476,7.95559,7.95559,7.95559,8.08368,8.08368,8.08368,8.24153,8.24153,8.24153,7.95559,7.95559,7.95559,8.08368,8.08368,8.08368,8.24153,8.24153,8.24153,7.95559,7.95559,7.95559,8.08368,8.08368,8.08368,8.24153,8.24153,8.24153,8.03674,8.03674,8.03674,8.1649,8.1649,8.1649,8.32276,8.32276,8.32276,8.03674,8.03674,8.03674,8.1649,8.1649,8.1649,8.32276,8.32276,8.32276,8.03674,8.03674,8.03674,8.1649,8.1649,8.1649,8.32276,8.32276,8.32276,8.11792,8.11792,8.11792,8.24611,8.24611,8.24611,8.40401,8.40401,8.40401,8.11792,8.11792,8.11792,8.24611,8.24611,8.24611,8.40401,8.40401,8.40401,8.11792,8.11792,8.11792,8.24611,8.24611,8.24611,8.40401,8.40401,8.40401
54,9.08389,8.30802,8.30802,8.30802,8.43632,8.43632,8.43632,8.59431,8.59431,8.59431,8.30802,8.30802,8.30802,8.43632,8.43632,8.43632,8.59431,8.59431,8.59431,8.30802,8.30802,8.30802,8.43632,8.43632,8.43632,8.59431,8.59431,8.59431,8.39266,8.39266,8.39266,8.52102,8.52102,8.52102,8.67902,8.67902,8.67902,8.39266,8.39266,8.39266,8.52102,8.52102,8.52102,8.67902,8.67902,8.67902,8.39266,8.39266,8.39266,8.52102,8.52102,8.52102,8.67902,8.67902,8.67902,8.47734,8.47734,8.47734,8.60572,8.60572,8.60572,8.76376,8.76376,8.76376,8.47734,8.47734,8.47734,8.60572,8.60572,8.60572,8.76376,8.76376,8.76376,8.47734,8.47734,8.47734,8.60572,8.60572,8.60572,8.76376,8.76376,8.76376
55,9.46624,8.67332,8.67332,8.67332,8.80177,8.80177,8.80177,8.9599,8.9599,8.9599,8.67332,8.67332,8.67332,8.80177,8.80177,8.80177,8.9599,8.9599,8.9599,8.67332,8.67332,8.67332,8.80177,8.80177,8.80177,8.9599,8.9599,8.9599,8.76159,8.76159,8.76159,8.89008,8.89008,8.89008,9.04823,9.04823,9.04823,8.76159,8.76159,8.76159,8.89008,8.89008,8.89008,9.04823,9.04823,9.04823,8.76159,8.76159,8.76159,8.89008,8.89008,8.89008,9.04823,9.04823,9.04823,8.84988,8.84988,8.84988,8.97839,8.97839,8.97839,9.13657,9.13657,9.13657,8.84988,8.84988,8.84988,8.97839,8.97839,8.97839,9.13657,9.13657,9.13657,8.84988,8.84988,8.84988,8.97839,8.97839,8.97839,9.13657,9.13657,9.13657
56,9.86227,9.05191,9.05191,9.05191,9.1805,9.1805,9.1805,9.33877,9.33877,9.33877,9.05191,9.05191,9.05191,9.1805,9.1805,9.1805,9.33877,9.33877,9.33877,9.05191,9.05191,9.05191,9.1805,9.1805,9.1805,9.33877,9.33877,9.33877,9.14393,9.14393,9.14393,9.27255,9.27255,9.27255,9.43083,9.43083,9.43083,9.14393,9.14393,9.14393,9.27255,9.27255,9.27255,9.43083,9.43083,9.43083,9.14393,9.14393,9.14393,9.27255,9.27255,9.27255,9.43083,9.43083,9.43083,9.23597,9.23597,9.23597,9.3646,9.3646,9.3646,9.52292,9.52292,9.52292,9.23597,9.23597,9.23597,9.3646,9.3646,9.3646,9.52292,9.52292,9.52292,9.23597,9.23597,9.23597,9.3646,9.3646,9.3646,9.52292,9.52292,9.52292
57,10.2725,9.44428,9.44428,9.44428,9.57299,9.57299,9.57299,9.73139,9.73139,9.73139,9.44428,9.44428,9.44428,9.57299,9.57299,9.57299,9.73139,9.73139,9.73139,9.44428,9.44428,9.44428,9.57299,9.57299,9.57299,9.73139,9.73139,9.73139,9.54018,9.54018,9.54018,9.66892,9.66892,9.66892,9.82733,9.82733,9.82733,9.54018,9.54018,9.54018,9.66892,9.66892,9.66892,9.82733,9.82733,9.82733,9.54018,9.54018,9.54018,9.66892,9.66892,9.66892,9.82733,9.82733,9.82733,9.6361,9.6361,9.6361,9.76484,9.76484,9.76484,9.9233,9.9233,9.9233,9.6361,9.6361,9.6361,9.76484,9.76484,9.76484,9.9233,9.9233,9.9233,9.6361,9.6361,9.6361,9.76484,9.76484,9.76484,9.9233,9.9233,9.9233
58,10.6974,9.8509,9.8509,9.8509,9.97973,9.97973,9.97973,10.1383,10.1383,10.1383,9.8509,9.8509,9.8509,9.97973,9.97973,9.97973,10.1383,10.1383,10.1383,9.8509,9.8509,9.8509,9.97973,9.97973,9.97973,10.1383,10.1383,10.1383,9.95083,9.95083,9.95083,10.0797,10.0797,10.0797,10.2382,10.2382,10.2382,9.95083,9.95083,9.95083,10.0797,10.0797,10.0797,10.2382,10.2382,10.2382,9.95083,9.95083,9.95083,10.0797,10.0797,10.0797,10.2382,10.2382,10.2382,10.0508,10.0508,10.0508,10.1796,10.1796,10.1796,10.3382,10.3382,10.3382,10.0508,10.0508,10.0508,10.1796,10.1796,10.1796,10.3382,10.3382,10.3382,10.0508,10.0508,10.0508,10.1796,10.1796,10.1796,10.3382,10.3382,10.3382
59,11.1374,10.2723,10.2723,10.2723,10.4012,10.4012,10.4012,10.5599,10.5599,10.5599,10.2723,10.2723,10.2723,10.4012,10.4012,10.4012,10.5599,10.5599,10.5599,10.2723,10.2723,10.2723,10.4012,10.4012,10.4012,10.5599,10.5599,10.5599,10.3764,10.3764,10.3764,10.5053,10.5053,10.5053,10.664,10.664,10.664,10.3764,10.3764,10.3764,10.5053,10.5053,10.5053,10.664,10.664,10.664,10.3764,10.3764,10.3764,10.5053,10.5053,10.5053,10.664,10.664,10.664,10.4805,10.4805,10.4805,10.6094,10.6094,10.6094,10.7681,10.7681,10.7681,10.4805,10.4805,10.4805,10.6094,10.6094,10.6094,10.7681,10.7681,10.7681,10.4805,10.4805,10.4805,10.6094,10.6094,10.6094,10.7681,10.7681,10.7681
60,11.5933,10.709,10.709,10.709,10.838,10.838,10.838,10.9967,10.9967,10.9967,10.709,10.709,10.709,10.838,10.838,10.838,10.9967,10.9967,10.9967,10.709,10.709,10.709,10.838,10.838,10.838,10.9967,10.9967,10.9967,10.8174,10.8174,10.8174,10.9464,10.9464,10.9464,11.1051,11.1051,11.1051,10.8174,10.8174,10.8174,10.9464,10.9464,10.9464,11.1051,11.1051,11.1051,10.8174,10.8174,10.8174,10.9464,10.9464,10.9464,11.1051,11.1051,11.1051,10.9257,10.9257,10.9257,11.0548,11.0548,11.0548,11.2136,11.2136,11.2136,10.9257,10.9257,10.9257,11.0548,11.0548,11.0548,11.2136,11.2136,11.2136,10.9257,10.9257,10.9257,11.0548,11.0548,11.0548,11.2136,11.2136,11.2136
61,12.0654,11.1614,11.1614,11.1614,11.2905,11.2905,11.2905,11.4494,11.4494,11.4494,11.1614,11.1614,11.1614,11.2905,11.2905,11.2905,11.4494,11.4494,11.4494,11.1614,11.1614,11.1614,11.2905,11.2905,11.2905,11.4494,11.4494,11.4494,11.2742,11.2742,11.2742,11.4033,11.4033,11.4033,11.5622,11.5622,11.5622,11.2742,11.2742,11.2742,11.4033,11.4033,11.4033,11.5622,11.5622,11.5622,11.2742,11.2742,11.2742,11.4033,11.4033,11.4033,11.5622,11.5622,11.5622,11.3871,11.3871,11.3871,11.5162,11.5162,11.5162,11.6751,11.6751,11.6751,11.3871,11.3871,11.3871,11.5162,11.5162,11.5162,11.6751,11.6751,11.6751,11.3871,11.3871,11.3871,11.5162,11.5162,11.5162,11.6751,11.6751,11.6751
62,12.5545,11.6302,11.6302,11.6302,11.7594,11.7594,11.7594,11.9184,11.9184,11.9184,11.6302,11.6302,11.6302,11.7594,11.7594,11.7594,11.9184,11.9184,11.9184,11.6302,11.6302,11.6302,11.7594,11.7594,11.7594,11.9184,11.9184,11.9184,11.7476,11.7476,11.7476,11.8768,11.8768,11.8768,12.0359,12.0359,12.0359,11.7476,11.7476,11.7476,11.8768,11.8768,11.8768,12.0359,12.0359,12.0359,11.7476,11.7476,11.7476,11.8768,11.8768,11.8768,12.0359,12.0359,12.0359,11.8651,11.8651,11.8651,11.9943,11.9943,11.9943,12.1534,12.1534,12.1534,11.8651,11.8651,11.8651,11.9943,11.9943,11.9943,12.1534,12.1534,12.1534,11.8651,11.8651,11.8651,11.9943,11.9943,11.9943,12.1534,12.1534,12.1534
63,13.061,12.116,12.116,12.116,12.2452,12.2452,12.2452,12.4044,12.4044,12.4044,12.116,12.116,12.116,12.2452,12.2452,12.2452,12.4044,12.4044,12.4044,12.116,12.116,12.116,12.2452,12.2452,12.2452,12.4044,12.4044,12.4044,12.2382,12.2382,12.2382,12.3675,12.3675,12.3675,12.5267,12.5267,12.5267,12.2382,12.2382,12.2382,12.3675,12.3675,12.3675,12.5267,12.5267,12.5267,12.2382,12.2382,12.2382,12.3675,12.3675,12.3675,12.5267,12.5267,12.5267,12.3605,12.3605,12.3605,12.4897,12.4897,12.4897,12.649,12.649,12.649,12.3605,12.3605,12.3605,12.4897,12.4897,12.4897,12.649,12.649,12.649,12.3605,12.3605,12.3605,12.4897,12.4897,12.4897,12.649,12.649,12.649
64,13.5857,12.6194,12.6194,12.6194,12.7487,12.7487,12.7487,12.908,12.908,12.908,12.6194,12.6194,12.6194,12.7487,12.7487,12.7487,12.908,12.908,12.908,12.6194,12.6194,12.6194,12.7487,12.7487,12.7487,12.908,12.908,12.908,12.7466,12.7466,12.7466,12.8759,12.8759,12.8759,13.0352,13.0352,13.0352,12.7466,12.7466,12.7466,12.8759,12.8759,12.8759,13.0352,13.0352,13.0352,12.7466,12.7466,12.7466,12.8759,12.8759,12.8759,13.0352,13.0352,13.0352,12.8738,12.8738,12.8738,13.0031,13.0031,13.0031,13.1625,13.1625,13.1625,12.8738,12.8738,12.8738,13.0031,13.0031,13.0031,13.1625,13.1625,13.1625,12.8738,12.8738,12.8738,13.0031,13.0031,13.0031,13.1625,13.1625,13.1625
65,14.1292,13.141,13.141,13.141,13.2704,13.2704,13.2704,13.4298,13.4298,13.4298,13.141,13.141,13.141,13.2704,13.2704,13.2704,13.4298,13.4298,13.4298,13.141,13.141,13.141,13.2704,13.2704,13.2704,13.4298,13.4298,13.4298,13.2733,13.2733,13.2733,13.4028,13.4028,13.4028,13.5621,13.5621,13.5621,13.2733,13.2733,13.2733,13.4028,13.4028,13.4028,13.5621,13.5621,13.5621,13.2733,13.2733,13.2733,13.4028,13.4028,13.4028,13.5621,13.5621,13.5621,13.4057,13.4057,13.4057,13.5351,13.5351,13.5351,13.6945,13.6945,13.6945,13.4057,13.4057,13.4057,13.5351,13.5351,13.5351,13.6945,13.6945,13.6945,13.4057,13.4057,13.4057,13.5351,13.5351,13.5351,13.6945,13.6945,13.6945
66,14.6921,13.6815,13.6815,13.6815,13.811,13.811,13.811,13.9704,13.9704,13.9704,13.6815,13.6815,13.6815,13.811,13.811,13.811,13.9704,13.9704,13.9704,13.6815,13.6815,13.6815,13.811,13.811,13.811,13.9704,13.9704,13.9704,13.8191,13.8191,13.8191,13.9487,13.9487,13.9487,14.1081,14.1081,14.1081,13.8191,13.8191,13.8191,13.9487,13.9487,13.9487,14.1081,14.1081,14.1081,13.8191,13.8191,13.8191,13.9487,13.9487,13.9487,14.1081,14.1081,14.1081,13.9568,13.9568,13.9568,14.0863,14.0863,14.0863,14.2458,14.2458,14.2458,13.9568,13.9568,13.9568,14.0863,14.0863,14.0863,14.2458,14.2458,14.2458,13.9568,13.9568,13.9568,14.0863,14.0863,14.0863,14.2458,14.2458,14.2458
67,15.2751,14.2415,14.2415,14.2415,14.3711,14.3711,14.3711,14.5306,14.5306,14.5306,14.2415,14.2415,14.2415,14.3711,14.3711,14.3711,14.5306,14.5306,14.5306,14.2415,14.2415,14.2415,14.3711,14.3711,14.3711,14.5306,14.5306,14.5306,14.3847,14.3847,14.3847,14.5143,14.5143,14.5143,14.6738,14.6738,14.6738,14.3847,14.3847,14.3847,14.5143,14.5143,14.5143,14.6738,14.6738,14.6738,14.3847,14.3847,14.3847,14.5143,14.5143,14.5143,14.6738,14.6738,14.6738,14.5279,14.5279,14.5279,14.6575,14.6575,14.6575,14.8171,14.8171,14.8171,14.5279,14.5279,14.5279,14.6575,14.6575,14.6575,14.8171,14.8171,14.8171,14.5279,14.5279,14.5279,14.6575,14.6575,14.6575,14.8171,14.8171,14.8171
68,15.879,14.8218,14.8218,14.8218,14.9514,14.9514,14.9514,15.1111,15.1111,15.1111,14.8218,14.8218,14.8218,14.9514,14.9514,14.9514,15.1111,15.1111,15.1111,14.8218,14.8218,14.8218,14.9514,14.9514,14.9514,15.1111,15.1111,15.1111,14.9707,14.9707,14.9707,15.1004,15.1004,15.1004,15.26,15.26,15.26,14.9707,14.9707,14.9707,15.1004,15.1004,15.1004,15.26,15.26,15.26,14.9707,14.9707,14.9707,15.1004,15.1004,15.1004,15.26,15.26,15.26,15.1196,15.1196,15.1196,15.2493,15.2493,15.2493,15.4089,15.4089,15.4089,15.1196,15.1196,15.1196,15.2493,15.2493,15.2493,15.4089,15.4089,15.4089,15.1196,15.1196,15.1196,15.2493,15.2493,15.2493,15.4089,15.4089,15.4089
69,16.5045,15.4231,15.4231,15.4231,15.5528,15.5528,15.5528,15.7125,15.7125,15.7125,15.4231,15.4231,15.4231,15.5528,15.5528,15.5528,15.7125,15.7125,15.7125,15.4231,15.4231,15.4231,15.5528,15.5528,15.5528,15.7125,15.7125,15.7125,15.5779,15.5779,15.5779,15.7076,15.7076,15.7076,15.8673,15.8673,15.8673,15.5779,15.5779,15.5779,15.7076,15.7076,15.7076,15.8673,15.8673,15.8673,15.5779,15.5779,15.5779,15.7076,15.7076,15.7076,15.8673,15.8673,15.8673,15.7327,15.7327,15.7327,15.8624,15.8624,15.8624,16.0222,16.0222,16.0222,15.7327,15.7327,15.7327,15.8624,15.8624,15.8624,16.0222,16.0222,16.0222,15.7327,15.7327,15.7327,15.8624,15.8624,15.8624,16.0222,16.0222,16.0222
70,17.1525,16.046,16.046,16.046,16.1758,16.1758,16.1758,16.3356,16.3356,16.3356,16.046,16.046,16.046,16.1758,16.1758,16.1758,16.3356,16.3356,16.3356,16.046,16.046,16.046,16.1758,16.1758,16.1758,16.3356,16.3356,16.3356,16.207,16.207,16.207,16.3368,16.3368,16.3368,16.4965,16.4965,16.4965,16.207,16.207,16.207,16.3368,16.3368,16.3368,16.4965,16.4965,16.4965,16.207,16.207,16.207,16.3368,16.3368,16.3368,16.4965,16.4965,16.4965,16.3679,16.3679,16.3679,16.4977,16.4977,16.4977,16.6575,16.6575,16.6575,16.3679,16.3679,16.3679,16.4977,16.4977,16.4977,16.6575,16.6575,16.6575,16.3679,16.3679,16.3679,16.4977,16.4977,16.4977,16.6575,16.6575,16.6575
71,17.8236,16.6915,16.6915,16.6915,16.8214,16.8214,16.8214,16.9812,16.9812,16.9812,16.6915,16.6915,16.6915,16.8214,16.8214,16.8214,16.9812,16.9812,16.9812,16.6915,16.6915,16.6915,16.8214,16.8214,16.8214,16.9812,16.9812,16.9812,16.8588,16.8588,16.8588,16.9887,16.9887,16.9887,17.1485,17.1485,17.1485,16.8588,16.8588,16.8588,16.9887,16.9887,16.9887,17.1485,17.1485,17.1485,16.8588,16.8588,16.8588,16.9887,16.9887,16.9887,17.1485,17.1485,17.1485,17.0261,17.0261,17.0261,17.156,17.156,17.156,17.3158,17.3158,17.3158,17.0261,17.0261,17.0261,17.156,17.156,17.156,17.3158,17.3158,17.3158,17.0261,17.0261,17.0261,17.156,17.156,17.156,17.3158,17.3158,17.3158
72,18.5187,17.3603,17.3603,17.3603,17.4902,17.4902,17.4902,17.6501,17.6501,17.6501,17.3603,17.3603,17.3603,17.4902,17.4902,17.4902,17.6501,17.6501,17.6501,17.3603,17.3603,17.3603,17.4902,17.4902,17.4902,17.6501,17.6501,17.6501,17.5341,17.5341,17.5341,17.6641,17.6641,17.6641,17.824,17.824,17.824,17.5341,17.5341,17.5341,17.6641,17.6641,17.6641,17.824,17.824,17.824,17.5341,17.5341,17.5341,17.6641,17.6641,17.6641,17.824,17.824,17.824,17.708,17.708,17.708,17.8379,17.8379,17.8379,17.9979,17.9979,17.9979,17.708,17.708,17.708,17.8379,17.8379,17.8379,17.9979,17.9979,17.9979,17.708,17.708,17.708,17.8379,17.8379,17.8379,17.9979,17.9979,17.9979
73,19.2387,18.0531,18.0531,18.0531,18.1832,18.1832,18.1832,18.3431,18.3431,18.3431,18.0531,18.0531,18.0531,18.1832,18.1832,18.1832,18.3431,18.3431,18.3431,18.0531,18.0531,18.0531,18.1832,18.1832,18.1832,18.3431,18.3431,18.3431,18.2338,18.2338,18.2338,18.3638,18.3638,18.3638,18.5238,18.5238,18.5238,18.2338,18.2338,18.2338,18.3638,18.3638,18.3638,18.5238,18.5238,18.5238,18.2338,18.2338,18.2338,18.3638,18.3638,18.3638,18.5238,18.5238,18.5238,18.4144,18.4144,18.4144,18.5445,18.5445,18.5445,18.7045,18.7045,18.7045,18.4144,18.4144,18.4144,18.5445,18.5445,18.5445,18.7045,18.7045,18.7045,18.4144,18.4144,18.4144,18.5445,18.5445,18.5445,18.7045,18.7045,18.7045
74,19.9844,18.771,18.771,18.771,18.9011,18.9011,18.9011,19.0611,19.0611,19.0611,18.771,18.771,18.771,18.9011,18.9011,18.9011,19.0611,19.0611,19.0611,18.771,18.771,18.771,18.9011,18.9011,18.9011,19.0611,19.0611,19.0611,18.9587,18.9587,18.9587,19.0888,19.0888,19.0888,19.2488,19.2488,19.2488,18.9587,18.9587,18.9587,19.0888,19.0888,19.0888,19.2488,19.2488,19.2488,18.9587,18.9587,18.9587,19.0888,19.0888,19.0888,19.2488,19.2488,19.2488,19.1464,19.1464,19.1464,19.2765,19.2765,19.2765,19.4365,19.4365,19.4365,19.1464,19.1464,19.1464,19.2765,19.2765,19.2765,19.4365,19.4365,19.4365,19.1464,19.1464,19.1464,19.2765,19.2765,19.2765,19.4365,19.4365,19.4365
75,20.7569,19.5147,19.5147,19.5147,19.6449,19.6449,19.6449,19.8049,19.8049,19.8049,19.5147,19.5147,19.5147,19.6449,19.6449,19.6449,19.8049,19.8049,19.8049,19.5147,19.5147,19.5147,19.6449,19.6449,19.6449,19.8049,19.8049,19.8049,19.7097,19.7097,19.7097,19.8399,19.8399,19.8399,19.9999,19.9999,19.9999,19.7097,19.7097,19.7097,19.8399,19.8399,19.8399,19.9999,19.9999,19.9999,19.7097,19.7097,19.7097,19.8399,19.8399,19.8399,19.9999,19.9999,19.9999,19.9047,19.9047,19.9047,20.0349,20.0349,20.0349,20.195,20.195,20.195,19.9047,19.9047,19.9047,20.0349,20.0349,20.0349,20.195,20.195,20.195,19.9047,19.9047,19.9047,20.0349,20.0349,20.0349,20.195,20.195,20.195
76,21.557,20.2853,20.2853,20.2853,20.4155,20.4155,20.4155,20.5756,20.5756,20.5756,20.2853,20.2853,20.2853,20.4155,20.4155,20.4155,20.5756,20.5756,20.5756,20.2853,20.2853,20.2853,20.4155,20.4155,20.4155,20.5756,20.5756,20.5756,20.4878,20.4878,20.4878,20.6181,20.6181,20.6181,20.7782,20.7782,20.7782,20.4878,20.4878,20.4878,20.6181,20.6181,20.6181,20.7782,20.7782,20.7782,20.4878,20.4878,20.4878,20.6181,20.6181,20.6181,20.7782,20.7782,20.7782,20.6904,20.6904,20.6904,20.8207,20.8207,20.8207,20.9808,20.9808,20.9808,20.6904,20.6904,20.6904,20.8207,20.8207,20.8207,20.9808,20.9808,20.9808,20.6904,20.6904,20.6904,20.8207,20.8207,20.8207,20.9808,20.9808,20.9808
77,22.3857,21.0836,21.0836,21.0836,21.2139,21.2139,21.2139,21.374,21.374,21.374,21.0836,21.0836,21.0836,21.2139,21.2139,21.2139,21.374,21.374,21.374,21.0836,21.0836,21.0836,21.2139,21.2139,21.2139,21.374,21.374,21.374,21.294,21.294,21.294,21.4243,21.4243,21.4243,21.5844,21.5844,21.5844,21.294,21.294,21.294,21.4243,21.4243,21.4243,21.5844,21.5844,21.5844,21.294,21.294,21.294,21.4243,21.4243,21.4243,21.5844,21.5844,21.5844,21.5044,21.5044,21.5044,21.6347,21.6347,21.6347,21.7949,21.7949,21.7949,21.5044,21.5044,21.5044,21.6347,21.6347,21.6347,21.7949,21.7949,21.7949,21.5044,21.5044,21.5044,21.6347,21.6347,21.6347,21.7949,21.7949,21.7949
78,23.2441,21.9107,21.9107,21.9107,22.041,22.041,22.041,22.2012,22.2012,22.2012,21.9107,21.9107,21.9107,22.041,22.041,22.041,22.2012,22.2012,22.2012,21.9107,21.9107,21.9107,22.041,22.041,22.041,22.2012,22.2012,22.2012,22.1292,22.1292,22.1292,22.2595,22.2595,22.2595,22.4197,22.4197,22.4197,22.1292,22.1292,22.1292,22.2595,22.2595,22.2595,22.4197,22.4197,22.4197,22.1292,22.1292,22.1292,22.2595,22.2595,22.2595,22.4197,22.4197,22.4197,22.3477,22.3477,22.3477,22.4781,22.4781,22.4781,22.6383,22.6383,22.6383,22.3477,22.3477,22.3477,22.4781,22.4781,22.4781,22.6383,22.6383,22.6383,22.3477,22.3477,22.3477,22.4781,22.4781,22.4781,22.6383,22.6383,22.6383
79,24.1332,22.7675,22.7675,22.7675,22.8979,22.8979,22.8979,23.0581,23.0581,23.0581,22.7675,22.7675,22.7675,22.8979,22.8979,22.8979,23.0581,23.0581,23.0581,22.7675,22.7675,22.7675,22.8979,22.8979,22.8979,23.0581,23.0581,23.0581,22.9945,22.9945,22.9945,23.1249,23.1249,23.1249,23.2851,23.2851,23.2851,22.9945,22.9945,22.9945,23.1249,23.1249,23.1249,23.2851,23.2851,23.2851,22.9945,22.9945,22.9945,23.1249,23.1249,23.1249,23.2851,23.2851,23.2851,23.2214,23.2214,23.2214,23.3518,23.3518,23.3518,23.5121,23.5121,23.5121,23.2214,23.2214,23.2214,23.3518,23.3518,23.3518,23.5121,23.5121,23.5121,23.2214,23.2214,23.2214,23.3518,23.3518,23.3518,23.5121,23.5121,23.5121
80,25.0541,23.6553,23.6553,23.6553,23.7857,23.7857,23.7857,23.9459,23.9459,23.9459,23.6553,23.6553,23.6553,23.7857,23.7857,23.7857,23.9459,23.9459,23.9459,23.6553,23.6553,23.6553,23.7857,23.7857,23.7857,23.9459,23.9459,23.9459,23.8909,23.8909,23.8909,24.0213,24.0213,24.0213,24.1816,24.1816,24.1816,23.8909,23.8909,23.8909,24.0213,24.0213,24.0213,24.1816,24.1816,24.1816,23.8909,23.8909,23.8909,24.0213,24.0213,24.0213,24.1816,24.1816,24.1816,24.1265,24.1265,24.1265,24.257,24.257,24.257,24.4173,24.4173,24.4173,24.1265,24.1265,24.1265,24.257,24.257,24.257,24.4173,24.4173,24.4173,24.1265,24.1265,24.1265,24.257,24.257,24.257,24.4173,24.4173,24.4173
81,26.008,24.5749,24.5749,24.5749,24.7054,24.7054,24.7054,24.8657,24.8657,24.8657,24.5749,24.5749,24.5749,24.7054,24.7054,24.7054,24.8657,24.8657,24.8657,24.5749,24.5749,24.5749,24.7054,24.7054,24.7054,24.8657,24.8657,24.8657,24.8196,24.8196,24.8196,24.95,24.95,24.95,25.1104,25.1104,25.1104,24.8196,24.8196,24.8196,24.95,24.95,24.95,25.1104,25.1104,25.1104,24.8196,24.8196,24.8196,24.95,24.95,24.95,25.1104,25.1104,25.1104,25.0643,25.0643,25.0643,25.1947,25.1947,25.1947,25.3551,25.3551,25.3551,25.0643,25.0643,25.0643,25.1947,25.1947,25.1947,25.3551,25.3551,25.3551,25.0643,25.0643,25.0643,25.1947,25.1947,25.1947,25.3551,25.3551,25.3551
82,26.996,25.5277,25.5277,25.5277,25.6582,25.6582,25.6582,25.8185,25.8185,25.8185,25.5277,25.5277,25.5277,25.6582,25.6582,25.6582,25.8185,25.8185,25.8185,25.5277,25.5277,25.5277,25.6582,25.6582,25.6582,25.8185,25.8185,25.8185,25.7817,25.7817,25.7817,25.9122,25.9122,25.9122,26.0726,26.0726,26.0726,25.7817,25.7817,25.7817,25.9122,25.9122,25.9122,26.0726,26.0726,26.0726,25.7817,25.7817,25.7817,25.9122,25.9122,25.9122,26.0726,26.0726,26.0726,26.0357,26.0357,26.0357,26.1662,26.1662,26.1662,26.3266,26.3266,26.3266,26.0357,26.0357,26.0357,26.1662,26.1662,26.1662,26.3266,26.3266,26.3266,26.0357,26.0357,26.0357,26.1662,26.1662,26.1662,26.3266,26.3266,26.3266
83,28.0193,26.5147,26.5147,26.5147,26.6453,26.6453,26.6453,26.8057,26.8057,26.8057,26.5147,26.5147,26.5147,26.6453,26.6453,26.6453,26.8057,26.8057,26.8057,26.5147,26.5147,26.5147,26.6453,26.6453,26.6453,26.8057,26.8057,26.8057,26.7784,26.7784,26.7784,26.9089,26.9089,26.9089,27.0693,27.0693,27.0693,26.7784,26.7784,26.7784,26.9089,26.9089,26.9089,27.0693,27.0693,27.0693,26.7784,26.7784,26.7784,26.9089,26.9089,26.9089,27.0693,27.0693,27.0693,27.0421,27.0421,27.0421,27.1726,27.1726,27.1726,27.3331,27.3331,27.3331,27.0421,27.0421,27.0421,27.1726,27.1726,27.1726,27.3331,27.3331,27.3331,27.0421,27.0421,27.0421,27.1726,27.1726,27.1726,27.3331,27.3331,27.3331
84,29.0793,27.5373,27.5373,27.5373,27.6678,27.6678,27.6678,27.8283,27.8283,27.8283,27.5373,27.5373,27.5373,27.6678,27.6678,27.6678,27.8283,27.8283,27.8283,27.5373,27.5373,27.5373,27.6678,27.6678,27.6678,27.8283,27.8283,27.8283,27.811,27.811,27.811,27.9415,27.9415,27.9415,28.102,28.102,28.102,27.811,27.811,27.811,27.9415,27.9415,27.9415,28.102,28.102,28.102,27.811,27.811,27.811,27.9415,27.9415,27.9415,28.102,28.102,28.102,28.0847,28.0847,28.0847,28.2153,28.2153,28.2153,28.3757,28.3757,28.3757,28.0847,28.0847,28.0847,28.2153,28.2153,28.2153,28.3757,28.3757,28.3757,28.0847,28.0847,28.0847,28.2153,28.2153,28.2153,28.3757,28.3757,28.3757
85,30.1773,28.5966,28.5966,28.5966,28.7272,28.7272,28.7272,28.8876,28.8876,28.8876,28.5966,28.5966,28.5966,28.7272,28.7272,28.7272,28.8876,28.8876,28.8876,28.5966,28.5966,28.5966,28.7272,28.7272,28.7272,28.8876,28.8876,28.8876,28.8807,28.8807,28.8807,29.0112,29.0112,29.0112,29.1717,29.1717,29.1717,28.8807,28.8807,28.8807,29.0112,29.0112,29.0112,29.1717,29.1717,29.1717,28.8807,28.8807,28.8807,29.0112,29.0112,29.0112,29.1717,29.1717,29.1717,29.1647,29.1647,29.1647,29.2954,29.2954,29.2954,29.4559,29.4559,29.4559,29.1647,29.1647,29.1647,29.2954,29.2954,29.2954,29.4559,29.4559,29.4559,29.1647,29.1647,29.1647,29.2954,29.2954,29.2954,29.4559,29.4559,29.4559
86,31.3145,29.694,29.694,29.694,29.8246,29.8246,29.8246,29.9851,29.9851,29.9851,29.694,29.694,29.694,29.8246,29.8246,29.8246,29.9851,29.9851,29.9851,29.694,29.694,29.694,29.8246,29.8246,29.8246,29.9851,29.9851,29.9851,29.9888,29.9888,29.9888,30.1194,30.1194,30.1194,30.2799,30.2799,30.2799,29.9888,29.9888,29.9888,30.1194,30.1194,30.1194,30.2799,30.2799,30.2799,29.9888,29.9888,29.9888,30.1194,30.1194,30.1194,30.2799,30.2799,30.2799,30.2836,30.2836,30.2836,30.4143,30.4143,30.4143,30.5748,30.5748,30.5748,30.2836,30.2836,30.2836,30.4143,30.4143,30.4143,30.5748,30.5748,30.5748,30.2836,30.2836,30.2836,30.4143,30.4143,30.4143,30.5748,30.5748,30.5748
87,32.4924,30.8308,30.8308,30.8308,30.9614,30.9614,30.9614,31.122,31.122,31.122,30.8308,30.8308,30.8308,30.9614,30.9614,30.9614,31.122,31.122,31.122,30.8308,30.8308,30.8308,30.9614,30.9614,30.9614,31.122,31.122,31.122,31.1368,31.1368,31.1368,31.2674,31.2674,31.2674,31.4279,31.4279,31.4279,31.1368,31.1368,31.1368,31.2674,31.2674,31.2674,31.4279,31.4279,31.4279,31.1368,31.1368,31.1368,31.2674,31.2674,31.2674,31.4279,31.4279,31.4279,31.4427,31.4427,31.4427,31.5734,31.5734,31.5734,31.734,31.734,31.734,31.4427,31.4427,31.4427,31.5734,31.5734,31.5734,31.734,31.734,31.734,31.4427,31.4427,31.4427,31.5734,31.5734,31.5734,31.734,31.734,31.734
88,33.7125,32.0085,32.0085,32.0085,32.1391,32.1391,32.1391,32.2997,32.2997,32.2997,32.0085,32.0085,32.0085,32.1391,32.1391,32.1391,32.2997,32.2997,32.2997,32.0085,32.0085,32.0085,32.1391,32.1391,32.1391,32.2997,32.2997,32.2997,32.326,32.326,32.326,32.4566,32.4566,32.4566,32.6172,32.6172,32.6172,32.326,32.326,32.326,32.4566,32.4566,32.4566,32.6172,32.6172,32.6172,32.326,32.326,32.326,32.4566,32.4566,32.4566,32.6172,32.6172,32.6172,32.6435,32.6435,32.6435,32.7742,32.7742,32.7742,32.9347,32.9347,32.9347,32.6435,32.6435,32.6435,32.7742,32.7742,32.7742,32.9347,32.9347,32.9347,32.6435,32.6435,32.6435,32.7742,32.7742,32.7742,32.9347,32.9347,32.9347
89,34.9762,33.2285,33.2285,33.2285,33.3591,33.3591,33.3591,33.5197,33.5197,33.5197,33.2285,33.2285,33.2285,33.3591,33.3591,33.3591,33.5197,33.5197,33.5197,33.2285,33.2285,33.2285,33.3591,33.3591,33.3591,33.5197,33.5197,33.5197,33.5579,33.5579,33.5579,33.6886,33.6886,33.6886,33.8492,33.8492,33.8492,33.5579,33.5579,33.5579,33.6886,33.6886,33.6886,33.8492,33.8492,33.8492,33.5579,33.5579,33.5579,33.6886,33.6886,33.6886,33.8492,33.8492,33.8492,33.8873,33.8873,33.8873,34.018,34.018,34.018,34.1787,34.1787,34.1787,33.8873,33.8873,33.8873,34.018,34.018,34.018,34.1787,34.1787,34.1787,33.8873,33.8873,33.8873,34.018,34.018,34.018,34.1787,34.1787,34.1787
90,36.2852,34.4923,34.4923,34.4923,34.623,34.623,34.623,34.7836,34.7836,34.7836,34.4923,34.4923,34.4923,34.623,34.623,34.623,34.7836,34.7836,34.7836,34.4923,34.4923,34.4923,34.623,34.623,34.623,34.7836,34.7836,34.7836,34.8341,34.8341,34.8341,34.9648,34.9648,34.9648,35.1254,35.1254,35.1254,34.8341,34.8341,34.8341,34.9648,34.9648,34.9648,35.1254,35.1254,35.1254,34.8341,34.8341,34.8341,34.9648,34.9648,34.9648,35.1254,35.1254,35.1254,35.1759,35.1759,35.1759,35.3066,35.3066,35.3066,35.4673,35.4673,35.4673,35.1759,35.1759,35.1759,35.3066,35.3066,35.3066,35.4673,35.4673,35.4673,35.1759,35.1759,35.1759,35.3066,35.3066,35.3066,35.4673,35.4673,35.4673
91,37.641,35.8014,35.8014,35.8014,35.9322,35.9322,35.9322,36.0928,36.0928,36.0928,35.8014,35.8014,35.8014,35.9322,35.9322,35.9322,36.0928,36.0928,36.0928,35.8014,35.8014,35.8014,35.9322,35.9322,35.9322,36.0928,36.0928,36.0928,36.156,36.156,36.156,36.2868,36.2868,36.2868,36.4474,36.4474,36.4474,36.156,36.156,36.156,36.2868,36.2868,36.2868,36.4474,36.4474,36.4474,36.156,36.156,36.156,36.2868,36.2868,36.2868,36.4474,36.4474,36.4474,36.5107,36.5107,36.5107,36.6414,36.6414,36.6414,36.8021,36.8021,36.8021,36.5107,36.5107,36.5107,36.6414,36.6414,36.6414,36.8021,36.8021,36.8021,36.5107,36.5107,36.5107,36.6414,36.6414,36.6414,36.8021,36.8021,36.8021
92,39.0453,37.1576,37.1576,37.1576,37.2882,37.2882,37.2882,37.449,37.449,37.449,37.1576,37.1576,37.1576,37.2882,37.2882,37.2882,37.449,37.449,37.449,37.1576,37.1576,37.1576,37.2882,37.2882,37.2882,37.449,37.449,37.449,37.5254,37.5254,37.5254,37.6561,37.6561,37.6561,37.8169,37.8169,37.8169,37.5254,37.5254,37.5254,37.6561,37.6561,37.6561,37.8169,37.8169,37.8169,37.5254,37.5254,37.5254,37.6561,37.6561,37.6561,37.8169,37.8169,37.8169,37.8933,37.8933,37.8933,38.024,38.024,38.024,38.1848,38.1848,38.1848,37.8933,37.8933,37.8933,38.024,38.024,38.024,38.1848,38.1848,38.1848,37.8933,37.8933,37.8933,38.024,38.024,38.024,38.1848,38.1848,38.1848
93,40.4999,38.5623,38.5623,38.5623,38.6929,38.6929,38.6929,38.8538,38.8538,38.8538,38.5623,38.5623,38.5623,38.6929,38.6929,38.6929,38.8538,38.8538,38.8538,38.5623,38.5623,38.5623,38.6929,38.6929,38.6929,38.8538,38.8538,38.8538,38.9439,38.9439,38.9439,39.0745,39.0745,39.0745,39.2354,39.2354,39.2354,38.9439,38.9439,38.9439,39.0745,39.0745,39.0745,39.2354,39.2354,39.2354,38.9439,38.9439,38.9439,39.0745,39.0745,39.0745,39.2354,39.2354,39.2354,39.3255,39.3255,39.3255,39.4561,39.4561,39.4561,39.617,39.617,39.617,39.3255,39.3255,39.3255,39.4561,39.4561,39.4561,39.617,39.617,39.617,39.3255,39.3255,39.3255,39.4561,39.4561,39.4561,39.617,39.617,39.617
94,42.0065,40.0175,40.0175,40.0175,40.1481,40.1481,40.1481,40.3089,40.3089,40.3089,40.0175,40.0175,40.0175,40.1481,40.1481,40.1481,40.3089,40.3089,40.3089,40.0175,40.0175,40.0175,40.1481,40.1481,40.1481,40.3089,40.3089,40.3089,40.4133,40.4133,40.4133,40.5439,40.5439,40.5439,40.7048,40.7048,40.7048,40.4133,40.4133,40.4133,40.5439,40.5439,40.5439,40.7048,40.7048,40.7048,40.4133,40.4133,40.4133,40.5439,40.5439,40.5439,40.7048,40.7048,40.7048,40.8091,40.8091,40.8091,40.9397,40.9397,40.9397,41.1006,41.1006,41.1006,40.8091,40.8091,40.8091,40.9397,40.9397,40.9397,41.1006,41.1006,41.1006,40.8091,40.8091,40.8091,40.9397,40.9397,40.9397,41.1006,41.1006,41.1006
95,43.5671,41.5248,41.5248,41.5248,41.6554,41.6554,41.6554,41.8163,41.8163,41.8163,41.5248,41.5248,41.5248,41.6554,41.6554,41.6554,41.8163,41.8163,41.8163,41.5248,41.5248,41.5248,41.6554,41.6554,41.6554,41.8163,41.8163,41.8163,41.9354,41.9354,41.9354,42.066,42.066,42.066,42.2269,42.2269,42.2269,41.9354,41.9354,41.9354,42.066,42.066,42.066,42.2269,42.2269,42.2269,41.9354,41.9354,41.9354,42.066,42.066,42.066,42.2269,42.2269,42.2269,42.346,42.346,42.346,42.4766,42.4766,42.4766,42.6375,42.6375,42.6375,42.346,42.346,42.346,42.4766,42.4766,42.4766,42.6375,42.6375,42.6375,42.346,42.346,42.346,42.4766,42.4766,42.4766,42.6375,42.6375,42.6375
96,45.1835,43.0863,43.0863,43.0863,43.2169,43.2169,43.2169,43.3778,43.3778,43.3778,43.0863,43.0863,43.0863,43.2169,43.2169,43.2169,43.3778,43.3778,43.3778,43.0863,43.0863,43.0863,43.2169,43.2169,43.2169,43.3778,43.3778,43.3778,43.5121,43.5121,43.5121,43.6428,43.6428,43.6428,43.8037,43.8037,43.8037,43.5121,43.5121,43.5121,43.6428,43.6428,43.6428,43.8037,43.8037,43.8037,43.5121,43.5121,43.5121,43.6428,43.6428,43.6428,43.8037,43.8037,43.8037,43.938,43.938,43.938,44.0686,44.0686,44.0686,44.2296,44.2296,44.2296,43.938,43.938,43.938,44.0686,44.0686,44.0686,44.2296,44.2296,44.2296,43.938,43.938,43.938,44.0686,44.0686,44.0686,44.2296,44.2296,44.2296
97,46.8577,44.7038,44.7038,44.7038,44.8344,44.8344,44.8344,44.9954,44.9954,44.9954,44.7038,44.7038,44.7038,44.8344,44.8344,44.8344,44.9954,44.9954,44.9954,44.7038,44.7038,44.7038,44.8344,44.8344,44.8344,44.9954,44.9954,44.9954,45.1454,45.1454,45.1454,45.2761,45.2761,45.2761,45.4371,45.4371,45.4371,45.1454,45.1454,45.1454,45.2761,45.2761,45.2761,45.4371,45.4371,45.4371,45.1454,45.1454,45.1454,45.2761,45.2761,45.2761,45.4371,45.4371,45.4371,45.5871,45.5871,45.5871,45.7178,45.7178,45.7178,45.8788,45.8788,45.8788,45.5871,45.5871,45.5871,45.7178,45.7178,45.7178,45.8788,45.8788,45.8788,45.5871,45.5871,45.5871,45.7178,45.7178,45.7178,45.8788,45.8788,45.8788
98,48.5919,46.3793,46.3793,46.3793,46.51,46.51,46.51,46.6709,46.6709,46.6709,46.3793,46.3793,46.3793,46.51,46.51,46.51,46.6709,46.6709,46.6709,46.3793,46.3793,46.3793,46.51,46.51,46.51,46.6709,46.6709,46.6709,46.8373,46.8373,46.8373,46.968,46.968,46.968,47.129,47.129,47.129,46.8373,46.8373,46.8373,46.968,46.968,46.968,47.129,47.129,47.129,46.8373,46.8373,46.8373,46.968,46.968,46.968,47.129,47.129,47.129,47.2954,47.2954,47.2954,47.4261,47.4261,47.4261,47.5871,47.5871,47.5871,47.2954,47.2954,47.2954,47.4261,47.4261,47.4261,47.5871,47.5871,47.5871,47.2954,47.2954,47.2954,47.4261,47.4261,47.4261,47.5871,47.5871,47.5871
99,50.3881,48.1149,48.1149,48.1149,48.2456,48.2456,48.2456,48.4066,48.4066,48.4066,48.1149,48.1149,48.1149,48.2456,48.2456,48.2456,48.4066,48.4066,48.4066,48.1149,48.1149,48.1149,48.2456,48.2456,48.2456,48.4066,48.4066,48.4066,48.5899,48.5899,48.5899,48.7206,48.7206,48.7206,48.8816,48.8816,48.8816,48.5899,48.5899,48.5899,48.7206,48.7206,48.7206,48.8816,48.8816,48.8816,48.5899,48.5899,48.5899,48.7206,48.7206,48.7206,48.8816,48.8816,48.8816,49.0649,49.0649,49.0649,49.1957,49.1957,49.1957,49.3567,49.3567,49.3567,49.0649,49.0649,49.0649,49.1957,49.1957,49.1957,49.3567,49.3567,49.3567,49.0649,49.0649,49.0649,49.1957,49.1957,49.1957,49.3567,49.3567,49.3567
100,52.2486,49.9127,49.9127,49.9127,50.0435,50.0435,50.0435,50.2045,50.2045,50.2045,49.9127,49.9127,49.9127,50.0435,50.0435,50.0435,50.2045,50.2045,50.2045,49.9127,49.9127,49.9127,50.0435,50.0435,50.0435,50.2045,50.2045,50.2045,50.4053,50.4053,50.4053,50.5361,50.5361,50.5361,50.6971,50.6971,50.6971,50.4053,50.4053,50.4053,50.5361,50.5361,50.5361,50.6971,50.6971,50.6971,50.4053,50.4053,50.4053,50.5361,50.5361,50.5361,50.6971,50.6971,50.6971,50.8978,50.8978,50.8978,51.0287,51.0287,51.0287,51.1898,51.1898,51.1898,50.8978,50.8978,50.8978,51.0287,51.0287,51.0287,51.1898,51.1898,51.1898,50.8978,50.8978,50.8978,51.0287,51.0287,51.0287,51.1898,51.1898,51.1898
101,54.1757,51.7749,51.7749,51.7749,51.9059,51.9059,51.9059,52.0669,52.0669,52.0669,51.7749,51.7749,51.7749,51.9059,51.9059,51.9059,52.0669,52.0669,52.0669,51.7749,51.7749,51.7749,51.9059,51.9059,51.9059,52.0669,52.0669,52.0669,52.2856,52.2856,52.2856,52.4167,52.4167,52.4167,52.5777,52.5777,52.5777,52.2856,52.2856,52.2856,52.4167,52.4167,52.4167,52.5777,52.5777,52.5777,52.2856,52.2856,52.2856,52.4167,52.4167,52.4167,52.5777,52.5777,52.5777,52.7964,52.7964,52.7964,52.9275,52.9275,52.9275,53.0885,53.0885,53.0885,52.7964,52.7964,52.7964,52.9275,52.9275,52.9275,53.0885,53.0885,53.0885,52.7964,52.7964,52.7964,52.9275,52.9275,52.9275,53.0885,53.0885,53.0885
102,56.1718,53.7039,53.7039,53.7039,53.835,53.835,53.835,53.996,53.996,53.996,53.7039,53.7039,53.7039,53.835,53.835,53.835,53.996,53.996,53.996,53.7039,53.7039,53.7039,53.835,53.835,53.835,53.996,53.996,53.996,54.2335,54.2335,54.2335,54.3646,54.3646,54.3646,54.5257,54.5257,54.5257,54.2335,54.2335,54.2335,54.3646,54.3646,54.3646,54.5257,54.5257,54.5257,54.2335,54.2335,54.2335,54.3646,54.3646,54.3646,54.5257,54.5257,54.5257,54.7632,54.7632,54.7632,54.8943,54.8943,54.8943,55.0554,55.0554,55.0554,54.7632,54.7632,54.7632,54.8943,54.8943,54.8943,55.0554,55.0554,55.0554,54.7632,54.7632,54.7632,54.8943,54.8943,54.8943,55.0554,55.0554,55.0554
103,58.2393,55.7021,55.7021,55.7021,55.8332,55.8332,55.8332,55.9943,55.9943,55.9943,55.7021,55.7021,55.7021,55.8332,55.8332,55.8332,55.9943,55.9943,55.9943,55.7021,55.7021,55.7021,55.8332,55.8332,55.8332,55.9943,55.9943,55.9943,56.2513,56.2513,56.2513,56.3824,56.3824,56.3824,56.5435,56.5435,56.5435,56.2513,56.2513,56.2513,56.3824,56.3824,56.3824,56.5435,56.5435,56.5435,56.2513,56.2513,56.2513,56.3824,56.3824,56.3824,56.5435,56.5435,56.5435,56.8005,56.8005,56.8005,56.9316,56.9316,56.9316,57.0927,57.0927,57.0927,56.8005,56.8005,56.8005,56.9316,56.9316,56.9316,57.0927,57.0927,57.0927,56.8005,56.8005,56.8005,56.9316,56.9316,56.9316,57.0927,57.0927,57.0927
104,60.3807,57.772,57.772,57.772,57.9031,57.9031,57.9031,58.0642,58.0642,58.0642,57.772,57.772,57.772,57.9031,57.9031,57.9031,58.0642,58.0642,58.0642,57.772,57.772,57.772,57.9031,57.9031,57.9031,58.0642,58.0642,58.0642,58.3414,58.3414,58.3414,58.4725,58.4725,58.4725,58.6336,58.6336,58.6336,58.3414,58.3414,58.3414,58.4725,58.4725,58.4725,58.6336,58.6336,58.6336,58.3414,58.3414,58.3414,58.4725,58.4725,58.4725,58.6336,58.6336,58.6336,58.9108,58.9108,58.9108,59.0419,59.0419,59.0419,59.2031,59.2031,59.2031,58.9108,58.9108,58.9108,59.0419,59.0419,59.0419,59.2031,59.2031,59.2031,58.9108,58.9108,58.9108,59.0419,59.0419,59.0419,59.2031,59.2031,59.2031
105,62.5989,59.9161,59.9161,59.9161,60.0472,60.0472,60.0472,60.2083,60.2083,60.2083,59.9161,59.9161,59.9161,60.0472,60.0472,60.0472,60.2083,60.2083,60.2083,59.9161,59.9161,59.9161,60.0472,60.0472,60.0472,60.2083,60.2083,60.2083,60.5064,60.5064,60.5064,60.6376,60.6376,60.6376,60.7987,60.7987,60.7987,60.5064,60.5064,60.5064,60.6376,60.6376,60.6376,60.7987,60.7987,60.7987,60.5064,60.5064,60.5064,60.6376,60.6376,60.6376,60.7987,60.7987,60.7987,61.0968,61.0968,61.0968,61.2279,61.2279,61.2279,61.3891,61.3891,61.3891,61.0968,61.0968,61.0968,61.2279,61.2279,61.2279,61.3891,61.3891,61.3891,61.0968,61.0968,61.0968,61.2279,61.2279,61.2279,61.3891,61.3891,61.3891
106,64.8964,62.137,62.137,62.137,62.2681,62.2681,62.2681,62.4293,62.4293,62.4293,62.137,62.137,62.137,62.2681,62.2681,62.2681,62.4293,62.4293,62.4293,62.137,62.137,62.137,62.2681,62.2681,62.2681,62.4293,62.4293,62.4293,62.7491,62.7491,62.7491,62.8802,62.8802,62.8802,63.0414,63.0414,63.0414,62.7491,62.7491,62.7491,62.8802,62.8802,62.8802,63.0414,63.0414,63.0414,62.7491,62.7491,62.7491,62.8802,62.8802,62.8802,63.0414,63.0414,63.0414,63.3611,63.3611,63.3611,63.4923,63.4923,63.4923,63.6535,63.6535,63.6535,63.3611,63.3611,63.3611,63.4923,63.4923,63.4923,63.6535,63.6535,63.6535,63.3611,63.3611,63.3611,63.4923,63.4923,63.4923,63.6535,63.6535,63.6535
107,67.2761,64.4376,64.4376,64.4376,64.5687,64.5687,64.5687,64.7299,64.7299,64.7299,64.4376,64.4376,64.4376,64.5687,64.5687,64.5687,64.7299,64.7299,64.7299,64.4376,64.4376,64.4376,64.5687,64.5687,64.5687,64.7299,64.7299,64.7299,65.0721,65.0721,65.0721,65.2033,65.2033,65.2033,65.3644,65.3644,65.3644,65.0721,65.0721,65.0721,65.2033,65.2033,65.2033,65.3644,65.3644,65.3644,65.0721,65.0721,65.0721,65.2033,65.2033,65.2033,65.3644,65.3644,65.3644,65.7067,65.7067,65.7067,65.8378,65.8378,65.8378,65.999,65.999,65.999,65.7067,65.7067,65.7067,65.8378,65.8378,65.8378,65.999,65.999,65.999,65.7067,65.7067,65.7067,65.8378,65.8378,65.8378,65.999,65.999,65.999
108,69.741,66.8206,66.8206,66.8206,66.9517,66.9517,66.9517,67.1129,67.1129,67.1129,66.8206,66.8206,66.8206,66.9517,66.9517,66.9517,67.1129,67.1129,67.1129,66.8206,66.8206,66.8206,66.9517,66.9517,66.9517,67.1129,67.1129,67.1129,67.4784,67.4784,67.4784,67.6096,67.6096,67.6096,67.7707,67.7707,67.7707,67.4784,67.4784,67.4784,67.6096,67.6096,67.6096,67.7707,67.7707,67.7707,67.4784,67.4784,67.4784,67.6096,67.6096,67.6096,67.7707,67.7707,67.7707,68.1362,68.1362,68.1362,68.2674,68.2674,68.2674,68.4286,68.4286,68.4286,68.1362,68.1362,68.1362,68.2674,68.2674,68.2674,68.4286,68.4286,68.4286,68.1362,68.1362,68.1362,68.2674,68.2674,68.2674,68.4286,68.4286,68.4286
109,72.2941,69.289,69.289,69.289,69.4201,69.4201,69.4201,69.5813,69.5813,69.5813,69.289,69.289,69.289,69.4201,69.4201,69.4201,69.5813,69.5813,69.5813,69.289,69.289,69.289,69.4201,69.4201,69.4201,69.5813,69.5813,69.5813,69.9709,69.9709,69.9709,70.1021,70.1021,70.1021,70.2633,70.2633,70.2633,69.9709,69.9709,69.9709,70.1021,70.1021,70.1021,70.2633,70.2633,70.2633,69.9709,69.9709,69.9709,70.1021,70.1021,70.1021,70.2633,70.2633,70.2633,70.6529,70.6529,70.6529,70.784,70.784,70.784,70.9452,70.9452,70.9452,70.6529,70.6529,70.6529,70.784,70.784,70.784,70.9452,70.9452,70.9452,70.6529,70.6529,70.6529,70.784,70.784,70.784,70.9452,70.9452,70.9452
110,74.9385,71.8458,71.8458,71.8458,71.977,71.977,71.977,72.1382,72.1382,72.1382,71.8458,71.8458,71.8458,71.977,71.977,71.977,72.1382,72.1382,72.1382,71.8458,71.8458,71.8458,71.977,71.977,71.977,72.1382,72.1382,72.1382,72.5527,72.5527,72.5527,72.6839,72.6839,72.6839,72.8451,72.8451,72.8451,72.5527,72.5527,72.5527,72.6839,72.6839,72.6839,72.8451,72.8451,72.8451,72.5527,72.5527,72.5527,72.6839,72.6839,72.6839,72.8451,72.8451,72.8451,73.2597,73.2597,73.2597,73.3908,73.3908,73.3908,73.552,73.552,73.552,73.2597,73.2597,73.2597,73.3908,73.3908,73.3908,73.552,73.552,73.552,73.2597,73.2597,73.2597,73.3908,73.3908,73.3908,73.552,73.552,73.552
111,77.6776,74.4943,74.4943,74.4943,74.6255,74.6255,74.6255,74.7867,74.7867,74.7867,74.4943,74.4943,74.4943,74.6255,74.6255,74.6255,74.7867,74.7867,74.7867,74.4943,74.4943,74.4943,74.6255,74.6255,74.6255,74.7867,74.7867,74.7867,75.2271,75.2271,75.2271,75.3583,75.3583,75.3583,75.5195,75.5195,75.5195,75.2271,75.2271,75.2271,75.3583,75.3583,75.3583,75.5195,75.5195,75.5195,75.2271,75.2271,75.2271,75.3583,75.3583,75.3583,75.5195,75.5195,75.5195,75.9599,75.9599,75.9599,76.0911,76.0911,76.0911,76.2523,76.2523,76.2523,75.9599,75.9599,75.9599,76.0911,76.0911,76.0911,76.2523,76.2523,76.2523,75.9599,75.9599,75.9599,76.0911,76.0911,76.0911,76.2523,76.2523,76.2523
112,80.5147,77.2377,77.2377,77.2377,77.3689,77.3689,77.3689,77.5301,77.5301,77.5301,77.2377,77.2377,77.2377,77.3689,77.3689,77.3689,77.5301,77.5301,77.5301,77.2377,77.2377,77.2377,77.3689,77.3689,77.3689,77.5301,77.5301,77.5301,77.9973,77.9973,77.9973,78.1284,78.1284,78.1284,78.2897,78.2897,78.2897,77.9973,77.9973,77.9973,78.1284,78.1284,78.1284,78.2897,78.2897,78.2897,77.9973,77.9973,77.9973,78.1284,78.1284,78.1284,78.2897,78.2897,78.2897,78.7568,78.7568,78.7568,78.888,78.888,78.888,79.0492,79.0492,79.0492,78.7568,78.7568,78.7568,78.888,78.888,78.888,79.0492,79.0492,79.0492,78.7568,78.7568,78.7568,78.888,78.888,78.888,79.0492,79.0492,79.0492
113,83.4534,80.0793,80.0793,80.0793,80.2105,80.2105,80.2105,80.3717,80.3717,80.3717,80.0793,80.0793,80.0793,80.2105,80.2105,80.2105,80.3717,80.3717,80.3717,80.0793,80.0793,80.0793,80.2105,80.2105,80.2105,80.3717,80.3717,80.3717,80.8667,80.8667,80.8667,80.9979,80.9979,80.9979,81.1591,81.1591,81.1591,80.8667,80.8667,80.8667,80.9979,80.9979,80.9979,81.1591,81.1591,81.1591,80.8667,80.8667,80.8667,80.9979,80.9979,80.9979,81.1591,81.1591,81.1591,81.654,81.654,81.654,81.7852,81.7852,81.7852,81.9464,81.9464,81.9464,81.654,81.654,81.654,81.7852,81.7852,81.7852,81.9464,81.9464,81.9464,81.654,81.654,81.654,81.7852,81.7852,81.7852,81.9464,81.9464,81.9464
114,86.4972,83.0228,83.0228,83.0228,83.154,83.154,83.154,83.3152,83.3152,83.3152,83.0228,83.0228,83.0228,83.154,83.154,83.154,83.3152,83.3152,83.3152,83.0228,83.0228,83.0228,83.154,83.154,83.154,83.3152,83.3152,83.3152,83.8389,83.8389,83.8389,83.9701,83.9701,83.9701,84.1313,84.1313,84.1313,83.8389,83.8389,83.8389,83.9701,83.9701,83.9701,84.1313,84.1313,84.1313,83.8389,83.8389,83.8389,83.9701,83.9701,83.9701,84.1313,84.1313,84.1313,84.6549,84.6549,84.6549,84.7861,84.7861,84.7861,84.9474,84.9474,84.9474,84.6549,84.6549,84.6549,84.7861,84.7861,84.7861,84.9474,84.9474,84.9474,84.6549,84.6549,84.6549,84.7861,84.7861,84.7861,84.9474,84.9474,84.9474
115,89.65,86.0717,86.0717,86.0717,86.2029,86.2029,86.2029,86.3641,86.3641,86.3641,86.0717,86.0717,86.0717,86.2029,86.2029,86.2029,86.3641,86.3641,86.3641,86.0717,86.0717,86.0717,86.2029,86.2029,86.2029,86.3641,86.3641,86.3641,86.9175,86.9175,86.9175,87.0487,87.0487,87.0487,87.2099,87.2099,87.2099,86.9175,86.9175,86.9175,87.0487,87.0487,87.0487,87.2099,87.2099,87.2099,86.9175,86.9175,86.9175,87.0487,87.0487,87.0487,87.2099,87.2099,87.2099,87.7634,87.7634,87.7634,87.8946,87.8946,87.8946,88.0558,88.0558,88.0558,87.7634,87.7634,87.7634,87.8946,87.8946,87.8946,88.0558,88.0558,88.0558,87.7634,87.7634,87.7634,87.8946,87.8946,87.8946,88.0558,88.0558,88.0558
116,92.9156,89.2298,89.2298,89.2298,89.361,89.361,89.361,89.5222,89.5222,89.5222,89.2298,89.2298,89.2298,89.361,89.361,89.361,89.5222,89.5222,89.5222,89.2298,89.2298,89.2298,89.361,89.361,89.361,89.5222,89.5222,89.5222,90.1064,90.1064,90.1064,90.2376,90.2376,90.2376,90.3989,90.3989,90.3989,90.1064,90.1064,90.1064,90.2376,90.2376,90.2376,90.3989,90.3989,90.3989,90.1064,90.1064,90.1064,90.2376,90.2376,90.2376,90.3989,90.3989,90.3989,90.9831,90.9831,90.9831,91.1143,91.1143,91.1143,91.2756,91.2756,91.2756,90.9831,90.9831,90.9831,91.1143,91.1143,91.1143,91.2756,91.2756,91.2756,90.9831,90.9831,90.9831,91.1143,91.1143,91.1143,91.2756,91.2756,91.2756
117,96.298,92.501,92.501,92.501,92.6322,92.6322,92.6322,92.7934,92.7934,92.7934,92.501,92.501,92.501,92.6322,92.6322,92.6322,92.7934,92.7934,92.7934,92.501,92.501,92.501,92.6322,92.6322,92.6322,92.7934,92.7934,92.7934,93.4096,93.4096,93.4096,93.5408,93.5408,93.5408,93.702,93.702,93.702,93.4096,93.4096,93.4096,93.5408,93.5408,93.5408,93.702,93.702,93.702,93.4096,93.4096,93.4096,93.5408,93.5408,93.5408,93.702,93.702,93.702,94.3182,94.3182,94.3182,94.4494,94.4494,94.4494,94.6107,94.6107,94.6107,94.3182,94.3182,94.3182,94.4494,94.4494,94.4494,94.6107,94.6107,94.6107,94.3182,94.3182,94.3182,94.4494,94.4494,94.4494,94.6107,94.6107,94.6107
118,99.8015,95.8893,95.8893,95.8893,96.0206,96.0206,96.0206,96.1818,96.1818,96.1818,95.8893,95.8893,95.8893,96.0206,96.0206,96.0206,96.1818,96.1818,96.1818,95.8893,95.8893,95.8893,96.0206,96.0206,96.0206,96.1818,96.1818,96.1818,96.831,96.831,96.831,96.9622,96.9622,96.9622,97.1235,97.1235,97.1235,96.831,96.831,96.831,96.9622,96.9622,96.9622,97.1235,97.1235,97.1235,96.831,96.831,96.831,96.9622,96.9622,96.9622,97.1235,97.1235,97.1235,97.7727,97.7727,97.7727,97.904,97.904,97.904,98.0652,98.0652,98.0652,97.7727,97.7727,97.7727,97.904,97.904,97.904,98.0652,98.0652,98.0652,97.7727,97.7727,97.7727,97.904,97.904,97.904,98.0652,98.0652,98.0652
119,103.43,99.3991,99.3991,99.3991,99.5303,99.5303,99.5303,99.6915,99.6915,99.6915,99.3991,99.3991,99.3991,99.5303,99.5303,99.5303,99.6915,99.6915,99.6915,99.3991,99.3991,99.3991,99.5303,99.5303,99.5303,99.6915,99.6915,99.6915,100.375,100.375,100.375,100.506,100.506,100.506,100.667,100.667,100.667,100.375,100.375,100.375,100.506,100.506,100.506,100.667,100.667,100.667,100.375,100.375,100.375,100.506,100.506,100.506,100.667,100.667,100.667,101.351,101.351,101.351,101.482,101.482,101.482,101.643,101.643,101.643,101.351,101.351,101.351,101.482,101.482,101.482,101.643,101.643,101.643,101.351,101.351,101.351,101.482,101.482,101.482,101.643,101.643,101.643
120,107.189,103.034,103.034,103.034,103.166,103.166,103.166,103.327,103.327,103.327,103.034,103.034,103.034,103.166,103.166,103.166,103.327,103.327,103.327,103.034,103.034,103.034,103.166,103.166,103.166,103.327,103.327,103.327,104.046,104.046,104.046,104.177,104.177,104.177,104.338,104.338,104.338,104.046,104.046,104.046,104.177,104.177,104.177,104.338,104.338,104.338,104.046,104.046,104.046,104.177,104.177,104.177,104.338,104.338,104.338,105.057,105.057,105.057,105.189,105.189,105.189,105.35,105.35,105.35,105.057,105.057,105.057,105.189,105.189,105.189,105.35,105.35,105.35,105.057,105.057,105.057,105.189,105.189,105.189,105.35,105.35,105.35
121,111.082,106.8,106.8,106.8,106.931,106.931,106.931,107.093,107.093,107.093,106.8,106.8,106.8,106.931,106.931,106.931,107.093,107.093,107.093,106.8,106.8,106.8,106.931,106.931,106.931,107.093,107.093,107.093,107.848,107.848,107.848,107.979,107.979,107.979,108.141,108.141,108.141,107.848,107.848,107.848,107.979,107.979,107.979,108.141,108.141,108.141,107.848,107.848,107.848,107.979,107.979,107.979,108.141,108.141,108.141,108.896,108.896,108.896,109.028,109.028,109.028,109.189,109.189,109.189,108.896,108.896,108.896,109.028,109.028,109.028,109.189,109.189,109.189,108.896,108.896,108.896,109.028,109.028,109.028,109.189,109.189,109.189
122,115.115,110.7,110.7,110.7,110.832,110.832,110.832,110.993,110.993,110.993,110.7,110.7,110.7,110.832,110.832,110.832,110.993,110.993,110.993,110.7,110.7,110.7,110.832,110.832,110.832,110.993,110.993,110.993,111.787,111.787,111.787,111.918,111.918,111.918,112.079,112.079,112.079,111.787,111.787,111.787,111.918,111.918,111.918,112.079,112.079,112.079,111.787,111.787,111.787,111.918,111.918,111.918,112.079,112.079,112.079,112.873,112.873,112.873,113.004,113.004,113.004,113.165,113.165,113.165,112.873,112.873,112.873,113.004,113.004,113.004,113.165,113.165,113.165,112.873,112.873,112.873,113.004,113.004,113.004,113.165,113.165,113.165
123,119.292,114.741,114.741,114.741,114.872,114.872,114.872,115.033,115.033,115.033,114.741,114.741,114.741,114.872,114.872,114.872,115.033,115.033,115.033,114.741,114.741,114.741,114.872,114.872,114.872,115.033,115.033,115.033,115.866,115.866,115.866,115.997,115.997,115.997,116.159,116.159,116.159,115.866,115.866,115.866,115.997,115.997,115.997,116.159,116.159,116.159,115.866,115.866,115.866,115.997,115.997,115.997,116.159,116.159,116.159,116.992,116.992,116.992,117.123,117.123,117.123,117.284,117.284,117.284,116.992,116.992,116.992,117.123,117.123,117.123,117.284,117.284,117.284,116.992,116.992,116.992,117.123,117.123,117.123,117.284,117.284,117.284
124,123.618,118.925,118.925,118.925,119.056,119.056,119.056,119.218,119.218,119.218,118.925,118.925,118.925,119.056,119.056,119.056,119.218,119.218,119.218,118.925,118.925,118.925,119.056,119.056,119.056,119.218,119.218,119.218,120.092,120.092,120.092,120.223,120.223,120.223,120.384,120.384,120.384,120.092,120.092,120.092,120.223,120.223,120.223,120.384,120.384,120.384,120.092,120.092,120.092,120.223,120.223,120.223,120.384,120.384,120.384,121.258,121.258,121.258,121.39,121.39,121.39,121.551,121.551,121.551,121.258,121.258,121.258,121.39,121.39,121.39,121.551,121.551,121.551,121.258,121.258,121.258,121.39,121.39,121.39,121.551,121.551,121.551
125,128.099,123.26,123.26,123.26,123.391,123.391,123.391,123.552,123.552,123.552,123.26,123.26,123.26,123.391,123.391,123.391,123.552,123.552,123.552,123.26,123.26,123.26,123.391,123.391,123.391,123.552,123.552,123.552,124.469,124.469,124.469,124.6,124.6,124.6,124.761,124.761,124.761,124.469,124.469,124.469,124.6,124.6,124.6,124.761,124.761,124.761,124.469,124.469,124.469,124.6,124.6,124.6,124.761,124.761,124.761,125.678,125.678,125.678,125.809,125.809,125.809,125.97,125.97,125.97,125.678,125.678,125.678,125.809,125.809,125.809,125.97,125.97,125.97,125.678,125.678,125.678,125.809,125.809,125.809,125.97,125.97,125.97
126,132.741,127.75,127.75,127.75,127.881,127.881,127.881,128.042,128.042,128.042,127.75,127.75,127.75,127.881,127.881,127.881,128.042,128.042,128.042,127.75,127.75,127.75,127.881,127.881,127.881,128.042,128.042,128.042,129.002,129.002,129.002,129.133,129.133,129.133,129.295,129.295,129.295,129.002,129.002,129.002,129.133,129.133,129.133,129.295,129.295,129.295,129.002,129.002,129.002,129.133,129.133,129.133,129.295,129.295,129.295,130.255,130.255,130.255,130.386,130.386,130.386,130.547,130.547,130.547,130.255,130.255,130.255,130.386,130.386,130.386,130.547,130.547,130.547,130.255,130.255,130.255,130.386,130.386,130.386,130.547,130.547,130.547
127,137.549,132.4,132.4,132.4,132.531,132.531,132.531,132.693,132.693,132.693,132.4,132.4,132.4,132.531,132.531,132.531,132.693,132.693,132.693,132.4,132.4,132.4,132.531,132.531,132.531,132.693,132.693,132.693,133.698,133.698,133.698,133.829,133.829,133.829,133.991,133.991,133.991,133.698,133.698,133.698,133.829,133.829,133.829,133.991,133.991,133.991,133.698,133.698,133.698,133.829,133.829,133.829,133.991,133.991,133.991,134.996,134.996,134.996,135.127,135.127,135.127,135.289,135.289,135.289,134.996,134.996,134.996,135.127,135.127,135.127,135.289,135.289,135.289,134.996,134.996,134.996,135.127,135.127,135.127,135.289,135.289,135.289
128,142.529,137.217,137.217,137.217,137.348,137.348,137.348,137.51,137.51,137.51,137.217,137.217,137.217,137.348,137.348,137.348,137.51,137.51,137.51,137.217,137.217,137.217,137.348,137.348,137.348,137.51,137.51,137.51,138.562,138.562,138.562,138.693,138.693,138.693,138.855,138.855,138.855,138.562,138.562,138.562,138.693,138.693,138.693,138.855,138.855,138.855,138.562,138.562,138.562,138.693,138.693,138.693,138.855,138.855,138.855,139.907,139.907,139.907,140.038,140.038,140.038,140.2,140.2,140.2,139.907,139.907,139.907,140.038,140.038,140.038,140.2,140.2,140.2,139.907,139.907,139.907,140.038,140.038,140.038,140.2,140.2,140.2
129,147.686,142.206,142.206,142.206,142.338,142.338,142.338,142.499,142.499,142.499,142.206,142.206,142.206,142.338,142.338,142.338,142.499,142.499,142.499,142.206,142.206,142.206,142.338,142.338,142.338,142.499,142.499,142.499,143.6,143.6,143.6,143.731,143.731,143.731,143.893,143.893,143.893,143.6,143.6,143.6,143.731,143.731,143.731,143.893,143.893,143.893,143.6,143.6,143.6,143.731,143.731,143.731,143.893,143.893,143.893,144.994,144.994,144.994,145.125,145.125,145.125,145.287,145.287,145.287,144.994,144.994,144.994,145.125,145.125,145.125,145.287,145.287,145.287,144.994,144.994,144.994,145.125,145.125,145.125,145.287,145.287,145.287
130,153.029,147.375,147.375,147.375,147.506,147.506,147.506,147.667,147.667,147.667,147.375,147.375,147.375,147.506,147.506,147.506,147.667,147.667,147.667,147.375,147.375,147.375,147.506,147.506,147.506,147.667,147.667,147.667,148.819,148.819,148.819,148.95,148.95,148.95,149.111,149.111,149.111,148.819,148.819,148.819,148.95,148.95,148.95,149.111,149.111,149.111,148.819,148.819,148.819,148.95,148.95,148.95,149.111,149.111,149.111,150.263,150.263,150.263,150.394,150.394,150.394,150.555,150.555,150.555,150.263,150.263,150.263,150.394,150.394,150.394,150.555,150.555,150.555,150.263,150.263,150.263,150.394,150.394,150.394,150.555,150.555,150.555
131,158.563,152.728,152.728,152.728,152.859,152.859,152.859,153.02,153.02,153.02,152.728,152.728,152.728,152.859,152.859,152.859,153.02,153.02,153.02,152.728,152.728,152.728,152.859,152.859,152.859,153.02,153.02,153.02,154.224,154.224,154.224,154.355,154.355,154.355,154.517,154.517,154.517,154.224,154.224,154.224,154.355,154.355,154.355,154.517,154.517,154.517,154.224,154.224,154.224,154.355,154.355,154.355,154.517,154.517,154.517,155.72,155.72,155.72,155.852,155.852,155.852,156.013,156.013,156.013,155.72,155.72,155.72,155.852,155.852,155.852,156.013,156.013,156.013,155.72,155.72,155.72,155.852,155.852,155.852,156.013,156.013,156.013
132,164.295,158.272,158.272,158.272,158.403,158.403,158.403,158.565,158.565,158.565,158.272,158.272,158.272,158.403,158.403,158.403,158.565,158.565,158.565,158.272,158.272,158.272,158.403,158.403,158.403,158.565,158.565,158.565,159.823,159.823,159.823,159.954,159.954,159.954,160.115,160.115,160.115,159.823,159.823,159.823,159.954,159.954,159.954,160.115,160.115,160.115,159.823,159.823,159.823,159.954,159.954,159.954,160.115,160.115,160.115,161.373,161.373,161.373,161.505,161.505,161.505,161.666,161.666,161.666,161.373,161.373,161.373,161.505,161.505,161.505,161.666,161.666,161.666,161.373,161.373,161.373,161.505,161.505,161.505,161.666,161.666,161.666
133,170.231,164.015,164.015,164.015,164.147,164.147,164.147,164.308,164.308,164.308,164.015,164.015,164.015,164.147,164.147,164.147,164.308,164.308,164.308,164.015,164.015,164.015,164.147,164.147,164.147,164.308,164.308,164.308,165.622,165.622,165.622,165.753,165.753,165.753,165.914,165.914,165.914,165.622,165.622,165.622,165.753,165.753,165.753,165.914,165.914,165.914,165.622,165.622,165.622,165.753,165.753,165.753,165.914,165.914,165.914,167.229,167.229,167.229,167.36,167.36,167.36,167.521,167.521,167.521,167.229,167.229,167.229,167.36,167.36,167.36,167.521,167.521,167.521,167.229,167.229,167.229,167.36,167.36,167.36,167.521,167.521,167.521
134,176.381,169.964,169.964,169.964,170.095,170.095,170.095,170.257,170.257,170.257,169.964,169.964,169.964,170.095,170.095,170.095,170.257,170.257,170.257,169.964,169.964,169.964,170.095,170.095,170.095,170.257,170.257,170.257,171.629,171.629,171.629,171.76,171.76,171.76,171.921,171.921,171.921,171.629,171.629,171.629,171.76,171.76,171.76,171.921,171.921,171.921,171.629,171.629,171.629,171.76,171.76,171.76,171.921,171.921,171.921,173.293,173.293,173.293,173.425,173.425,173.425,173.586,173.586,173.586,173.293,173.293,173.293,173.425,173.425,173.425,173.586,173.586,173.586,173.293,173.293,173.293,173.425,173.425,173.425,173.586,173.586,173.586
135,182.75,176.126,176.126,176.126,176.257,176.257,176.257,176.418,176.418,176.418,176.126,176.126,176.126,176.257,176.257,176.257,176.418,176.418,176.418,176.126,176.126,176.126,176.257,176.257,176.257,176.418,176.418,176.418,177.851,177.851,177.851,177.982,177.982,177.982,178.143,178.143,178.143,177.851,177.851,177.851,177.982,177.982,177.982,178.143,178.143,178.143,177.851,177.851,177.851,177.982,177.982,177.982,178.143,178.143,178.143,179.575,179.575,179.575,179.707,179.707,179.707,179.868,179.868,179.868,179.575,179.575,179.575,179.707,179.707,179.707,179.868,179.868,179.868,179.575,179.575,179.575,179.707,179.707,179.707,179.868,179.868,179.868
136,189.348,182.508,182.508,182.508,182.639,182.639,182.639,182.8,182.8,182.8,182.508,182.508,182.508,182.639,182.639,182.639,182.8,182.8,182.8,182.508,182.508,182.508,182.639,182.639,182.639,182.8,182.8,182.8,184.295,184.295,184.295,184.426,184.426,184.426,184.588,184.588,184.588,184.295,184.295,184.295,184.426,184.426,184.426,184.588,184.588,184.588,184.295,184.295,184.295,184.426,184.426,184.426,184.588,184.588,184.588,186.082,186.082,186.082,186.213,186.213,186.213,186.375,186.375,186.375,186.082,186.082,186.082,186.213,186.213,186.213,186.375,186.375,186.375,186.082,186.082,186.082,186.213,186.213,186.213,186.375,186.375,186.375
137,196.181,189.119,189.119,189.119,189.25,189.25,189.25,189.411,189.411,189.411,189.119,189.119,189.119,189.25,189.25,189.25,189.411,189.411,189.411,189.119,189.119,189.119,189.25,189.25,189.25,189.411,189.411,189.411,190.97,190.97,190.97,191.101,191.101,191.101,191.263,191.263,191.263,190.97,190.97,190.97,191.101,191.101,191.101,191.263,191.263,191.263,190.97,190.97,190.97,191.101,191.101,191.101,191.263,191.263,191.263,192.822,192.822,192.822,192.953,192.953,192.953,193.114,193.114,193.114,192.822,192.822,192.822,192.953,192.953,192.953,193.114,193.114,193.114,192.822,192.822,192.822,192.953,192.953,192.953,193.114,193.114,193.114
138,203.259,195.966,195.966,195.966,196.097,196.097,196.097,196.258,196.258,196.258,195.966,195.966,195.966,196.097,196.097,196.097,196.258,196.258,196.258,195.966,195.966,195.966,196.097,196.097,196.097,196.258,196.258,196.258,197.884,197.884,197.884,198.016,198.016,198.016,198.177,198.177,198.177,197.884,197.884,197.884,198.016,198.016,198.016,198.177,198.177,198.177,197.884,197.884,197.884,198.016,198.016,198.016,198.177,198.177,198.177,199.803,199.803,199.803,199.934,199.934,199.934,200.095,200.095,200.095,199.803,199.803,199.803,199.934,199.934,199.934,200.095,200.095,200.095,199.803,199.803,199.803,199.934,199.934,199.934,200.095,200.095,200.095
139,210.59,203.058,203.058,203.058,203.189,203.189,203.189,203.351,203.351,203.351,203.058,203.058,203.058,203.189,203.189,203.189,203.351,203.351,203.351,203.058,203.058,203.058,203.189,203.189,203.189,203.351,203.351,203.351,205.046,205.046,205.046,205.177,205.177,205.177,205.338,205.338,205.338,205.046,205.046,205.046,205.177,205.177,205.177,205.338,205.338,205.338,205.046,205.046,205.046,205.177,205.177,205.177,205.338,205.338,205.338,207.033,207.033,207.033,207.165,207.165,207.165,207.326,207.326,207.326,207.033,207.033,207.033,207.165,207.165,207.165,207.326,207.326,207.326,207.033,207.033,207.033,207.165,207.165,207.165,207.326,207.326,207.326
140,218.184,210.404,210.404,210.404,210.536,210.536,210.536,210.697,210.697,210.697,210.404,210.404,210.404,210.536,210.536,210.536,210.697,210.697,210.697,210.404,210.404,210.404,210.536,210.536,210.536,210.697,210.697,210.697,212.464,212.464,212.464,212.595,212.595,212.595,212.756,212.756,212.756,212.464,212.464,212.464,212.595,212.595,212.595,212.756,212.756,212.756,212.464,212.464,212.464,212.595,212.595,212.595,212.756,212.756,212.756,214.523,214.523,214.523,214.654,214.654,214.654,214.815,214.815,214.815,214.523,214.523,214.523,214.654,214.654,214.654,214.815,214.815,214.815,214.523,214.523,214.523,214.654,214.654,214.654,214.815,214.815,214.815
141,226.05,218.014,218.014,218.014,218.145,218.145,218.145,218.306,218.306,218.306,218.014,218.014,218.014,218.145,218.145,218.145,218.306,218.306,218.306,218.014,218.014,218.014,218.145,218.145,218.145,218.306,218.306,218.306,220.147,220.147,220.147,220.278,220.278,220.278,220.44,220.44,220.44,220.147,220.147,220.147,220.278,220.278,220.278,220.44,220.44,220.44,220.147,220.147,220.147,220.278,220.278,220.278,220.44,220.44,220.44,222.281,222.281,222.281,222.412,222.412,222.412,222.573,222.573,222.573,222.281,222.281,222.281,222.412,222.412,222.412,222.573,222.573,222.573,222.281,222.281,222.281,222.412,222.412,222.412,222.573,222.573,222.573
142,234.197,225.895,225.895,225.895,226.026,226.026,226.026,226.188,226.188,226.188,225.895,225.895,225.895,226.026,226.026,226.026,226.188,226.188,226.188,225.895,225.895,225.895,226.026,226.026,226.026,226.188,226.188,226.188,228.105,228.105,228.105,228.237,228.237,228.237,228.398,228.398,228.398,228.105,228.105,228.105,228.237,228.237,228.237,228.398,228.398,228.398,228.105,228.105,228.105,228.237,228.237,228.237,228.398,228.398,228.398,230.316,230.316,230.316,230.447,230.447,230.447,230.608,230.608,230.608,230.316,230.316,230.316,230.447,230.447,230.447,230.608,230.608,230.608,230.316,230.316,230.316,230.447,230.447,230.447,230.608,230.608,230.608
143,242.635,234.059,234.059,234.059,234.19,234.19,234.19,234.351,234.351,234.351,234.059,234.059,234.059,234.19,234.19,234.19,234.351,234.351,234.351,234.059,234.059,234.059,234.19,234.19,234.19,234.351,234.351,234.351,236.349,236.349,236.349,236.48,236.48,236.48,236.641,236.641,236.641,236.349,236.349,236.349,236.48,236.48,236.48,236.641,236.641,236.641,236.349,236.349,236.349,236.48,236.48,236.48,236.641,236.641,236.641,238.639,238.639,238.639,238.77,238.77,238.77,238.931,238.931,238.931,238.639,238.639,238.639,238.77,238.77,238.77,238.931,238.931,238.931,238.639,238.639,238.639,238.77,238.77,238.77,238.931,238.931,238.931
144,251.376,242.514,242.514,242.514,242.646,242.646,242.646,242.807,242.807,242.807,242.514,242.514,242.514,242.646,242.646,242.646,242.807,242.807,242.807,242.514,242.514,242.514,242.646,242.646,242.646,242.807,242.807,242.807,244.887,244.887,244.887,245.018,245.018,245.018,245.179,245.179,245.179,244.887,244.887,244.887,245.018,245.018,245.018,245.179,245.179,245.179,244.887,244.887,244.887,245.018,245.018,245.018,245.179,245.179,245.179,247.259,247.259,247.259,247.391,247.391,247.391,247.552,247.552,247.552,247.259,247.259,247.259,247.391,247.391,247.391,247.552,247.552,247.552,247.259,247.259,247.259,247.391,247.391,247.391,247.552,247.552,247.552
145,260.429,251.273,251.273,251.273,251.404,251.404,251.404,251.565,251.565,251.565,251.273,251.273,251.273,251.404,251.404,251.404,251.565,251.565,251.565,251.273,251.273,251.273,251.404,251.404,251.404,251.565,251.565,251.565,253.731,253.731,253.731,253.862,253.862,253.862,254.023,254.023,254.023,253.731,253.731,253.731,253.862,253.862,253.862,254.023,254.023,254.023,253.731,253.731,253.731,253.862,253.862,253.862,254.023,254.023,254.023,256.189,256.189,256.189,256.32,256.32,256.32,256.481,256.481,256.481,256.189,256.189,256.189,256.32,256.32,256.32,256.481,256.481,256.481,256.189,256.189,256.189,256.32,256.32,256.32,256.481,256.481,256.481
146,269.806,260.345,260.345,260.345,260.476,260.476,260.476,260.637,260.637,260.637,260.345,260.345,260.345,260.476,260.476,260.476,260.637,260.637,260.637,260.345,260.345,260.345,260.476,260.476,260.476,260.637,260.637,260.637,262.891,262.891,262.891,263.022,263.022,263.022,263.183,263.183,263.183,262.891,262.891,262.891,263.022,263.022,263.022,263.183,263.183,263.183,262.891,262.891,262.891,263.022,263.022,263.022,263.183,263.183,263.183,265.438,265.438,265.438,265.569,265.569,265.569,265.73,265.73,265.73,265.438,265.438,265.438,265.569,265.569,265.569,265.73,265.73,265.73,265.438,265.438,265.438,265.569,265.569,265.569,265.73,265.73,265.73
147,279.519,269.741,269.741,269.741,269.872,269.872,269.872,270.033,270.033,270.033,269.741,269.741,269.741,269.872,269.872,269.872,270.033,270.033,270.033,269.741,269.741,269.741,269.872,269.872,269.872,270.033,270.033,270.033,272.379,272.379,272.379,272.51,272.51,272.51,272.671,272.671,272.671,272.379,272.379,272.379,272.51,272.51,272.51,272.671,272.671,272.671,272.379,272.379,272.379,272.51,272.51,272.51,272.671,272.671,272.671,275.017,275.017,275.017,275.149,275.149,275.149,275.31,275.31,275.31,275.017,275.017,275.017,275.149,275.149,275.149,275.31,275.31,275.31,275.017,275.017,275.017,275.149,275.149,275.149,275.31,275.31,275.31
148,289.579,279.474,279.474,279.474,279.605,279.605,279.605,279.766,279.766,279.766,279.474,279.474,279.474,279.605,279.605,279.605,279.766,279.766,279.766,279.474,279.474,279.474,279.605,279.605,279.605,279.766,279.766,279.766,282.207,282.207,282.207,282.338,282.338,282.338,282.499,282.499,282.499,282.207,282.207,282.207,282.338,282.338,282.338,282.499,282.499,282.499,282.207,282.207,282.207,282.338,282.338,282.338,282.499,282.499,282.499,284.94,284.94,284.94,285.072,285.072,285.072,285.233,285.233,285.233,284.94,284.94,284.94,285.072,285.072,285.072,285.233,285.233,285.233,284.94,284.94,284.94,285.072,285.072,285.072,285.233,285.233,285.233
149,300,289.555,289.555,289.555,289.69,289.69,289.69,289.855,289.855,289.855,289.555,289.555,289.555,289.69,289.69,289.69,289.855,289.855,289.855,289.555,289.555,289.555,289.69,289.69,289.69,289.855,289.855,289.855,292.466,292.466,292.466,292.6,292.6,292.6,292.766,292.766,292.766,292.466,292.466,292.466,292.6,292.6,292.6,292.766,292.766,292.766,292.466,292.466,292.466,292.6,292.6,292.6,292.766,292.766,292.766,295.376,295.376,295.376,295.511,295.511,295.511,295.677,295.677,295.677,295.376,295.376,295.376,295.511,295.511,295.511,295.677,295.677,295.677,295.376,295.376,295.376,295.511,295.511,295.511,295.677,295.677,295.677
