gridnumber,capital,Portfolio[0 0 00],Portfolio[0 0 01],Portfolio[0 0 02],Portfolio[0 0 10],Portfolio[0 0 11],Portfolio[0 0 12],Portfolio[0 0 20],Portfolio[0 0 21],Portfolio[0 0 22],Portfolio[0 1 00],Portfolio[0 1 01],Portfolio[0 1 02],Portfolio[0 1 10],Portfolio[0 1 11],Portfolio[0 1 12],Portfolio[0 1 20],Portfolio[0 1 21],Portfolio[0 1 22],Portfolio[0 2 00],Portfolio[0 2 01],Portfolio[0 2 02],Portfolio[0 2 10],Portfolio[0 2 11],Portfolio[0 2 12],Portfolio[0 2 20],Portfolio[0 2 21],Portfolio[0 2 22],Portfolio[1 0 00],Portfolio[1 0 01],Portfolio[1 0 02],Portfolio[1 0 10],Portfolio[1 0 11],Portfolio[1 0 12],Portfolio[1 0 20],Portfolio[1 0 21],Portfolio[1 0 22],Portfolio[1 1 00],Portfolio[1 1 01],Portfolio[1 1 02],Portfolio[1 1 10],Portfolio[1 1 11],Portfolio[1 1 12],Portfolio[1 1 20],Portfolio[1 1 21],Portfolio[1 1 22],Portfolio[1 2 00],Portfolio[1 2 01],Portfolio[1 2 02],Portfolio[1 2 10],Portfolio[1 2 11],Portfolio[1 2 12],Portfolio[1 2 20],Portfolio[1 2 21],Portfolio[1 2 22],Portfolio[2 0 00],Portfolio[2 0 01],Portfolio[2 0 02],Portfolio[2 0 10],Portfolio[2 0 11],Portfolio[2 0 12],Portfolio[2 0 20],Portfolio[2 0 21],Portfolio[2 0 22],Portfolio[2 1 00],Portfolio[2 1 01],Portfolio[2 1 02],Portfolio[2 1 10],Portfolio[2 1 11],Portfolio[2 1 12],Portfolio[2 1 20],Portfolio[2 1 21],Portfolio[2 1 22],Portfolio[2 2 00],Portfolio[2 2 01],Portfolio[2 2 02],Portfolio[2 2 10],Portfolio[2 2 11],Portfolio[2 2 12],Portfolio[2 2 20],Portfolio[2 2 21],Portfolio[2 2 22]
0,0,0,0,0,0,0,0,0,0,0,0,0,0,0,0,0,0,0,0,0,0,0,0,0,0,0,0,0,0,0,0,0,0,0,0,0,0,0,0,0,0,0,0,0,0,0,0,0,0,0,0,0,0,0,0,0,0,0,0,0,0,0,0,0,0,0,0,0,0,0,0,0,0,0,0,0,0,0,0,0,0,0
1,0.0572595,0,0,0,0,0,0,0,0,0,0,0,0,0,0,0,0,0,0,0,0,0,0,0,0,0,0,0,0,0,0,0,0,0,0,0,0,0,0,0,0,0,0,0,0,0,0,0,0,0,0,0,0,0,0,0,0,0,0,0,0,0,0,0,0,0,0,0,0,0,0,0,0,0,0,0,0,0,0,0,0,0
2,0.116568,0,0,0,0.42,0,0,1,1,0,0,0,0,0.42,0,0,1,1,0,0,0,0,0.42,0,0,1,1,0,0,0,0,0.42,0,0,1,1,0,0,0,0,0.42,0,0,1,1,0,0,0,0,0.42,0,0,1,1,0,0,0,0,0.42,0,0,1,1,0,0,0,0,0.42,0,0,1,1,0,0,0,0,0.42,0,0,1,1,0
3,0.177999,0,0,0,1,0,0,1,1,0.71,0,0,0,1,0,0,1,1,0.71,0,0,0,1,0,0,1,1,0.71,0,0,0,1,0,0,1,1,0.71,0,0,0,1,0,0,1,1,0.71,0,0,0,1,0,0,1,1,0.71,0,0,0,1,0,0,1,1,0.71,0,0,0,1,0,0,1,1,0.71,0,0,0,1,0,0,1,1,0.71
4,0.241629,0,0,0,1,0,0,1,1,1,0,0,0,1,0,0,1,1,1,0,0,0,1,0,0,1,1,1,0,0,0,1,0,0,1,1,1,0,0,0,1,0,0,1,1,1,0,0,0,1,0,0,1,1,1,0,0,0,1,0,0,1,1,1,0,0,0,1,0,0,1,1,1,0,0,0,1,0,0,1,1,1
5,0.307536,0,0,0,1,0,0,1,1,1,0,0,0,1,0,0,1,1,1,0,0,0,1,0,0,1,1,1,0,0,0,1,0,0,1,1,1,0,0,0,1,0,0,1,1,1,0,0,0,1,0,0,1,1,1,0,0,0,1,0,0,1,1,1,0,0,0,1,0,0,1,1,1,0,0,0,1,0,0,1,1,1
6,0.375801,0,0,0,1,0,0,1,1,1,0,0,0,1,0,0,1,1,1,0,0,0,1,0,0,1,1,1,0,0,0,1,0,0,1,1,1,0,0,0,1,0,0,1,1,1,0,0,0,1,0,0,1,1,1,0,0,0,1,0,0,1,1,1,0,0,0,1,0,0,1,1,1,0,0,0,1,0,0,1,1,1
7,0.44651,0,0,0,1,0,0,1,1,1,0,0,0,1,0,0,1,1,1,0,0,0,1,0,0,1,1,1,0,0,0,1,0,0,1,1,1,0,0,0,1,0,0,1,1,1,0,0,0,1,0,0,1,1,1,0,0,0,1,0,0,1,1,1,0,0,0,1,0,0,1,1,1,0,0,0,1,0,0,1,1,1
8,0.519749,0,0,0,1,0,0,1,1,1,0,0,0,1,0,0,1,1,1,0,0,0,1,0,0,1,1,1,0,0,0,1,0,0,1,1,1,0,0,0,1,0,0,1,1,1,0,0,0,1,0,0,1,1,1,0,0,0,1,0,0,1,1,1,0,0,0,1,0,0,1,1,1,0,0,0,1,0,0,1,1,1
9,0.595608,0,0,0,1,0,0,1,1,1,0,0,0,1,0,0,1,1,1,0,0,0,1,0,0,1,1,1,0,0,0,1,0,0,1,1,1,0,0,0,1,0,0,1,1,1,0,0,0,1,0,0,1,1,1,0,0,0,1,0,0,1,1,1,0,0,0,1,0,0,1,1,1,0,0,0,1,0,0,1,1,1
10,0.674183,0,0,0,1,0,0,1,1,1,0,0,0,1,0,0,1,1,1,0,0,0,1,0,0,1,1,1,0,0,0,1,0,0,1,1,1,0,0,0,1,0,0,1,1,1,0,0,0,1,0,0,1,1,1,0,0,0,1,0,0,1,1,1,0,0,0,1,0,0,1,1,1,0,0,0,1,0,0,1,1,1
11,0.75557,0,0,0,1,0,0,1,1,1,0,0,0,1,0,0,1,1,1,0,0,0,1,0,0,1,1,1,0,0,0,1,0,0,1,1,1,0,0,0,1,0,0,1,1,1,0,0,0,1,0,0,1,1,1,0,0,0,1,0,0,1,1,1,0,0,0,1,0,0,1,1,1,0,0,0,1,0,0,1,1,1
12,0.839869,0,0,0,1,0,0,1,1,1,0,0,0,1,0,0,1,1,1,0,0,0,1,0,0,1,1,1,0,0,0,1,0,0,1,1,1,0,0,0,1,0,0,1,1,1,0,0,0,1,0,0,1,1,1,0,0,0,1,0,0,1,1,1,0,0,0,1,0,0,1,1,1,0,0,0,1,0,0,1,1,1
13,0.927185,0,0,0,1,0,0,1,1,1,0,0,0,1,0,0,1,1,1,0,0,0,1,0,0,1,1,1,0,0,0,1,0,0,1,1,1,0,0,0,1,0,0,1,1,1,0,0,0,1,0,0,1,1,1,0,0,0,1,0,0,1,1,1,0,0,0,1,0,0,1,1,1,0,0,0,1,0,0,1,1,1
14,1.01763,0,0,0,1,0,0,1,1,1,0,0,0,1,0,0,1,1,1,0,0,0,1,0,0,1,1,1,0,0,0,1,0,0,1,1,1,0,0,0,1,0,0,1,1,1,0,0,0,1,0,0,1,1,1,0,0,0,1,0,0,1,1,1,0,0,0,1,0,0,1,1,1,0,0,0,1,0,0,1,1,1
15,1.1113,0,0,0,1,0,0,1,1,1,0,0,0,1,0,0,1,1,1,0,0,0,1,0,0,1,1,1,0,0,0,1,0,0,1,1,1,0,0,0,1,0,0,1,1,1,0,0,0,1,0,0,1,1,1,0,0,0,1,0,0,1,1,1,0,0,0,1,0,0,1,1,1,0,0,0,1,0,0,1,1,1
16,1.20833,0,0,0,1,0,0,1,1,1,0,0,0,1,0,0,1,1,1,0,0,0,1,0,0,1,1,1,0,0,0,1,0,0,1,1,1,0,0,0,1,0,0,1,1,1,0,0,0,1,0,0,1,1,1,0,0,0,1,0,0,1,1,1,0,0,0,1,0,0,1,1,1,0,0,0,1,0,0,1,1,1
17,1.30884,0,0,0,1,0,0,1,1,1,0,0,0,1,0,0,1,1,1,0,0,0,1,0,0,1,1,1,0,0,0,1,0,0,1,1,1,0,0,0,1,0,0,1,1,1,0,0,0,1,0,0,1,1,1,0,0,0,1,0,0,1,1,1,0,0,0,1,0,0,1,1,1,0,0,0,1,0,0,1,1,1
18,1.41294,0,0,0,1,0,0,1,1,1,0,0,0,1,0,0,1,1,1,0,0,0,1,0,0,1,1,1,0,0,0,1,0,0,1,1,1,0,0,0,1,0,0,1,1,1,0,0,0,1,0,0,1,1,1,0,0,0,1,0,0,1,1,1,0,0,0,1,0,0,1,1,1,0,0,0,1,0,0,1,1,1
19,1.52076,0,0,0,1,0,0,1,1,1,0,0,0,1,0,0,1,1,1,0,0,0,1,0,0,1,1,1,0,0,0,1,0,0,1,1,1,0,0,0,1,0,0,1,1,1,0,0,0,1,0,0,1,1,1,0,0,0,1,0,0,1,1,1,0,0,0,1,0,0,1,1,1,0,0,0,1,0,0,1,1,1
20,1.63244,0,0,0,1,0,0,1,1,1,0,0,0,1,0,0,1,1,1,0,0,0,1,0,0,1,1,1,0,0,0,1,0,0,1,1,1,0,0,0,1,0,0,1,1,1,0,0,0,1,0,0,1,1,1,0,0,0,1,0,0,1,1,1,0,0,0,1,0,0,1,1,1,0,0,0,1,0,0,1,1,1
21,1.74812,0,0,0,1,0,0,1,1,1,0,0,0,1,0,0,1,1,1,0,0,0,1,0,0,1,1,1,0,0,0,1,0,0,1,1,1,0,0,0,1,0,0,1,1,1,0,0,0,1,0,0,1,1,1,0,0,0,1,0,0,1,1,1,0,0,0,1,0,0,1,1,1,0,0,0,1,0,0,1,1,1
22,1.86794,0,0,0,1,0,0,1,1,1,0,0,0,1,0,0,1,1,1,0,0,0,1,0,0,1,1,1,0,0,0,1,0,0,1,1,1,0,0,0,1,0,0,1,1,1,0,0,0,1,0,0,1,1,1,0,0,0,1,0,0,1,1,1,0,0,0,1,0,0,1,1,1,0,0,0,1,0,0,1,1,1
23,1.99205,0,0,0,1,0,0,1,1,1,0,0,0,1,0,0,1,1,1,0,0,0,1,0,0,1,1,1,0,0,0,1,0,0,1,1,1,0,0,0,1,0,0,1,1,1,0,0,0,1,0,0,1,1,1,0,0,0,1,0,0,1,1,1,0,0,0,1,0,0,1,1,1,0,0,0,1,0,0,1,1,1
24,2.1206,0,0,0,1,0.09,0,1,1,1,0,0,0,1,0.09,0,1,1,1,0,0,0,1,0.09,0,1,1,1,0,0,0,1,0.09,0,1,1,1,0,0,0,1,0.09,0,1,1,1,0,0,0,1,0.09,0,1,1,1,0,0,0,1,0.09,0,1,1,1,0,0,0,1,0.09,0,1,1,1,0,0,0,1,0.09,0,1,1,1
25,2.25375,0,0,0,1,0.31,0,1,1,1,0,0,0,1,0.31,0,1,1,1,0,0,0,1,0.31,0,1,1,1,0,0,0,1,0.31,0,1,1,1,0,0,0,1,0.31,0,1,1,1,0,0,0,1,0.31,0,1,1,1,0,0,0,1,0.31,0,1,1,1,0,0,0,1,0.31,0,1,1,1,0,0,0,1,0.31,0,1,1,1
26,2.39167,0,0,0,1,0.41,0,1,1,1,0,0,0,1,0.41,0,1,1,1,0,0,0,1,0.41,0,1,1,1,0,0,0,1,0.41,0,1,1,1,0,0,0,1,0.41,0,1,1,1,0,0,0,1,0.41,0,1,1,1,0,0,0,1,0.41,0,1,1,1,0,0,0,1,0.41,0,1,1,1,0,0,0,1,0.41,0,1,1,1
27,2.53452,0,0,0,1,0.45,0,1,1,1,0,0,0,1,0.45,0,1,1,1,0,0,0,1,0.45,0,1,1,1,0,0,0,1,0.45,0,1,1,1,0,0,0,1,0.45,0,1,1,1,0,0,0,1,0.45,0,1,1,1,0,0,0,1,0.45,0,1,1,1,0,0,0,1,0.45,0,1,1,1,0,0,0,1,0.45,0,1,1,1
28,2.68248,0,0,0,1,0.53,0,1,1,1,0,0,0,1,0.53,0,1,1,1,0,0,0,1,0.53,0,1,1,1,0,0,0,1,0.53,0,1,1,1,0,0,0,1,0.53,0,1,1,1,0,0,0,1,0.53,0,1,1,1,0,0,0,1,0.53,0,1,1,1,0,0,0,1,0.53,0,1,1,1,0,0,0,1,0.53,0,1,1,1
29,2.83574,0,0,0,1,0.55,0,1,1,1,0,0,0,1,0.55,0,1,1,1,0,0,0,1,0.55,0,1,1,1,0,0,0,1,0.55,0,1,1,1,0,0,0,1,0.55,0,1,1,1,0,0,0,1,0.55,0,1,1,1,0,0,0,1,0.55,0,1,1,1,0,0,0,1,0.55,0,1,1,1,0,0,0,1,0.55,0,1,1,1
30,2.99448,0,0,0,1,0.57,0,1,1,1,0,0,0,1,0.57,0,1,1,1,0,0,0,1,0.57,0,1,1,1,0,0,0,1,0.57,0,1,1,1,0,0,0,1,0.57,0,1,1,1,0,0,0,1,0.57,0,1,1,1,0,0,0,1,0.57,0,1,1,1,0,0,0,1,0.57,0,1,1,1,0,0,0,1,0.57,0,1,1,1
31,3.1589,0,0,0,1,0.57,0,1,1,1,0,0,0,1,0.57,0,1,1,1,0,0,0,1,0.57,0,1,1,1,0,0,0,1,0.57,0,1,1,1,0,0,0,1,0.57,0,1,1,1,0,0,0,1,0.57,0,1,1,1,0,0,0,1,0.57,0,1,1,1,0,0,0,1,0.57,0,1,1,1,0,0,0,1,0.57,0,1,1,1
32,3.32921,0,0,0,1,0.58,0,1,1,1,0,0,0,1,0.58,0,1,1,1,0,0,0,1,0.58,0,1,1,1,0,0,0,1,0.58,0,1,1,1,0,0,0,1,0.58,0,1,1,1,0,0,0,1,0.58,0,1,1,1,0,0,0,1,0.58,0,1,1,1,0,0,0,1,0.58,0,1,1,1,0,0,0,1,0.58,0,1,1,1
33,3.50561,0,0,0,1,0.58,0,1,1,1,0,0,0,1,0.58,0,1,1,1,0,0,0,1,0.58,0,1,1,1,0,0,0,1,0.58,0,1,1,1,0,0,0,1,0.58,0,1,1,1,0,0,0,1,0.58,0,1,1,1,0,0,0,1,0.58,0,1,1,1,0,0,0,1,0.58,0,1,1,1,0,0,0,1,0.58,0,1,1,1
34,3.68833,0,0,0,1,0.58,0,1,1,1,0,0,0,1,0.58,0,1,1,1,0,0,0,1,0.58,0,1,1,1,0,0,0,1,0.58,0,1,1,1,0,0,0,1,0.58,0,1,1,1,0,0,0,1,0.58,0,1,1,1,0,0,0,1,0.58,0,1,1,1,0,0,0,1,0.58,0,1,1,1,0,0,0,1,0.58,0,1,1,1
35,3.87758,0,0,0,1,0.58,0,1,1,1,0,0,0,1,0.58,0,1,1,1,0,0,0,1,0.58,0,1,1,1,0,0,0,1,0.58,0,1,1,1,0,0,0,1,0.58,0,1,1,1,0,0,0,1,0.58,0,1,1,1,0,0,0,1,0.58,0,1,1,1,0,0,0,1,0.58,0,1,1,1,0,0,0,1,0.58,0,1,1,1
36,4.07361,0,0,0,1,0.58,0,1,1,1,0,0,0,1,0.58,0,1,1,1,0,0,0,1,0.58,0,1,1,1,0,0,0,1,0.58,0,1,1,1,0,0,0,1,0.58,0,1,1,1,0,0,0,1,0.58,0,1,1,1,0,0,0,1,0.58,0,1,1,1,0,0,0,1,0.58,0,1,1,1,0,0,0,1,0.58,0,1,1,1
37,4.27665,0,0,0,1,0.58,0,1,1,1,0,0,0,1,0.58,0,1,1,1,0,0,0,1,0.58,0,1,1,1,0,0,0,1,0.58,0,1,1,1,0,0,0,1,0.58,0,1,1,1,0,0,0,1,0.58,0,1,1,1,0,0,0,1,0.58,0,1,1,1,0,0,0,1,0.58,0,1,1,1,0,0,0,1,0.58,0,1,1,1
38,4.48696,0,0,0,1,0.58,0,1,1,1,0,0,0,1,0.58,0,1,1,1,0,0,0,1,0.58,0,1,1,1,0,0,0,1,0.58,0,1,1,1,0,0,0,1,0.58,0,1,1,1,0,0,0,1,0.58,0,1,1,1,0,0,0,1,0.58,0,1,1,1,0,0,0,1,0.58,0,1,1,1,0,0,0,1,0.58,0,1,1,1
39,4.7048,0,0,0,1,0.58,0,1,1,1,0,0,0,1,0.58,0,1,1,1,0,0,0,1,0.58,0,1,1,1,0,0,0,1,0.58,0,1,1,1,0,0,0,1,0.58,0,1,1,1,0,0,0,1,0.58,0,1,1,1,0,0,0,1,0.58,0,1,1,1,0,0,0,1,0.58,0,1,1,1,0,0,0,1,0.58,0,1,1,1
40,4.93043,0,0,0,1,0.58,0,1,1,1,0,0,0,1,0.58,0,1,1,1,0,0,0,1,0.58,0,1,1,1,0,0,0,1,0.58,0,1,1,1,0,0,0,1,0.58,0,1,1,1,0,0,0,1,0.58,0,1,1,1,0,0,0,1,0.58,0,1,1,1,0,0,0,1,0.58,0,1,1,1,0,0,0,1,0.58,0,1,1,1
41,5.16414,0,0,0,1,0.58,0,1,1,1,0,0,0,1,0.58,0,1,1,1,0,0,0,1,0.58,0,1,1,1,0,0,0,1,0.58,0,1,1,1,0,0,0,1,0.58,0,1,1,1,0,0,0,1,0.58,0,1,1,1,0,0,0,1,0.58,0,1,1,1,0,0,0,1,0.58,0,1,1,1,0,0,0,1,0.58,0,1,1,1
42,5.40621,0,0,0,1,0.58,0,1,1,1,0,0,0,1,0.58,0,1,1,1,0,0,0,1,0.58,0,1,1,1,0,0,0,1,0.58,0,1,1,1,0,0,0,1,0.58,0,1,1,1,0,0,0,1,0.58,0,1,1,1,0,0,0,1,0.58,0,1,1,1,0,0,0,1,0.58,0,1,1,1,0,0,0,1,0.58,0,1,1,1
43,5.65694,0,0,0,1,0.58,0,1,1,1,0,0,0,1,0.58,0,1,1,1,0,0,0,1,0.58,0,1,1,1,0,0,0,1,0.58,0,1,1,1,0,0,0,1,0.58,0,1,1,1,0,0,0,1,0.58,0,1,1,1,0,0,0,1,0.58,0,1,1,1,0,0,0,1,0.58,0,1,1,1,0,0,0,1,0.58,0,1,1,1
44,5.91664,0,0,0,1,0.58,0,1,1,1,0,0,0,1,0.58,0,1,1,1,0,0,0,1,0.58,0,1,1,1,0,0,0,1,0.58,0,1,1,1,0,0,0,1,0.58,0,1,1,1,0,0,0,1,0.58,0,1,1,1,0,0,0,1,0.58,0,1,1,1,0,0,0,1,0.58,0,1,1,1,0,0,0,1,0.58,0,1,1,1
45,6.18564,0,0,0,1,0.58,0,1,1,1,0,0,0,1,0.58,0,1,1,1,0,0,0,1,0.58,0,1,1,1,0,0,0,1,0.58,0,1,1,1,0,0,0,1,0.58,0,1,1,1,0,0,0,1,0.58,0,1,1,1,0,0,0,1,0.58,0,1,1,1,0,0,0,1,0.58,0,1,1,1,0,0,0,1,0.58,0,1,1,1
46,6.46427,0,0,0,1,0.58,0,1,1,1,0,0,0,1,0.58,0,1,1,1,0,0,0,1,0.58,0,1,1,1,0,0,0,1,0.58,0,1,1,1,0,0,0,1,0.58,0,1,1,1,0,0,0,1,0.58,0,1,1,1,0,0,0,1,0.58,0,1,1,1,0,0,0,1,0.58,0,1,1,1,0,0,0,1,0.58,0,1,1,1
47,6.75287,0,0,0,1,0.58,0,1,1,1,0,0,0,1,0.58,0,1,1,1,0,0,0,1,0.58,0,1,1,1,0,0,0,1,0.58,0,1,1,1,0,0,0,1,0.58,0,1,1,1,0,0,0,1,0.58,0,1,1,1,0,0,0,1,0.58,0,1,1,1,0,0,0,1,0.58,0,1,1,1,0,0,0,1,0.58,0,1,1,1
48,7.05179,0,0,0,1,0.58,0,1,1,1,0,0,0,1,0.58,0,1,1,1,0,0,0,1,0.58,0,1,1,1,0,0,0,1,0.58,0,1,1,1,0,0,0,1,0.58,0,1,1,1,0,0,0,1,0.58,0,1,1,1,0,0,0,1,0.58,0,1,1,1,0,0,0,1,0.58,0,1,1,1,0,0,0,1,0.58,0,1,1,1
49,7.36142,0,0,0,1,0.58,0,1,1,1,0,0,0,1,0.58,0,1,1,1,0,0,0,1,0.58,0,1,1,1,0,0,0,1,0.58,0,1,1,1,0,0,0,1,0.58,0,1,1,1,0,0,0,1,0.58,0,1,1,1,0,0,0,1,0.58,0,1,1,1,0,0,0,1,0.58,0,1,1,1,0,0,0,1,0.58,0,1,1,1
50,7.68212,0,0,0,1,0.58,0,1,1,1,0,0,0,1,0.58,0,1,1,1,0,0,0,1,0.58,0,1,1,1,0,0,0,1,0.58,0,1,1,1,0,0,0,1,0.58,0,1,1,1,0,0,0,1,0.58,0,1,1,1,0,0,0,1,0.58,0,1,1,1,0,0,0,1,0.58,0,1,1,1,0,0,0,1,0.58,0,1,1,1
51,8.0143,0,0,0,1,0.58,0,1,1,1,0,0,0,1,0.58,0,1,1,1,0,0,0,1,0.58,0,1,1,1,0,0,0,1,0.58,0,1,1,1,0,0,0,1,0.58,0,1,1,1,0,0,0,1,0.58,0,1,1,1,0,0,0,1,0.58,0,1,1,1,0,0,0,1,0.58,0,1,1,1,0,0,0,1,0.58,0,1,1,1
52,8.35837,0,0,0,1,0.57,0,1,1,1,0,0,0,1,0.57,0,1,1,1,0,0,0,1,0.57,0,1,1,1,0,0,0,1,0.57,0,1,1,1,0,0,0,1,0.57,0,1,1,1,0,0,0,1,0.57,0,1,1,1,0,0,0,1,0.57,0,1,1,1,0,0,0,1,0.57,0,1,1,1,0,0,0,1,0.57,0,1,1,1
53,8.71476,0,0,0,1,0.57,0,1,1,1,0,0,0,1,0.57,0,1,1,1,0,0,0,1,0.57,0,1,1,1,0,0,0,1,0.57,0,1,1,1,0,0,0,1,0.57,0,1,1,1,0,0,0,1,0.57,0,1,1,1,0,0,0,1,0.57,0,1,1,1,0,0,0,1,0.57,0,1,1,1,0,0,0,1,0.57,0,1,1,1
54,9.08389,0,0,0,1,0.57,0,1,1,1,0,0,0,1,0.57,0,1,1,1,0,0,0,1,0.57,0,1,1,1,0,0,0,1,0.57,0,1,1,1,0,0,0,1,0.57,0,1,1,1,0,0,0,1,0.57,0,1,1,1,0,0,0,1,0.57,0,1,1,1,0,0,0,1,0.57,0,1,1,1,0,0,0,1,0.57,0,1,1,1
55,9.46624,0,0,0,1,0.57,0,1,1,1,0,0,0,1,0.57,0,1,1,1,0,0,0,1,0.57,0,1,1,1,0,0,0,1,0.57,0,1,1,1,0,0,0,1,0.57,0,1,1,1,0,0,0,1,0.57,0,1,1,1,0,0,0,1,0.57,0,1,1,1,0,0,0,1,0.57,0,1,1,1,0,0,0,1,0.57,0,1,1,1
56,9.86227,0,0,0,1,0.57,0,1,1,1,0,0,0,1,0.57,0,1,1,1,0,0,0,1,0.57,0,1,1,1,0,0,0,1,0.57,0,1,1,1,0,0,0,1,0.57,0,1,1,1,0,0,0,1,0.57,0,1,1,1,0,0,0,1,0.57,0,1,1,1,0,0,0,1,0.57,0,1,1,1,0,0,0,1,0.57,0,1,1,1
57,10.2725,0,0,0,1,0.56,0,1,1,1,0,0,0,1,0.56,0,1,1,1,0,0,0,1,0.56,0,1,1,1,0,0,0,1,0.56,0,1,1,1,0,0,0,1,0.56,0,1,1,1,0,0,0,1,0.56,0,1,1,1,0,0,0,1,0.56,0,1,1,1,0,0,0,1,0.56,0,1,1,1,0,0,0,1,0.56,0,1,1,1
58,10.6974,0,0,0,1,0.56,0,1,1,1,0,0,0,1,0.56,0,1,1,1,0,0,0,1,0.56,0,1,1,1,0,0,0,1,0.56,0,1,1,1,0,0,0,1,0.56,0,1,1,1,0,0,0,1,0.56,0,1,1,1,0,0,0,1,0.56,0,1,1,1,0,0,0,1,0.56,0,1,1,1,0,0,0,1,0.56,0,1,1,1
59,11.1374,0,0,0,1,0.55,0,1,1,1,0,0,0,1,0.55,0,1,1,1,0,0,0,1,0.55,0,1,1,1,0,0,0,1,0.55,0,1,1,1,0,0,0,1,0.55,0,1,1,1,0,0,0,1,0.55,0,1,1,1,0,0,0,1,0.55,0,1,1,1,0,0,0,1,0.55,0,1,1,1,0,0,0,1,0.55,0,1,1,1
60,11.5933,0,0,0,1,0.55,0,1,1,1,0,0,0,1,0.55,0,1,1,1,0,0,0,1,0.55,0,1,1,1,0,0,0,1,0.55,0,1,1,1,0,0,0,1,0.55,0,1,1,1,0,0,0,1,0.55,0,1,1,1,0,0,0,1,0.55,0,1,1,1,0,0,0,1,0.55,0,1,1,1,0,0,0,1,0.55,0,1,1,1
61,12.0654,0,0,0,1,0.54,0,1,1,1,0,0,0,1,0.54,0,1,1,1,0,0,0,1,0.54,0,1,1,1,0,0,0,1,0.54,0,1,1,1,0,0,0,1,0.54,0,1,1,1,0,0,0,1,0.54,0,1,1,1,0,0,0,1,0.54,0,1,1,1,0,0,0,1,0.54,0,1,1,1,0,0,0,1,0.54,0,1,1,1
62,12.5545,0,0,0,1,0.54,0,1,1,1,0,0,0,1,0.54,0,1,1,1,0,0,0,1,0.54,0,1,1,1,0,0,0,1,0.54,0,1,1,1,0,0,0,1,0.54,0,1,1,1,0,0,0,1,0.54,0,1,1,1,0,0,0,1,0.54,0,1,1,1,0,0,0,1,0.54,0,1,1,1,0,0,0,1,0.54,0,1,1,1
63,13.061,0,0,0,1,0.53,0,1,1,1,0,0,0,1,0.53,0,1,1,1,0,0,0,1,0.53,0,1,1,1,0,0,0,1,0.53,0,1,1,1,0,0,0,1,0.53,0,1,1,1,0,0,0,1,0.53,0,1,1,1,0,0,0,1,0.53,0,1,1,1,0,0,0,1,0.53,0,1,1,1,0,0,0,1,0.53,0,1,1,1
64,13.5857,0,0,0,1,0.52,0,1,1,1,0,0,0,1,0.52,0,1,1,1,0,0,0,1,0.52,0,1,1,1,0,0,0,1,0.52,0,1,1,1,0,0,0,1,0.52,0,1,1,1,0,0,0,1,0.52,0,1,1,1,0,0,0,1,0.52,0,1,1,1,0,0,0,1,0.52,0,1,1,1,0,0,0,1,0.52,0,1,1,1
65,14.1292,0,0,0,1,0.52,0,1,1,1,0,0,0,1,0.52,0,1,1,1,0,0,0,1,0.52,0,1,1,1,0,0,0,1,0.52,0,1,1,1,0,0,0,1,0.52,0,1,1,1,0,0,0,1,0.52,0,1,1,1,0,0,0,1,0.52,0,1,1,1,0,0,0,1,0.52,0,1,1,1,0,0,0,1,0.52,0,1,1,1
66,14.6921,0,0,0,1,0.52,0,1,1,1,0,0,0,1,0.52,0,1,1,1,0,0,0,1,0.52,0,1,1,1,0,0,0,1,0.52,0,1,1,1,0,0,0,1,0.52,0,1,1,1,0,0,0,1,0.52,0,1,1,1,0,0,0,1,0.52,0,1,1,1,0,0,0,1,0.52,0,1,1,1,0,0,0,1,0.52,0,1,1,1
67,15.2751,0,0,0,1,0.52,0,1,1,1,0,0,0,1,0.52,0,1,1,1,0,0,0,1,0.52,0,1,1,1,0,0,0,1,0.52,0,1,1,1,0,0,0,1,0.52,0,1,1,1,0,0,0,1,0.52,0,1,1,1,0,0,0,1,0.52,0,1,1,1,0,0,0,1,0.52,0,1,1,1,0,0,0,1,0.52,0,1,1,1
68,15.879,0,0,0,1,0.52,0,1,1,1,0,0,0,1,0.52,0,1,1,1,0,0,0,1,0.52,0,1,1,1,0,0,0,1,0.52,0,1,1,1,0,0,0,1,0.52,0,1,1,1,0,0,0,1,0.52,0,1,1,1,0,0,0,1,0.52,0,1,1,1,0,0,0,1,0.52,0,1,1,1,0,0,0,1,0.52,0,1,1,1
69,16.5045,0,0,0,1,0.52,0,1,1,1,0,0,0,1,0.52,0,1,1,1,0,0,0,1,0.52,0,1,1,1,0,0,0,1,0.52,0,1,1,1,0,0,0,1,0.52,0,1,1,1,0,0,0,1,0.52,0,1,1,1,0,0,0,1,0.52,0,1,1,1,0,0,0,1,0.52,0,1,1,1,0,0,0,1,0.52,0,1,1,1
70,17.1525,0,0,0,1,0.52,0,1,1,1,0,0,0,1,0.52,0,1,1,1,0,0,0,1,0.52,0,1,1,1,0,0,0,1,0.52,0,1,1,1,0,0,0,1,0.52,0,1,1,1,0,0,0,1,0.52,0,1,1,1,0,0,0,1,0.52,0,1,1,1,0,0,0,1,0.52,0,1,1,1,0,0,0,1,0.52,0,1,1,1
71,17.8236,0,0,0,1,0.52,0,1,1,1,0,0,0,1,0.52,0,1,1,1,0,0,0,1,0.52,0,1,1,1,0,0,0,1,0.52,0,1,1,1,0,0,0,1,0.52,0,1,1,1,0,0,0,1,0.52,0,1,1,1,0,0,0,1,0.52,0,1,1,1,0,0,0,1,0.52,0,1,1,1,0,0,0,1,0.52,0,1,1,1
72,18.5187,0,0,0,1,0.52,0,1,1,1,0,0,0,1,0.52,0,1,1,1,0,0,0,1,0.52,0,1,1,1,0,0,0,1,0.52,0,1,1,1,0,0,0,1,0.52,0,1,1,1,0,0,0,1,0.52,0,1,1,1,0,0,0,1,0.52,0,1,1,1,0,0,0,1,0.52,0,1,1,1,0,0,0,1,0.52,0,1,1,1
73,19.2387,0,0,0,1,0.52,0,1,1,1,0,0,0,1,0.52,0,1,1,1,0,0,0,1,0.52,0,1,1,1,0,0,0,1,0.52,0,1,1,1,0,0,0,1,0.52,0,1,1,1,0,0,0,1,0.52,0,1,1,1,0,0,0,1,0.52,0,1,1,1,0,0,0,1,0.52,0,1,1,1,0,0,0,1,0.52,0,1,1,1
74,19.9844,0,0,0,1,0.52,0,1,1,1,0,0,0,1,0.52,0,1,1,1,0,0,0,1,0.52,0,1,1,1,0,0,0,1,0.52,0,1,1,1,0,0,0,1,0.52,0,1,1,1,0,0,0,1,0.52,0,1,1,1,0,0,0,1,0.52,0,1,1,1,0,0,0,1,0.52,0,1,1,1,0,0,0,1,0.52,0,1,1,1
75,20.7569,0,0,0,1,0.52,0,1,1,1,0,0,0,1,0.52,0,1,1,1,0,0,0,1,0.52,0,1,1,1,0,0,0,1,0.52,0,1,1,1,0,0,0,1,0.52,0,1,1,1,0,0,0,1,0.52,0,1,1,1,0,0,0,1,0.52,0,1,1,1,0,0,0,1,0.52,0,1,1,1,0,0,0,1,0.52,0,1,1,1
76,21.557,0,0,0,1,0.52,0,1,1,1,0,0,0,1,0.52,0,1,1,1,0,0,0,1,0.52,0,1,1,1,0,0,0,1,0.52,0,1,1,1,0,0,0,1,0.52,0,1,1,1,0,0,0,1,0.52,0,1,1,1,0,0,0,1,0.52,0,1,1,1,0,0,0,1,0.52,0,1,1,1,0,0,0,1,0.52,0,1,1,1
77,22.3857,0,0,0,1,0.52,0,1,1,1,0,0,0,1,0.52,0,1,1,1,0,0,0,1,0.52,0,1,1,1,0,0,0,1,0.52,0,1,1,1,0,0,0,1,0.52,0,1,1,1,0,0,0,1,0.52,0,1,1,1,0,0,0,1,0.52,0,1,1,1,0,0,0,1,0.52,0,1,1,1,0,0,0,1,0.52,0,1,1,1
78,23.2441,0,0,0,0.99,0.51,0,1,1,1,0,0,0,0.99,0.51,0,1,1,1,0,0,0,0.99,0.51,0,1,1,1,0,0,0,0.99,0.51,0,1,1,1,0,0,0,0.99,0.51,0,1,1,1,0,0,0,0.99,0.51,0,1,1,1,0,0,0,0.99,0.51,0,1,1,1,0,0,0,0.99,0.51,0,1,1,1,0,0,0,0.99,0.51,0,1,1,1
79,24.1332,0,0,0,0.99,0.51,0,1,1,1,0,0,0,0.99,0.51,0,1,1,1,0,0,0,0.99,0.51,0,1,1,1,0,0,0,0.99,0.51,0,1,1,1,0,0,0,0.99,0.51,0,1,1,1,0,0,0,0.99,0.51,0,1,1,1,0,0,0,0.99,0.51,0,1,1,1,0,0,0,0.99,0.51,0,1,1,1,0,0,0,0.99,0.51,0,1,1,1
80,25.0541,0,0,0,0.98,0.5,0,1,1,1,0,0,0,0.98,0.5,0,1,1,1,0,0,0,0.98,0.5,0,1,1,1,0,0,0,0.98,0.5,0,1,1,1,0,0,0,0.98,0.5,0,1,1,1,0,0,0,0.98,0.5,0,1,1,1,0,0,0,0.98,0.5,0,1,1,1,0,0,0,0.98,0.5,0,1,1,1,0,0,0,0.98,0.5,0,1,1,1
81,26.008,0,0,0,0.98,0.5,0,1,1,1,0,0,0,0.98,0.5,0,1,1,1,0,0,0,0.98,0.5,0,1,1,1,0,0,0,0.98,0.5,0,1,1,1,0,0,0,0.98,0.5,0,1,1,1,0,0,0,0.98,0.5,0,1,1,1,0,0,0,0.98,0.5,0,1,1,1,0,0,0,0.98,0.5,0,1,1,1,0,0,0,0.98,0.5,0,1,1,1
82,26.996,0,0,0,0.98,0.49,0,1,1,0.99,0,0,0,0.98,0.49,0,1,1,0.99,0,0,0,0.98,0.49,0,1,1,0.99,0,0,0,0.98,0.49,0,1,1,0.99,0,0,0,0.98,0.49,0,1,1,0.99,0,0,0,0.98,0.49,0,1,1,0.99,0,0,0,0.98,0.49,0,1,1,0.99,0,0,0,0.98,0.49,0,1,1,0.99,0,0,0,0.98,0.49,0,1,1,0.99
83,28.0193,0,0,0,0.97,0.48,0,1,1,0.99,0,0,0,0.97,0.48,0,1,1,0.99,0,0,0,0.97,0.48,0,1,1,0.99,0,0,0,0.97,0.48,0,1,1,0.99,0,0,0,0.97,0.48,0,1,1,0.99,0,0,0,0.97,0.48,0,1,1,0.99,0,0,0,0.97,0.48,0,1,1,0.99,0,0,0,0.97,0.48,0,1,1,0.99,0,0,0,0.97,0.48,0,1,1,0.99
84,29.0793,0,0,0,0.96,0.48,0.01,1,1,0.98,0,0,0,0.96,0.48,0.01,1,1,0.98,0,0,0,0.96,0.48,0.01,1,1,0.98,0,0,0,0.96,0.48,0.01,1,1,0.98,0,0,0,0.96,0.48,0.01,1,1,0.98,0,0,0,0.96,0.48,0.01,1,1,0.98,0,0,0,0.96,0.48,0.01,1,1,0.98,0,0,0,0.96,0.48,0.01,1,1,0.98,0,0,0,0.96,0.48,0.01,1,1,0.98
85,30.1773,0,0,0,0.95,0.47,0.01,1,1,0.98,0,0,0,0.95,0.47,0.01,1,1,0.98,0,0,0,0.95,0.47,0.01,1,1,0.98,0,0,0,0.95,0.47,0.01,1,1,0.98,0,0,0,0.95,0.47,0.01,1,1,0.98,0,0,0,0.95,0.47,0.01,1,1,0.98,0,0,0,0.95,0.47,0.01,1,1,0.98,0,0,0,0.95,0.47,0.01,1,1,0.98,0,0,0,0.95,0.47,0.01,1,1,0.98
86,31.3145,0,0,0,0.93,0.46,0.01,1,1,0.97,0,0,0,0.93,0.46,0.01,1,1,0.97,0,0,0,0.93,0.46,0.01,1,1,0.97,0,0,0,0.93,0.46,0.01,1,1,0.97,0,0,0,0.93,0.46,0.01,1,1,0.97,0,0,0,0.93,0.46,0.01,1,1,0.97,0,0,0,0.93,0.46,0.01,1,1,0.97,0,0,0,0.93,0.46,0.01,1,1,0.97,0,0,0,0.93,0.46,0.01,1,1,0.97
87,32.4924,0,0,0,0.91,0.45,0.01,1,1,0.95,0,0,0,0.91,0.45,0.01,1,1,0.95,0,0,0,0.91,0.45,0.01,1,1,0.95,0,0,0,0.91,0.45,0.01,1,1,0.95,0,0,0,0.91,0.45,0.01,1,1,0.95,0,0,0,0.91,0.45,0.01,1,1,0.95,0,0,0,0.91,0.45,0.01,1,1,0.95,0,0,0,0.91,0.45,0.01,1,1,0.95,0,0,0,0.91,0.45,0.01,1,1,0.95
88,33.7125,0,0,0,0.89,0.44,0.01,1,1,0.94,0,0,0,0.89,0.44,0.01,1,1,0.94,0,0,0,0.89,0.44,0.01,1,1,0.94,0,0,0,0.89,0.44,0.01,1,1,0.94,0,0,0,0.89,0.44,0.01,1,1,0.94,0,0,0,0.89,0.44,0.01,1,1,0.94,0,0,0,0.89,0.44,0.01,1,1,0.94,0,0,0,0.89,0.44,0.01,1,1,0.94,0,0,0,0.89,0.44,0.01,1,1,0.94
89,34.9762,0,0,0,0.86,0.44,0,1,1,0.91,0,0,0,0.86,0.44,0,1,1,0.91,0,0,0,0.86,0.44,0,1,1,0.91,0,0,0,0.86,0.44,0,1,1,0.91,0,0,0,0.86,0.44,0,1,1,0.91,0,0,0,0.86,0.44,0,1,1,0.91,0,0,0,0.86,0.44,0,1,1,0.91,0,0,0,0.86,0.44,0,1,1,0.91,0,0,0,0.86,0.44,0,1,1,0.91
90,36.2852,0,0,0,0.83,0.43,0,1,1,0.88,0,0,0,0.83,0.43,0,1,1,0.88,0,0,0,0.83,0.43,0,1,1,0.88,0,0,0,0.83,0.43,0,1,1,0.88,0,0,0,0.83,0.43,0,1,1,0.88,0,0,0,0.83,0.43,0,1,1,0.88,0,0,0,0.83,0.43,0,1,1,0.88,0,0,0,0.83,0.43,0,1,1,0.88,0,0,0,0.83,0.43,0,1,1,0.88
91,37.641,0,0,0,0.81,0.42,0,1,1,0.85,0,0,0,0.81,0.42,0,1,1,0.85,0,0,0,0.81,0.42,0,1,1,0.85,0,0,0,0.81,0.42,0,1,1,0.85,0,0,0,0.81,0.42,0,1,1,0.85,0,0,0,0.81,0.42,0,1,1,0.85,0,0,0,0.81,0.42,0,1,1,0.85,0,0,0,0.81,0.42,0,1,1,0.85,0,0,0,0.81,0.42,0,1,1,0.85
92,39.0453,0,0,0,0.79,0.41,0,1,1,0.82,0,0,0,0.79,0.41,0,1,1,0.82,0,0,0,0.79,0.41,0,1,1,0.82,0,0,0,0.79,0.41,0,1,1,0.82,0,0,0,0.79,0.41,0,1,1,0.82,0,0,0,0.79,0.41,0,1,1,0.82,0,0,0,0.79,0.41,0,1,1,0.82,0,0,0,0.79,0.41,0,1,1,0.82,0,0,0,0.79,0.41,0,1,1,0.82
93,40.4999,0,0,0,0.77,0.4,0,1,1,0.8,0,0,0,0.77,0.4,0,1,1,0.8,0,0,0,0.77,0.4,0,1,1,0.8,0,0,0,0.77,0.4,0,1,1,0.8,0,0,0,0.77,0.4,0,1,1,0.8,0,0,0,0.77,0.4,0,1,1,0.8,0,0,0,0.77,0.4,0,1,1,0.8,0,0,0,0.77,0.4,0,1,1,0.8,0,0,0,0.77,0.4,0,1,1,0.8
94,42.0065,0,0,0,0.76,0.4,0,1,1,0.78,0,0,0,0.76,0.4,0,1,1,0.78,0,0,0,0.76,0.4,0,1,1,0.78,0,0,0,0.76,0.4,0,1,1,0.78,0,0,0,0.76,0.4,0,1,1,0.78,0,0,0,0.76,0.4,0,1,1,0.78,0,0,0,0.76,0.4,0,1,1,0.78,0,0,0,0.76,0.4,0,1,1,0.78,0,0,0,0.76,0.4,0,1,1,0.78
95,43.5671,0,0,0,0.76,0.39,0,1,1,0.76,0,0,0,0.76,0.39,0,1,1,0.76,0,0,0,0.76,0.39,0,1,1,0.76,0,0,0,0.76,0.39,0,1,1,0.76,0,0,0,0.76,0.39,0,1,1,0.76,0,0,0,0.76,0.39,0,1,1,0.76,0,0,0,0.76,0.39,0,1,1,0.76,0,0,0,0.76,0.39,0,1,1,0.76,0,0,0,0.76,0.39,0,1,1,0.76
96,45.1835,0,0,0,0.75,0.38,0,1,1,0.75,0,0,0,0.75,0.38,0,1,1,0.75,0,0,0,0.75,0.38,0,1,1,0.75,0,0,0,0.75,0.38,0,1,1,0.75,0,0,0,0.75,0.38,0,1,1,0.75,0,0,0,0.75,0.38,0,1,1,0.75,0,0,0,0.75,0.38,0,1,1,0.75,0,0,0,0.75,0.38,0,1,1,0.75,0,0,0,0.75,0.38,0,1,1,0.75
97,46.8577,0,0,0,0.74,0.38,0,1,1,0.74,0,0,0,0.74,0.38,0,1,1,0.74,0,0,0,0.74,0.38,0,1,1,0.74,0,0,0,0.74,0.38,0,1,1,0.74,0,0,0,0.74,0.38,0,1,1,0.74,0,0,0,0.74,0.38,0,1,1,0.74,0,0,0,0.74,0.38,0,1,1,0.74,0,0,0,0.74,0.38,0,1,1,0.74,0,0,0,0.74,0.38,0,1,1,0.74
98,48.5919,0,0,0,0.74,0.37,0,1,1,0.74,0,0,0,0.74,0.37,0,1,1,0.74,0,0,0,0.74,0.37,0,1,1,0.74,0,0,0,0.74,0.37,0,1,1,0.74,0,0,0,0.74,0.37,0,1,1,0.74,0,0,0,0.74,0.37,0,1,1,0.74,0,0,0,0.74,0.37,0,1,1,0.74,0,0,0,0.74,0.37,0,1,1,0.74,0,0,0,0.74,0.37,0,1,1,0.74
99,50.3881,0,0,0,0.73,0.37,0,1,1,0.73,0,0,0,0.73,0.37,0,1,1,0.73,0,0,0,0.73,0.37,0,1,1,0.73,0,0,0,0.73,0.37,0,1,1,0.73,0,0,0,0.73,0.37,0,1,1,0.73,0,0,0,0.73,0.37,0,1,1,0.73,0,0,0,0.73,0.37,0,1,1,0.73,0,0,0,0.73,0.37,0,1,1,0.73,0,0,0,0.73,0.37,0,1,1,0.73
100,52.2486,0,0,0,0.72,0.36,0,1,1,0.73,0,0,0,0.72,0.36,0,1,1,0.73,0,0,0,0.72,0.36,0,1,1,0.73,0,0,0,0.72,0.36,0,1,1,0.73,0,0,0,0.72,0.36,0,1,1,0.73,0,0,0,0.72,0.36,0,1,1,0.73,0,0,0,0.72,0.36,0,1,1,0.73,0,0,0,0.72,0.36,0,1,1,0.73,0,0,0,0.72,0.36,0,1,1,0.73
101,54.1757,0,0,0,0.72,0.36,0,1,1,0.72,0,0,0,0.72,0.36,0,1,1,0.72,0,0,0,0.72,0.36,0,1,1,0.72,0,0,0,0.72,0.36,0,1,1,0.72,0,0,0,0.72,0.36,0,1,1,0.72,0,0,0,0.72,0.36,0,1,1,0.72,0,0,0,0.72,0.36,0,1,1,0.72,0,0,0,0.72,0.36,0,1,1,0.72,0,0,0,0.72,0.36,0,1,1,0.72
102,56.1718,0,0,0,0.72,0.36,0,1,1,0.72,0,0,0,0.72,0.36,0,1,1,0.72,0,0,0,0.72,0.36,0,1,1,0.72,0,0,0,0.72,0.36,0,1,1,0.72,0,0,0,0.72,0.36,0,1,1,0.72,0,0,0,0.72,0.36,0,1,1,0.72,0,0,0,0.72,0.36,0,1,1,0.72,0,0,0,0.72,0.36,0,1,1,0.72,0,0,0,0.72,0.36,0,1,1,0.72
103,58.2393,0,0,0,0.72,0.36,0,1,1,0.72,0,0,0,0.72,0.36,0,1,1,0.72,0,0,0,0.72,0.36,0,1,1,0.72,0,0,0,0.72,0.36,0,1,1,0.72,0,0,0,0.72,0.36,0,1,1,0.72,0,0,0,0.72,0.36,0,1,1,0.72,0,0,0,0.72,0.36,0,1,1,0.72,0,0,0,0.72,0.36,0,1,1,0.72,0,0,0,0.72,0.36,0,1,1,0.72
104,60.3807,0,0,0,0.72,0.36,0,1,1,0.72,0,0,0,0.72,0.36,0,1,1,0.72,0,0,0,0.72,0.36,0,1,1,0.72,0,0,0,0.72,0.36,0,1,1,0.72,0,0,0,0.72,0.36,0,1,1,0.72,0,0,0,0.72,0.36,0,1,1,0.72,0,0,0,0.72,0.36,0,1,1,0.72,0,0,0,0.72,0.36,0,1,1,0.72,0,0,0,0.72,0.36,0,1,1,0.72
105,62.5989,0,0,0,0.72,0.36,0,1,1,0.72,0,0,0,0.72,0.36,0,1,1,0.72,0,0,0,0.72,0.36,0,1,1,0.72,0,0,0,0.72,0.36,0,1,1,0.72,0,0,0,0.72,0.36,0,1,1,0.72,0,0,0,0.72,0.36,0,1,1,0.72,0,0,0,0.72,0.36,0,1,1,0.72,0,0,0,0.72,0.36,0,1,1,0.72,0,0,0,0.72,0.36,0,1,1,0.72
106,64.8964,0,0,0,0.71,0.36,0,1,1,0.72,0,0,0,0.71,0.36,0,1,1,0.72,0,0,0,0.71,0.36,0,1,1,0.72,0,0,0,0.71,0.36,0,1,1,0.72,0,0,0,0.71,0.36,0,1,1,0.72,0,0,0,0.71,0.36,0,1,1,0.72,0,0,0,0.71,0.36,0,1,1,0.72,0,0,0,0.71,0.36,0,1,1,0.72,0,0,0,0.71,0.36,0,1,1,0.72
107,67.2761,0,0,0,0.71,0.36,0,1,1,0.71,0,0,0,0.71,0.36,0,1,1,0.71,0,0,0,0.71,0.36,0,1,1,0.71,0,0,0,0.71,0.36,0,1,1,0.71,0,0,0,0.71,0.36,0,1,1,0.71,0,0,0,0.71,0.36,0,1,1,0.71,0,0,0,0.71,0.36,0,1,1,0.71,0,0,0,0.71,0.36,0,1,1,0.71,0,0,0,0.71,0.36,0,1,1,0.71
108,69.741,0,0,0,0.71,0.36,0,1,1,0.71,0,0,0,0.71,0.36,0,1,1,0.71,0,0,0,0.71,0.36,0,1,1,0.71,0,0,0,0.71,0.36,0,1,1,0.71,0,0,0,0.71,0.36,0,1,1,0.71,0,0,0,0.71,0.36,0,1,1,0.71,0,0,0,0.71,0.36,0,1,1,0.71,0,0,0,0.71,0.36,0,1,1,0.71,0,0,0,0.71,0.36,0,1,1,0.71
109,72.2941,0,0,0,0.71,0.36,0,1,1,0.71,0,0,0,0.71,0.36,0,1,1,0.71,0,0,0,0.71,0.36,0,1,1,0.71,0,0,0,0.71,0.36,0,1,1,0.71,0,0,0,0.71,0.36,0,1,1,0.71,0,0,0,0.71,0.36,0,1,1,0.71,0,0,0,0.71,0.36,0,1,1,0.71,0,0,0,0.71,0.36,0,1,1,0.71,0,0,0,0.71,0.36,0,1,1,0.71
110,74.9385,0,0,0,0.7,0.36,0,1,1,0.71,0,0,0,0.7,0.36,0,1,1,0.71,0,0,0,0.7,0.36,0,1,1,0.71,0,0,0,0.7,0.36,0,1,1,0.71,0,0,0,0.7,0.36,0,1,1,0.71,0,0,0,0.7,0.36,0,1,1,0.71,0,0,0,0.7,0.36,0,1,1,0.71,0,0,0,0.7,0.36,0,1,1,0.71,0,0,0,0.7,0.36,0,1,1,0.71
111,77.6776,0,0,0,0.7,0.36,0,1,1,0.71,0,0,0,0.7,0.36,0,1,1,0.71,0,0,0,0.7,0.36,0,1,1,0.71,0,0,0,0.7,0.36,0,1,1,0.71,0,0,0,0.7,0.36,0,1,1,0.71,0,0,0,0.7,0.36,0,1,1,0.71,0,0,0,0.7,0.36,0,1,1,0.71,0,0,0,0.7,0.36,0,1,1,0.71,0,0,0,0.7,0.36,0,1,1,0.71
112,80.5147,0,0,0,0.7,0.36,0.01,1,0.79,0.7,0,0,0,0.7,0.36,0.01,1,0.79,0.7,0,0,0,0.7,0.36,0.01,1,0.79,0.7,0,0,0,0.7,0.36,0.01,1,0.79,0.7,0,0,0,0.7,0.36,0.01,1,0.79,0.7,0,0,0,0.7,0.36,0.01,1,0.79,0.7,0,0,0,0.7,0.36,0.01,1,0.79,0.7,0,0,0,0.7,0.36,0.01,1,0.79,0.7,0,0,0,0.7,0.36,0.01,1,0.79,0.7
113,83.4534,0,0,0,0.7,0.36,0.01,0.79,0.78,0.7,0,0,0,0.7,0.36,0.01,0.79,0.78,0.7,0,0,0,0.7,0.36,0.01,0.79,0.78,0.7,0,0,0,0.7,0.36,0.01,0.79,0.78,0.7,0,0,0,0.7,0.36,0.01,0.79,0.78,0.7,0,0,0,0.7,0.36,0.01,0.79,0.78,0.7,0,0,0,0.7,0.36,0.01,0.79,0.78,0.7,0,0,0,0.7,0.36,0.01,0.79,0.78,0.7,0,0,0,0.7,0.36,0.01,0.79,0.78,0.7
114,86.4972,0.01,0,0,0.69,0.36,0.01,0.78,0.78,0.7,0.01,0,0,0.69,0.36,0.01,0.78,0.78,0.7,0.01,0,0,0.69,0.36,0.01,0.78,0.78,0.7,0.01,0,0,0.69,0.36,0.01,0.78,0.78,0.7,0.01,0,0,0.69,0.36,0.01,0.78,0.78,0.7,0.01,0,0,0.69,0.36,0.01,0.78,0.78,0.7,0.01,0,0,0.69,0.36,0.01,0.78,0.78,0.7,0.01,0,0,0.69,0.36,0.01,0.78,0.78,0.7,0.01,0,0,0.69,0.36,0.01,0.78,0.78,0.7
115,89.65,0.01,0,0,0.69,0.36,0.01,0.78,0.77,0.69,0.01,0,0,0.69,0.36,0.01,0.78,0.77,0.69,0.01,0,0,0.69,0.36,0.01,0.78,0.77,0.69,0.01,0,0,0.69,0.36,0.01,0.78,0.77,0.69,0.01,0,0,0.69,0.36,0.01,0.78,0.77,0.69,0.01,0,0,0.69,0.36,0.01,0.78,0.77,0.69,0.01,0,0,0.69,0.36,0.01,0.78,0.77,0.69,0.01,0,0,0.69,0.36,0.01,0.78,0.77,0.69,0.01,0,0,0.69,0.36,0.01,0.78,0.77,0.69
116,92.9156,0.01,0,0,0.69,0.36,0.02,0.77,0.77,0.69,0.01,0,0,0.69,0.36,0.02,0.77,0.77,0.69,0.01,0,0,0.69,0.36,0.02,0.77,0.77,0.69,0.01,0,0,0.69,0.36,0.02,0.77,0.77,0.69,0.01,0,0,0.69,0.36,0.02,0.77,0.77,0.69,0.01,0,0,0.69,0.36,0.02,0.77,0.77,0.69,0.01,0,0,0.69,0.36,0.02,0.77,0.77,0.69,0.01,0,0,0.69,0.36,0.02,0.77,0.77,0.69,0.01,0,0,0.69,0.36,0.02,0.77,0.77,0.69
117,96.298,0.01,0,0,0.68,0.36,0.02,0.77,0.77,0.68,0.01,0,0,0.68,0.36,0.02,0.77,0.77,0.68,0.01,0,0,0.68,0.36,0.02,0.77,0.77,0.68,0.01,0,0,0.68,0.36,0.02,0.77,0.77,0.68,0.01,0,0,0.68,0.36,0.02,0.77,0.77,0.68,0.01,0,0,0.68,0.36,0.02,0.77,0.77,0.68,0.01,0,0,0.68,0.36,0.02,0.77,0.77,0.68,0.01,0,0,0.68,0.36,0.02,0.77,0.77,0.68,0.01,0,0,0.68,0.36,0.02,0.77,0.77,0.68
118,99.8015,0.01,0,0,0.68,0.36,0.02,0.77,0.77,0.68,0.01,0,0,0.68,0.36,0.02,0.77,0.77,0.68,0.01,0,0,0.68,0.36,0.02,0.77,0.77,0.68,0.01,0,0,0.68,0.36,0.02,0.77,0.77,0.68,0.01,0,0,0.68,0.36,0.02,0.77,0.77,0.68,0.01,0,0,0.68,0.36,0.02,0.77,0.77,0.68,0.01,0,0,0.68,0.36,0.02,0.77,0.77,0.68,0.01,0,0,0.68,0.36,0.02,0.77,0.77,0.68,0.01,0,0,0.68,0.36,0.02,0.77,0.77,0.68
119,103.43,0.02,0,0,0.68,0.36,0.02,0.77,0.77,0.68,0.02,0,0,0.68,0.36,0.02,0.77,0.77,0.68,0.02,0,0,0.68,0.36,0.02,0.77,0.77,0.68,0.02,0,0,0.68,0.36,0.02,0.77,0.77,0.68,0.02,0,0,0.68,0.36,0.02,0.77,0.77,0.68,0.02,0,0,0.68,0.36,0.02,0.77,0.77,0.68,0.02,0,0,0.68,0.36,0.02,0.77,0.77,0.68,0.02,0,0,0.68,0.36,0.02,0.77,0.77,0.68,0.02,0,0,0.68,0.36,0.02,0.77,0.77,0.68
120,107.189,0.02,0,0,0.67,0.36,0.02,0.77,0.77,0.67,0.02,0,0,0.67,0.36,0.02,0.77,0.77,0.67,0.02,0,0,0.67,0.36,0.02,0.77,0.77,0.67,0.02,0,0,0.67,0.36,0.02,0.77,0.77,0.67,0.02,0,0,0.67,0.36,0.02,0.77,0.77,0.67,0.02,0,0,0.67,0.36,0.02,0.77,0.77,0.67,0.02,0,0,0.67,0.36,0.02,0.77,0.77,0.67,0.02,0,0,0.67,0.36,0.02,0.77,0.77,0.67,0.02,0,0,0.67,0.36,0.02,0.77,0.77,0.67
121,111.082,0.02,0,0,0.67,0.36,0.03,0.77,0.77,0.67,0.02,0,0,0.67,0.36,0.03,0.77,0.77,0.67,0.02,0,0,0.67,0.36,0.03,0.77,0.77,0.67,0.02,0,0,0.67,0.36,0.03,0.77,0.77,0.67,0.02,0,0,0.67,0.36,0.03,0.77,0.77,0.67,0.02,0,0,0.67,0.36,0.03,0.77,0.77,0.67,0.02,0,0,0.67,0.36,0.03,0.77,0.77,0.67,0.02,0,0,0.67,0.36,0.03,0.77,0.77,0.67,0.02,0,0,0.67,0.36,0.03,0.77,0.77,0.67
122,115.115,0.02,0,0,0.67,0.36,0.03,0.77,0.77,0.67,0.02,0,0,0.67,0.36,0.03,0.77,0.77,0.67,0.02,0,0,0.67,0.36,0.03,0.77,0.77,0.67,0.02,0,0,0.67,0.36,0.03,0.77,0.77,0.67,0.02,0,0,0.67,0.36,0.03,0.77,0.77,0.67,0.02,0,0,0.67,0.36,0.03,0.77,0.77,0.67,0.02,0,0,0.67,0.36,0.03,0.77,0.77,0.67,0.02,0,0,0.67,0.36,0.03,0.77,0.77,0.67,0.02,0,0,0.67,0.36,0.03,0.77,0.77,0.67
123,119.292,0.03,0,0,0.67,0.36,0.03,0.77,0.77,0.66,0.03,0,0,0.67,0.36,0.03,0.77,0.77,0.66,0.03,0,0,0.67,0.36,0.03,0.77,0.77,0.66,0.03,0,0,0.67,0.36,0.03,0.77,0.77,0.66,0.03,0,0,0.67,0.36,0.03,0.77,0.77,0.66,0.03,0,0,0.67,0.36,0.03,0.77,0.77,0.66,0.03,0,0,0.67,0.36,0.03,0.77,0.77,0.66,0.03,0,0,0.67,0.36,0.03,0.77,0.77,0.66,0.03,0,0,0.67,0.36,0.03,0.77,0.77,0.66
124,123.618,0.03,0,0,0.66,0.35,0.03,0.77,0.77,0.66,0.03,0,0,0.66,0.35,0.03,0.77,0.77,0.66,0.03,0,0,0.66,0.35,0.03,0.77,0.77,0.66,0.03,0,0,0.66,0.35,0.03,0.77,0.77,0.66,0.03,0,0,0.66,0.35,0.03,0.77,0.77,0.66,0.03,0,0,0.66,0.35,0.03,0.77,0.77,0.66,0.03,0,0,0.66,0.35,0.03,0.77,0.77,0.66,0.03,0,0,0.66,0.35,0.03,0.77,0.77,0.66,0.03,0,0,0.66,0.35,0.03,0.77,0.77,0.66
125,128.099,0.03,0,0,0.66,0.35,0.04,0.77,0.77,0.66,0.03,0,0,0.66,0.35,0.04,0.77,0.77,0.66,0.03,0,0,0.66,0.35,0.04,0.77,0.77,0.66,0.03,0,0,0.66,0.35,0.04,0.77,0.77,0.66,0.03,0,0,0.66,0.35,0.04,0.77,0.77,0.66,0.03,0,0,0.66,0.35,0.04,0.77,0.77,0.66,0.03,0,0,0.66,0.35,0.04,0.77,0.77,0.66,0.03,0,0,0.66,0.35,0.04,0.77,0.77,0.66,0.03,0,0,0.66,0.35,0.04,0.77,0.77,0.66
126,132.741,0.03,0,0,0.66,0.35,0.04,0.77,0.77,0.66,0.03,0,0,0.66,0.35,0.04,0.77,0.77,0.66,0.03,0,0,0.66,0.35,0.04,0.77,0.77,0.66,0.03,0,0,0.66,0.35,0.04,0.77,0.77,0.66,0.03,0,0,0.66,0.35,0.04,0.77,0.77,0.66,0.03,0,0,0.66,0.35,0.04,0.77,0.77,0.66,0.03,0,0,0.66,0.35,0.04,0.77,0.77,0.66,0.03,0,0,0.66,0.35,0.04,0.77,0.77,0.66,0.03,0,0,0.66,0.35,0.04,0.77,0.77,0.66
127,137.549,0.04,0,0,0.66,0.35,0.04,0.77,0.76,0.66,0.04,0,0,0.66,0.35,0.04,0.77,0.76,0.66,0.04,0,0,0.66,0.35,0.04,0.77,0.76,0.66,0.04,0,0,0.66,0.35,0.04,0.77,0.76,0.66,0.04,0,0,0.66,0.35,0.04,0.77,0.76,0.66,0.04,0,0,0.66,0.35,0.04,0.77,0.76,0.66,0.04,0,0,0.66,0.35,0.04,0.77,0.76,0.66,0.04,0,0,0.66,0.35,0.04,0.77,0.76,0.66,0.04,0,0,0.66,0.35,0.04,0.77,0.76,0.66
128,142.529,0.04,0,0,0.65,0.35,0.04,0.77,0.76,0.65,0.04,0,0,0.65,0.35,0.04,0.77,0.76,0.65,0.04,0,0,0.65,0.35,0.04,0.77,0.76,0.65,0.04,0,0,0.65,0.35,0.04,0.77,0.76,0.65,0.04,0,0,0.65,0.35,0.04,0.77,0.76,0.65,0.04,0,0,0.65,0.35,0.04,0.77,0.76,0.65,0.04,0,0,0.65,0.35,0.04,0.77,0.76,0.65,0.04,0,0,0.65,0.35,0.04,0.77,0.76,0.65,0.04,0,0,0.65,0.35,0.04,0.77,0.76,0.65
129,147.686,0.04,0,0,0.65,0.35,0.05,0.77,0.76,0.65,0.04,0,0,0.65,0.35,0.05,0.77,0.76,0.65,0.04,0,0,0.65,0.35,0.05,0.77,0.76,0.65,0.04,0,0,0.65,0.35,0.05,0.77,0.76,0.65,0.04,0,0,0.65,0.35,0.05,0.77,0.76,0.65,0.04,0,0,0.65,0.35,0.05,0.77,0.76,0.65,0.04,0,0,0.65,0.35,0.05,0.77,0.76,0.65,0.04,0,0,0.65,0.35,0.05,0.77,0.76,0.65,0.04,0,0,0.65,0.35,0.05,0.77,0.76,0.65
130,153.029,0.04,0,0,0.65,0.34,0.05,0.77,0.76,0.65,0.04,0,0,0.65,0.34,0.05,0.77,0.76,0.65,0.04,0,0,0.65,0.34,0.05,0.77,0.76,0.65,0.04,0,0,0.65,0.34,0.05,0.77,0.76,0.65,0.04,0,0,0.65,0.34,0.05,0.77,0.76,0.65,0.04,0,0,0.65,0.34,0.05,0.77,0.76,0.65,0.04,0,0,0.65,0.34,0.05,0.77,0.76,0.65,0.04,0,0,0.65,0.34,0.05,0.77,0.76,0.65,0.04,0,0,0.65,0.34,0.05,0.77,0.76,0.65
131,158.563,0.05,0,0,0.65,0.34,0.05,0.77,0.76,0.65,0.05,0,0,0.65,0.34,0.05,0.77,0.76,0.65,0.05,0,0,0.65,0.34,0.05,0.77,0.76,0.65,0.05,0,0,0.65,0.34,0.05,0.77,0.76,0.65,0.05,0,0,0.65,0.34,0.05,0.77,0.76,0.65,0.05,0,0,0.65,0.34,0.05,0.77,0.76,0.65,0.05,0,0,0.65,0.34,0.05,0.77,0.76,0.65,0.05,0,0,0.65,0.34,0.05,0.77,0.76,0.65,0.05,0,0,0.65,0.34,0.05,0.77,0.76,0.65
132,164.295,0.05,0,0,0.65,0.34,0.05,0.76,0.76,0.65,0.05,0,0,0.65,0.34,0.05,0.76,0.76,0.65,0.05,0,0,0.65,0.34,0.05,0.76,0.76,0.65,0.05,0,0,0.65,0.34,0.05,0.76,0.76,0.65,0.05,0,0,0.65,0.34,0.05,0.76,0.76,0.65,0.05,0,0,0.65,0.34,0.05,0.76,0.76,0.65,0.05,0,0,0.65,0.34,0.05,0.76,0.76,0.65,0.05,0,0,0.65,0.34,0.05,0.76,0.76,0.65,0.05,0,0,0.65,0.34,0.05,0.76,0.76,0.65
133,170.231,0.05,0,0,0.64,0.34,0.05,0.76,0.75,0.64,0.05,0,0,0.64,0.34,0.05,0.76,0.75,0.64,0.05,0,0,0.64,0.34,0.05,0.76,0.75,0.64,0.05,0,0,0.64,0.34,0.05,0.76,0.75,0.64,0.05,0,0,0.64,0.34,0.05,0.76,0.75,0.64,0.05,0,0,0.64,0.34,0.05,0.76,0.75,0.64,0.05,0,0,0.64,0.34,0.05,0.76,0.75,0.64,0.05,0,0,0.64,0.34,0.05,0.76,0.75,0.64,0.05,0,0,0.64,0.34,0.05,0.76,0.75,0.64
134,176.381,0.05,0,0,0.64,0.33,0.05,0.76,0.75,0.64,0.05,0,0,0.64,0.33,0.05,0.76,0.75,0.64,0.05,0,0,0.64,0.33,0.05,0.76,0.75,0.64,0.05,0,0,0.64,0.33,0.05,0.76,0.75,0.64,0.05,0,0,0.64,0.33,0.05,0.76,0.75,0.64,0.05,0,0,0.64,0.33,0.05,0.76,0.75,0.64,0.05,0,0,0.64,0.33,0.05,0.76,0.75,0.64,0.05,0,0,0.64,0.33,0.05,0.76,0.75,0.64,0.05,0,0,0.64,0.33,0.05,0.76,0.75,0.64
135,182.75,0.05,0,0,0.64,0.33,0.06,0.76,0.74,0.64,0.05,0,0,0.64,0.33,0.06,0.76,0.74,0.64,0.05,0,0,0.64,0.33,0.06,0.76,0.74,0.64,0.05,0,0,0.64,0.33,0.06,0.76,0.74,0.64,0.05,0,0,0.64,0.33,0.06,0.76,0.74,0.64,0.05,0,0,0.64,0.33,0.06,0.76,0.74,0.64,0.05,0,0,0.64,0.33,0.06,0.76,0.74,0.64,0.05,0,0,0.64,0.33,0.06,0.76,0.74,0.64,0.05,0,0,0.64,0.33,0.06,0.76,0.74,0.64
136,189.348,0.05,0,0,0.64,0.33,0.06,0.75,0.74,0.64,0.05,0,0,0.64,0.33,0.06,0.75,0.74,0.64,0.05,0,0,0.64,0.33,0.06,0.75,0.74,0.64,0.05,0,0,0.64,0.33,0.06,0.75,0.74,0.64,0.05,0,0,0.64,0.33,0.06,0.75,0.74,0.64,0.05,0,0,0.64,0.33,0.06,0.75,0.74,0.64,0.05,0,0,0.64,0.33,0.06,0.75,0.74,0.64,0.05,0,0,0.64,0.33,0.06,0.75,0.74,0.64,0.05,0,0,0.64,0.33,0.06,0.75,0.74,0.64
137,196.181,0.06,0,0,0.64,0.32,0.06,0.75,0.73,0.64,0.06,0,0,0.64,0.32,0.06,0.75,0.73,0.64,0.06,0,0,0.64,0.32,0.06,0.75,0.73,0.64,0.06,0,0,0.64,0.32,0.06,0.75,0.73,0.64,0.06,0,0,0.64,0.32,0.06,0.75,0.73,0.64,0.06,0,0,0.64,0.32,0.06,0.75,0.73,0.64,0.06,0,0,0.64,0.32,0.06,0.75,0.73,0.64,0.06,0,0,0.64,0.32,0.06,0.75,0.73,0.64,0.06,0,0,0.64,0.32,0.06,0.75,0.73,0.64
138,203.259,0.06,0,0,0.63,0.32,0.06,0.74,0.72,0.64,0.06,0,0,0.63,0.32,0.06,0.74,0.72,0.64,0.06,0,0,0.63,0.32,0.06,0.74,0.72,0.64,0.06,0,0,0.63,0.32,0.06,0.74,0.72,0.64,0.06,0,0,0.63,0.32,0.06,0.74,0.72,0.64,0.06,0,0,0.63,0.32,0.06,0.74,0.72,0.64,0.06,0,0,0.63,0.32,0.06,0.74,0.72,0.64,0.06,0,0,0.63,0.32,0.06,0.74,0.72,0.64,0.06,0,0,0.63,0.32,0.06,0.74,0.72,0.64
139,210.59,0.06,0,0,0.63,0.32,0.06,0.73,0.71,0.63,0.06,0,0,0.63,0.32,0.06,0.73,0.71,0.63,0.06,0,0,0.63,0.32,0.06,0.73,0.71,0.63,0.06,0,0,0.63,0.32,0.06,0.73,0.71,0.63,0.06,0,0,0.63,0.32,0.06,0.73,0.71,0.63,0.06,0,0,0.63,0.32,0.06,0.73,0.71,0.63,0.06,0,0,0.63,0.32,0.06,0.73,0.71,0.63,0.06,0,0,0.63,0.32,0.06,0.73,0.71,0.63,0.06,0,0,0.63,0.32,0.06,0.73,0.71,0.63
140,218.184,0.06,0,0,0.45,0.31,0.06,0.72,0.69,0.63,0.06,0,0,0.45,0.31,0.06,0.72,0.69,0.63,0.06,0,0,0.45,0.31,0.06,0.72,0.69,0.63,0.06,0,0,0.45,0.31,0.06,0.72,0.69,0.63,0.06,0,0,0.45,0.31,0.06,0.72,0.69,0.63,0.06,0,0,0.45,0.31,0.06,0.72,0.69,0.63,0.06,0,0,0.45,0.31,0.06,0.72,0.69,0.63,0.06,0,0,0.45,0.31,0.06,0.72,0.69,0.63,0.06,0,0,0.45,0.31,0.06,0.72,0.69,0.63
141,226.05,0.06,0,0,0.45,0.31,0.07,0.71,0.68,0.63,0.06,0,0,0.45,0.31,0.07,0.71,0.68,0.63,0.06,0,0,0.45,0.31,0.07,0.71,0.68,0.63,0.06,0,0,0.45,0.31,0.07,0.71,0.68,0.63,0.06,0,0,0.45,0.31,0.07,0.71,0.68,0.63,0.06,0,0,0.45,0.31,0.07,0.71,0.68,0.63,0.06,0,0,0.45,0.31,0.07,0.71,0.68,0.63,0.06,0,0,0.45,0.31,0.07,0.71,0.68,0.63,0.06,0,0,0.45,0.31,0.07,0.71,0.68,0.63
142,234.197,0.06,0,0,0.45,0.31,0.07,0.7,0.68,0.63,0.06,0,0,0.45,0.31,0.07,0.7,0.68,0.63,0.06,0,0,0.45,0.31,0.07,0.7,0.68,0.63,0.06,0,0,0.45,0.31,0.07,0.7,0.68,0.63,0.06,0,0,0.45,0.31,0.07,0.7,0.68,0.63,0.06,0,0,0.45,0.31,0.07,0.7,0.68,0.63,0.06,0,0,0.45,0.31,0.07,0.7,0.68,0.63,0.06,0,0,0.45,0.31,0.07,0.7,0.68,0.63,0.06,0,0,0.45,0.31,0.07,0.7,0.68,0.63
143,242.635,0.07,0,0,0.45,0.31,0.07,0.7,0.67,0.63,0.07,0,0,0.45,0.31,0.07,0.7,0.67,0.63,0.07,0,0,0.45,0.31,0.07,0.7,0.67,0.63,0.07,0,0,0.45,0.31,0.07,0.7,0.67,0.63,0.07,0,0,0.45,0.31,0.07,0.7,0.67,0.63,0.07,0,0,0.45,0.31,0.07,0.7,0.67,0.63,0.07,0,0,0.45,0.31,0.07,0.7,0.67,0.63,0.07,0,0,0.45,0.31,0.07,0.7,0.67,0.63,0.07,0,0,0.45,0.31,0.07,0.7,0.67,0.63
144,251.376,0.07,0,0,0.45,0.3,0.07,0.76,0.68,0.63,0.07,0,0,0.45,0.3,0.07,0.76,0.68,0.63,0.07,0,0,0.45,0.3,0.07,0.76,0.68,0.63,0.07,0,0,0.45,0.3,0.07,0.76,0.68,0.63,0.07,0,0,0.45,0.3,0.07,0.76,0.68,0.63,0.07,0,0,0.45,0.3,0.07,0.76,0.68,0.63,0.07,0,0,0.45,0.3,0.07,0.76,0.68,0.63,0.07,0,0,0.45,0.3,0.07,0.76,0.68,0.63,0.07,0,0,0.45,0.3,0.07,0.76,0.68,0.63
145,260.429,0.07,0,0,0.45,0.3,0.07,0.79,0.78,0.45,0.07,0,0,0.45,0.3,0.07,0.79,0.78,0.45,0.07,0,0,0.45,0.3,0.07,0.79,0.78,0.45,0.07,0,0,0.45,0.3,0.07,0.79,0.78,0.45,0.07,0,0,0.45,0.3,0.07,0.79,0.78,0.45,0.07,0,0,0.45,0.3,0.07,0.79,0.78,0.45,0.07,0,0,0.45,0.3,0.07,0.79,0.78,0.45,0.07,0,0,0.45,0.3,0.07,0.79,0.78,0.45,0.07,0,0,0.45,0.3,0.07,0.79,0.78,0.45
146,269.806,0.07,0,0,0.45,0.3,0.07,0.81,0.8,0.62,0.07,0,0,0.45,0.3,0.07,0.81,0.8,0.62,0.07,0,0,0.45,0.3,0.07,0.81,0.8,0.62,0.07,0,0,0.45,0.3,0.07,0.81,0.8,0.62,0.07,0,0,0.45,0.3,0.07,0.81,0.8,0.62,0.07,0,0,0.45,0.3,0.07,0.81,0.8,0.62,0.07,0,0,0.45,0.3,0.07,0.81,0.8,0.62,0.07,0,0,0.45,0.3,0.07,0.81,0.8,0.62,0.07,0,0,0.45,0.3,0.07,0.81,0.8,0.62
147,279.519,0.07,0,0,0.45,0.3,0.07,1,1,0.63,0.07,0,0,0.45,0.3,0.07,1,1,0.63,0.07,0,0,0.45,0.3,0.07,1,1,0.63,0.07,0,0,0.45,0.3,0.07,1,1,0.63,0.07,0,0,0.45,0.3,0.07,1,1,0.63,0.07,0,0,0.45,0.3,0.07,1,1,0.63,0.07,0,0,0.45,0.3,0.07,1,1,0.63,0.07,0,0,0.45,0.3,0.07,1,1,0.63,0.07,0,0,0.45,0.3,0.07,1,1,0.63
148,289.579,0.07,0,0,0.63,0.29,0.07,1,1,0.64,0.07,0,0,0.63,0.29,0.07,1,1,0.64,0.07,0,0,0.63,0.29,0.07,1,1,0.64,0.07,0,0,0.63,0.29,0.07,1,1,0.64,0.07,0,0,0.63,0.29,0.07,1,1,0.64,0.07,0,0,0.63,0.29,0.07,1,1,0.64,0.07,0,0,0.63,0.29,0.07,1,1,0.64,0.07,0,0,0.63,0.29,0.07,1,1,0.64,0.07,0,0,0.63,0.29,0.07,1,1,0.64
149,300,0.07,0,0,0.8,0.3,0.07,1,1,0.81,0.07,0,0,0.8,0.3,0.07,1,1,0.81,0.07,0,0,0.8,0.3,0.07,1,1,0.81,0.07,0,0,0.8,0.3,0.07,1,1,0.81,0.07,0,0,0.8,0.3,0.07,1,1,0.81,0.07,0,0,0.8,0.3,0.07,1,1,0.81,0.07,0,0,0.8,0.3,0.07,1,1,0.81,0.07,0,0,0.8,0.3,0.07,1,1,0.81,0.07,0,0,0.8,0.3,0.07,1,1,0.81
