gridnumber,capital,VF[0 0 00],VF[0 0 01],VF[0 0 02],VF[0 0 10],VF[0 0 11],VF[0 0 12],VF[0 0 20],VF[0 0 21],VF[0 0 22],VF[0 1 00],VF[0 1 01],VF[0 1 02],VF[0 1 10],VF[0 1 11],VF[0 1 12],VF[0 1 20],VF[0 1 21],VF[0 1 22],VF[0 2 00],VF[0 2 01],VF[0 2 02],VF[0 2 10],VF[0 2 11],VF[0 2 12],VF[0 2 20],VF[0 2 21],VF[0 2 22],VF[1 0 00],VF[1 0 01],VF[1 0 02],VF[1 0 10],VF[1 0 11],VF[1 0 12],VF[1 0 20],VF[1 0 21],VF[1 0 22],VF[1 1 00],VF[1 1 01],VF[1 1 02],VF[1 1 10],VF[1 1 11],VF[1 1 12],VF[1 1 20],VF[1 1 21],VF[1 1 22],VF[1 2 00],VF[1 2 01],VF[1 2 02],VF[1 2 10],VF[1 2 11],VF[1 2 12],VF[1 2 20],VF[1 2 21],VF[1 2 22],VF[2 0 00],VF[2 0 01],VF[2 0 02],VF[2 0 10],VF[2 0 11],VF[2 0 12],VF[2 0 20],VF[2 0 21],VF[2 0 22],VF[2 1 00],VF[2 1 01],VF[2 1 02],VF[2 1 10],VF[2 1 11],VF[2 1 12],VF[2 1 20],VF[2 1 21],VF[2 1 22],VF[2 2 00],VF[2 2 01],VF[2 2 02],VF[2 2 10],VF[2 2 11],VF[2 2 12],VF[2 2 20],VF[2 2 21],VF[2 2 22]
0,0,-8.64422,-8.64422,-8.64422,-8.06224,-8.06224,-8.06224,-7.57055,-7.57055,-7.57055,-8.64422,-8.64422,-8.64422,-8.06224,-8.06224,-8.06224,-7.57055,-7.57055,-7.57055,-8.64422,-8.64422,-8.64422,-8.06224,-8.06224,-8.06224,-7.57055,-7.57055,-7.57055,-8.64422,-8.64422,-8.64422,-8.06224,-8.06224,-8.06224,-7.57055,-7.57055,-7.57055,-8.64422,-8.64422,-8.64422,-8.06224,-8.06224,-8.06224,-7.57055,-7.57055,-7.57055,-8.64422,-8.64422,-8.64422,-8.06224,-8.06224,-8.06224,-7.57055,-7.57055,-7.57055,-8.64422,-8.64422,-8.64422,-8.06224,-8.06224,-8.06224,-7.57055,-7.57055,-7.57055,-8.64422,-8.64422,-8.64422,-8.06224,-8.06224,-8.06224,-7.57055,-7.57055,-7.57055,-8.64422,-8.64422,-8.64422,-8.06224,-8.06224,-8.06224,-7.57055,-7.57055,-7.57055
1,0.0685139,-8.42853,-8.42853,-8.42853,-7.92144,-7.92144,-7.92144,-7.46449,-7.46449,-7.46449,-8.42853,-8.42853,-8.42853,-7.92144,-7.92144,-7.92144,-7.46449,-7.46449,-7.46449,-8.42853,-8.42853,-8.42853,-7.92144,-7.92144,-7.92144,-7.46449,-7.46449,-7.46449,-8.42853,-8.42853,-8.42853,-7.92144,-7.92144,-7.92144,-7.46449,-7.46449,-7.46449,-8.42853,-8.42853,-8.42853,-7.92144,-7.92144,-7.92144,-7.46449,-7.46449,-7.46449,-8.42853,-8.42853,-8.42853,-7.92144,-7.92144,-7.92144,-7.46449,-7.46449,-7.46449,-8.42853,-8.42853,-8.42853,-7.92144,-7.92144,-7.92144,-7.46449,-7.46449,-7.46449,-8.42853,-8.42853,-8.42853,-7.92144,-7.92144,-7.92144,-7.46449,-7.46449,-7.46449,-8.42853,-8.42853,-8.42853,-7.92144,-7.92144,-7.92144,-7.46449,-7.46449,-7.46449
2,0.139962,-8.25474,-8.25474,-8.25474,-7.79165,-7.79165,-7.79165,-7.36218,-7.35905,-7.35905,-8.25474,-8.25474,-8.25474,-7.79165,-7.79165,-7.79165,-7.36218,-7.35905,-7.35905,-8.25474,-8.25474,-8.25474,-7.79165,-7.79165,-7.79165,-7.36218,-7.35905,-7.35905,-8.25474,-8.25474,-8.25474,-7.79165,-7.79165,-7.79165,-7.36029,-7.35905,-7.35905,-8.25474,-8.25474,-8.25474,-7.79165,-7.79165,-7.79165,-7.36029,-7.35905,-7.35905,-8.25474,-8.25474,-8.25474,-7.79165,-7.79165,-7.79165,-7.36029,-7.35905,-7.35905,-8.25474,-8.25474,-8.25474,-7.79165,-7.79165,-7.79165,-7.35839,-7.35905,-7.35905,-8.25474,-8.25474,-8.25474,-7.79165,-7.79165,-7.79165,-7.35839,-7.35905,-7.35905,-8.25474,-8.25474,-8.25474,-7.79165,-7.79165,-7.79165,-7.35839,-7.35905,-7.35905
3,0.214469,-8.08929,-8.08929,-8.08929,-7.66385,-7.66385,-7.66385,-7.31087,-7.27133,-7.25503,-8.08929,-8.08929,-8.08929,-7.66385,-7.66385,-7.66385,-7.31087,-7.27133,-7.25503,-8.08929,-8.08929,-8.08929,-7.66385,-7.66385,-7.66385,-7.31087,-7.27133,-7.25503,-8.08929,-8.08929,-8.08929,-7.66385,-7.66385,-7.66385,-7.27434,-7.26034,-7.25503,-8.08929,-8.08929,-8.08929,-7.66385,-7.66385,-7.66385,-7.27434,-7.26034,-7.25503,-8.08929,-8.08929,-8.08929,-7.66385,-7.66385,-7.66385,-7.27434,-7.26034,-7.25503,-8.08929,-8.08929,-8.08929,-7.66385,-7.66385,-7.66385,-7.23895,-7.24935,-7.25503,-8.08929,-8.08929,-8.08929,-7.66385,-7.66385,-7.66385,-7.23895,-7.24935,-7.25503,-8.08929,-8.08929,-8.08929,-7.66385,-7.66385,-7.66385,-7.23895,-7.24935,-7.25503
4,0.292166,-7.93588,-7.93588,-7.93588,-7.53859,-7.53859,-7.53859,-7.25986,-7.21217,-7.15226,-7.93588,-7.93588,-7.93588,-7.53859,-7.53859,-7.53859,-7.25986,-7.21217,-7.15226,-7.93588,-7.93588,-7.93588,-7.53859,-7.53859,-7.53859,-7.25986,-7.21217,-7.15226,-7.93588,-7.93588,-7.93588,-7.53859,-7.53859,-7.53859,-7.18723,-7.1702,-7.15226,-7.93588,-7.93588,-7.93588,-7.53859,-7.53859,-7.53859,-7.18723,-7.1702,-7.15226,-7.93588,-7.93588,-7.93588,-7.53859,-7.53859,-7.53859,-7.18723,-7.1702,-7.15226,-7.93588,-7.93588,-7.93588,-7.53859,-7.53859,-7.53859,-7.11633,-7.12851,-7.15226,-7.93588,-7.93588,-7.93588,-7.53859,-7.53859,-7.53859,-7.11633,-7.12851,-7.15226,-7.93588,-7.93588,-7.93588,-7.53859,-7.53859,-7.53859,-7.11633,-7.12851,-7.15226
5,0.373191,-7.78944,-7.78944,-7.78944,-7.42116,-7.416,-7.416,-7.17623,-7.13712,-7.0497,-7.78944,-7.78944,-7.78944,-7.42116,-7.416,-7.416,-7.17623,-7.13712,-7.0497,-7.78944,-7.78944,-7.78944,-7.42116,-7.416,-7.416,-7.17623,-7.13712,-7.0497,-7.78944,-7.78944,-7.78944,-7.41706,-7.416,-7.416,-7.08692,-7.07406,-7.0497,-7.78944,-7.78944,-7.78944,-7.41706,-7.416,-7.416,-7.08692,-7.07406,-7.0497,-7.78944,-7.78944,-7.78944,-7.41706,-7.416,-7.416,-7.08692,-7.07406,-7.0497,-7.78944,-7.78944,-7.78944,-7.41295,-7.416,-7.416,-7.00068,-7.01132,-7.0497,-7.78944,-7.78944,-7.78944,-7.41295,-7.416,-7.416,-7.00068,-7.01132,-7.0497,-7.78944,-7.78944,-7.78944,-7.41295,-7.416,-7.416,-7.00068,-7.01132,-7.0497
6,0.457685,-7.64798,-7.64798,-7.64798,-7.31492,-7.29631,-7.29631,-7.09216,-7.05547,-6.9817,-7.64798,-7.64798,-7.64798,-7.31492,-7.29631,-7.29631,-7.09216,-7.05547,-6.9817,-7.64798,-7.64798,-7.64798,-7.31492,-7.29631,-7.29631,-7.09216,-7.05547,-6.9817,-7.64798,-7.64798,-7.64798,-7.29986,-7.29631,-7.29631,-6.98682,-6.97524,-6.95553,-7.64798,-7.64798,-7.64798,-7.29986,-7.29631,-7.29631,-6.98682,-6.97524,-6.95553,-7.64798,-7.64798,-7.64798,-7.29986,-7.29631,-7.29631,-6.98682,-6.97524,-6.95553,-7.64798,-7.64798,-7.64798,-7.28479,-7.29631,-7.29631,-6.88596,-6.89713,-6.92937,-7.64798,-7.64798,-7.64798,-7.28479,-7.29631,-7.29631,-6.88596,-6.89713,-6.92937,-7.64798,-7.64798,-7.64798,-7.28479,-7.29631,-7.29631,-6.88596,-6.89713,-6.92937
7,0.545798,-7.51019,-7.51019,-7.51019,-7.2454,-7.17831,-7.17831,-7.00729,-7.00219,-6.90389,-7.51019,-7.51019,-7.51019,-7.2454,-7.17831,-7.17831,-7.00729,-7.00219,-6.90389,-7.51019,-7.51019,-7.51019,-7.2454,-7.17831,-7.17831,-7.00729,-7.00219,-6.90389,-7.51019,-7.51019,-7.51019,-7.19083,-7.17831,-7.17831,-6.88674,-6.88517,-6.85815,-7.51019,-7.51019,-7.51019,-7.19083,-7.17831,-7.17831,-6.88674,-6.88517,-6.85815,-7.51019,-7.51019,-7.51019,-7.19083,-7.17831,-7.17831,-6.88674,-6.88517,-6.85815,-7.51019,-7.51019,-7.51019,-7.13753,-7.17831,-7.17831,-6.77196,-6.77357,-6.81308,-7.51019,-7.51019,-7.51019,-7.13753,-7.17831,-7.17831,-6.77196,-6.77357,-6.81308,-7.51019,-7.51019,-7.51019,-7.13753,-7.17831,-7.17831,-6.77196,-6.77357,-6.81308
8,0.637684,-7.37553,-7.37553,-7.37553,-7.15355,-7.06132,-7.06132,-6.92222,-6.92222,-6.81688,-7.37553,-7.37553,-7.37553,-7.15355,-7.06132,-7.06132,-6.92222,-6.92222,-6.81688,-7.37553,-7.37553,-7.37553,-7.15355,-7.06132,-7.06132,-6.92222,-6.92222,-6.81688,-7.37553,-7.37553,-7.37553,-7.07805,-7.06132,-7.06132,-6.78661,-6.78661,-6.75819,-7.37553,-7.37553,-7.37553,-7.07805,-7.06132,-7.06132,-6.78661,-6.78661,-6.75819,-7.37553,-7.37553,-7.37553,-7.07805,-7.06132,-7.06132,-6.78661,-6.78661,-6.75819,-7.37553,-7.37553,-7.37553,-7.00423,-7.06132,-7.06132,-6.65872,-6.65872,-6.70148,-7.37553,-7.37553,-7.37553,-7.00423,-7.06132,-7.06132,-6.65872,-6.65872,-6.70148,-7.37553,-7.37553,-7.37553,-7.00423,-7.06132,-7.06132,-6.65872,-6.65872,-6.70148
9,0.733504,-7.24341,-7.24341,-7.24341,-7.03276,-6.94514,-6.94514,-6.83711,-6.83711,-6.72329,-7.24341,-7.24341,-7.24341,-7.03276,-6.94514,-6.94514,-6.83711,-6.83711,-6.72329,-7.24341,-7.24341,-7.24341,-7.03276,-6.94514,-6.94514,-6.83711,-6.83711,-6.72329,-7.24341,-7.24341,-7.24341,-6.96039,-6.94514,-6.94514,-6.68669,-6.68669,-6.6567,-7.24341,-7.24341,-7.24341,-6.96039,-6.94514,-6.94514,-6.68669,-6.68669,-6.6567,-7.24341,-7.24341,-7.24341,-6.96039,-6.94514,-6.94514,-6.68669,-6.68669,-6.6567,-7.24341,-7.24341,-7.24341,-6.88904,-6.94514,-6.94514,-6.54623,-6.54623,-6.59309,-7.24341,-7.24341,-7.24341,-6.88904,-6.94514,-6.94514,-6.54623,-6.54623,-6.59309,-7.24341,-7.24341,-7.24341,-6.88904,-6.94514,-6.94514,-6.54623,-6.54623,-6.59309
10,0.833427,-7.11329,-7.11329,-7.11329,-6.92219,-6.82961,-6.82961,-6.75116,-6.75116,-6.63807,-7.11329,-7.11329,-7.11329,-6.92219,-6.82961,-6.82961,-6.75116,-6.75116,-6.63807,-7.11329,-7.11329,-7.11329,-6.92219,-6.82961,-6.82961,-6.75116,-6.75116,-6.63807,-7.11329,-7.11329,-7.11329,-6.8452,-6.82961,-6.82961,-6.58724,-6.58724,-6.55771,-7.11329,-7.11329,-7.11329,-6.8452,-6.82961,-6.82961,-6.58724,-6.58724,-6.55771,-7.11329,-7.11329,-7.11329,-6.8452,-6.82961,-6.82961,-6.58724,-6.58724,-6.55771,-7.11329,-7.11329,-7.11329,-6.76975,-6.82961,-6.82961,-6.43419,-6.43419,-6.48042,-7.11329,-7.11329,-7.11329,-6.76975,-6.82961,-6.82961,-6.43419,-6.43419,-6.48042,-7.11329,-7.11329,-7.11329,-6.76975,-6.82961,-6.82961,-6.43419,-6.43419,-6.48042
11,0.937629,-6.98484,-6.98484,-6.98484,-6.81406,-6.71468,-6.71468,-6.66448,-6.66448,-6.54724,-6.98484,-6.98484,-6.98484,-6.81406,-6.71468,-6.71468,-6.66448,-6.66448,-6.54724,-6.98484,-6.98484,-6.98484,-6.81406,-6.71468,-6.71468,-6.66448,-6.66448,-6.54724,-6.98484,-6.98484,-6.98484,-6.73105,-6.71468,-6.71468,-6.48761,-6.48761,-6.45732,-6.98484,-6.98484,-6.98484,-6.73105,-6.71468,-6.71468,-6.48761,-6.48761,-6.45732,-6.98484,-6.98484,-6.98484,-6.73105,-6.71468,-6.71468,-6.48761,-6.48761,-6.45732,-6.98484,-6.98484,-6.98484,-6.65019,-6.71468,-6.71468,-6.32253,-6.32253,-6.37039,-6.98484,-6.98484,-6.98484,-6.65019,-6.71468,-6.71468,-6.32253,-6.32253,-6.37039,-6.98484,-6.98484,-6.98484,-6.65019,-6.71468,-6.71468,-6.32253,-6.32253,-6.37039
12,1.04629,-6.85781,-6.85781,-6.85781,-6.70086,-6.60028,-6.60028,-6.57751,-6.57751,-6.44991,-6.85781,-6.85781,-6.85781,-6.70086,-6.60028,-6.60028,-6.57751,-6.57751,-6.44991,-6.85781,-6.85781,-6.85781,-6.70086,-6.60028,-6.60028,-6.57751,-6.57751,-6.44991,-6.85781,-6.85781,-6.85781,-6.61644,-6.60028,-6.60028,-6.38779,-6.38779,-6.35516,-6.85781,-6.85781,-6.85781,-6.61644,-6.60028,-6.60028,-6.38779,-6.38779,-6.35516,-6.85781,-6.85781,-6.85781,-6.61644,-6.60028,-6.60028,-6.38779,-6.38779,-6.35516,-6.85781,-6.85781,-6.85781,-6.53428,-6.60028,-6.60028,-6.21123,-6.21123,-6.26371,-6.85781,-6.85781,-6.85781,-6.53428,-6.60028,-6.60028,-6.21123,-6.21123,-6.26371,-6.85781,-6.85781,-6.85781,-6.53428,-6.60028,-6.60028,-6.21123,-6.21123,-6.26371
13,1.15961,-6.732,-6.732,-6.732,-6.59275,-6.48631,-6.48631,-6.49053,-6.49053,-6.37297,-6.732,-6.732,-6.732,-6.59275,-6.48631,-6.48631,-6.49053,-6.49053,-6.37297,-6.732,-6.732,-6.732,-6.59275,-6.48631,-6.48631,-6.49053,-6.49053,-6.37297,-6.732,-6.732,-6.732,-6.50313,-6.48631,-6.48631,-6.28779,-6.28779,-6.25739,-6.732,-6.732,-6.732,-6.50313,-6.48631,-6.48631,-6.28779,-6.28779,-6.25739,-6.732,-6.732,-6.732,-6.50313,-6.48631,-6.48631,-6.28779,-6.28779,-6.25739,-6.732,-6.732,-6.732,-6.41624,-6.48631,-6.48631,-6.10024,-6.10024,-6.1468,-6.732,-6.732,-6.732,-6.41624,-6.48631,-6.48631,-6.10024,-6.10024,-6.1468,-6.732,-6.732,-6.732,-6.41624,-6.48631,-6.48631,-6.10024,-6.10024,-6.1468
14,1.27778,-6.60725,-6.60725,-6.60725,-6.4818,-6.37266,-6.37266,-6.40277,-6.40277,-6.27795,-6.60725,-6.60725,-6.60725,-6.4818,-6.37266,-6.37266,-6.40277,-6.40277,-6.27795,-6.60725,-6.60725,-6.60725,-6.4818,-6.37266,-6.37266,-6.40277,-6.40277,-6.27795,-6.60725,-6.60725,-6.60725,-6.3896,-6.37266,-6.37266,-6.1876,-6.1876,-6.15541,-6.60725,-6.60725,-6.60725,-6.3896,-6.37266,-6.37266,-6.1876,-6.1876,-6.15541,-6.60725,-6.60725,-6.60725,-6.3896,-6.37266,-6.37266,-6.1876,-6.1876,-6.15541,-6.60725,-6.60725,-6.60725,-6.30035,-6.37266,-6.37266,-5.98958,-5.98958,-6.03841,-6.60725,-6.60725,-6.60725,-6.30035,-6.37266,-6.37266,-5.98958,-5.98958,-6.03841,-6.60725,-6.60725,-6.60725,-6.30035,-6.37266,-6.37266,-5.98958,-5.98958,-6.03841
15,1.40101,-6.4834,-6.4834,-6.4834,-6.37061,-6.25927,-6.25927,-6.31429,-6.30482,-6.18239,-6.4834,-6.4834,-6.4834,-6.37061,-6.25927,-6.25927,-6.31429,-6.30482,-6.18239,-6.4834,-6.4834,-6.4834,-6.37061,-6.25927,-6.25927,-6.31429,-6.30482,-6.18239,-6.4834,-6.4834,-6.4834,-6.27628,-6.25927,-6.25927,-6.08722,-6.08453,-6.05317,-6.4834,-6.4834,-6.4834,-6.27628,-6.25927,-6.25927,-6.08722,-6.08453,-6.05317,-6.4834,-6.4834,-6.4834,-6.27628,-6.25927,-6.25927,-6.08722,-6.08453,-6.05317,-6.4834,-6.4834,-6.4834,-6.18507,-6.25927,-6.25927,-5.87926,-5.88213,-5.93005,-6.4834,-6.4834,-6.4834,-6.18507,-6.25927,-6.25927,-5.87926,-5.88213,-5.93005,-6.4834,-6.4834,-6.4834,-6.18507,-6.25927,-6.25927,-5.87926,-5.88213,-5.93005
16,1.52952,-6.36035,-6.36035,-6.36035,-6.26238,-6.14611,-6.14611,-6.22511,-6.21192,-6.08326,-6.36035,-6.36035,-6.36035,-6.26238,-6.14611,-6.14611,-6.22511,-6.21192,-6.08326,-6.36035,-6.36035,-6.36035,-6.26238,-6.14611,-6.14611,-6.22511,-6.21192,-6.08326,-6.36035,-6.36035,-6.36035,-6.16372,-6.14611,-6.14611,-5.98672,-5.9829,-5.95003,-6.36035,-6.36035,-6.36035,-6.16372,-6.14611,-6.14611,-5.98672,-5.9829,-5.95003,-6.36035,-6.36035,-6.36035,-6.16372,-6.14611,-6.14611,-5.98672,-5.9829,-5.95003,-6.36035,-6.36035,-6.36035,-6.06855,-6.14611,-6.14611,-5.76925,-5.7732,-5.82322,-6.36035,-6.36035,-6.36035,-6.06855,-6.14611,-6.14611,-5.76925,-5.7732,-5.82322,-6.36035,-6.36035,-6.36035,-6.06855,-6.14611,-6.14611,-5.76925,-5.7732,-5.82322
17,1.66353,-6.23801,-6.23801,-6.23801,-6.15414,-6.03313,-6.03313,-6.1353,-6.11121,-5.9802,-6.23801,-6.23801,-6.23801,-6.15414,-6.03313,-6.03313,-6.1353,-6.11121,-5.9802,-6.23801,-6.23801,-6.23801,-6.15414,-6.03313,-6.03313,-6.1353,-6.11121,-5.9802,-6.23801,-6.23801,-6.23801,-6.05135,-6.03313,-6.03313,-5.88612,-5.87906,-5.8459,-6.23801,-6.23801,-6.23801,-6.05135,-6.03313,-6.03313,-5.88612,-5.87906,-5.8459,-6.23801,-6.23801,-6.23801,-6.05135,-6.03313,-6.03313,-5.88612,-5.87906,-5.8459,-6.23801,-6.23801,-6.23801,-5.95238,-6.03313,-6.03313,-5.65952,-5.66667,-5.71811,-6.23801,-6.23801,-6.23801,-5.95238,-6.03313,-6.03313,-5.65952,-5.66667,-5.71811,-6.23801,-6.23801,-6.23801,-5.95238,-6.03313,-6.03313,-5.65952,-5.66667,-5.71811
18,1.80327,-6.1163,-6.1163,-6.1163,-6.0459,-5.92032,-5.92032,-6.0456,-6.00902,-5.87947,-6.1163,-6.1163,-6.1163,-6.0459,-5.92032,-5.92032,-6.0456,-6.00902,-5.87947,-6.1163,-6.1163,-6.1163,-6.0459,-5.92032,-5.92032,-6.0456,-6.00902,-5.87947,-6.1163,-6.1163,-6.1163,-5.93915,-5.92032,-5.92032,-5.78539,-5.77478,-5.74218,-6.1163,-6.1163,-6.1163,-5.93915,-5.92032,-5.92032,-5.78539,-5.77478,-5.74218,-6.1163,-6.1163,-6.1163,-5.93915,-5.92032,-5.92032,-5.78539,-5.77478,-5.74218,-6.1163,-6.1163,-6.1163,-5.83656,-5.92032,-5.92032,-5.55005,-5.5606,-5.61165,-6.1163,-6.1163,-6.1163,-5.83656,-5.92032,-5.92032,-5.55005,-5.5606,-5.61165,-6.1163,-6.1163,-6.1163,-5.83656,-5.92032,-5.92032,-5.55005,-5.5606,-5.61165
19,1.94901,-5.99517,-5.99517,-5.99517,-5.92688,-5.80767,-5.80767,-5.95531,-5.90542,-5.77464,-5.99517,-5.99517,-5.99517,-5.92688,-5.80767,-5.80767,-5.95531,-5.90542,-5.77464,-5.99517,-5.99517,-5.99517,-5.92688,-5.80767,-5.80767,-5.95531,-5.90542,-5.77464,-5.99517,-5.99517,-5.99517,-5.8251,-5.80767,-5.80767,-5.68455,-5.67006,-5.63746,-5.99517,-5.99517,-5.99517,-5.8251,-5.80767,-5.80767,-5.68455,-5.67006,-5.63746,-5.99517,-5.99517,-5.99517,-5.8251,-5.80767,-5.80767,-5.68455,-5.67006,-5.63746,-5.99517,-5.99517,-5.99517,-5.72705,-5.80767,-5.80767,-5.44086,-5.45496,-5.50702,-5.99517,-5.99517,-5.99517,-5.72705,-5.80767,-5.80767,-5.44086,-5.45496,-5.50702,-5.99517,-5.99517,-5.99517,-5.72705,-5.80767,-5.80767,-5.44086,-5.45496,-5.50702
20,2.10098,-5.87458,-5.87458,-5.87458,-5.81453,-5.69517,-5.69517,-5.86445,-5.80047,-5.66903,-5.87458,-5.87458,-5.87458,-5.81453,-5.69517,-5.69517,-5.86445,-5.80047,-5.66903,-5.87458,-5.87458,-5.87458,-5.81453,-5.69517,-5.69517,-5.86445,-5.80047,-5.66903,-5.87458,-5.87458,-5.87458,-5.71243,-5.69517,-5.69517,-5.5836,-5.56496,-5.53247,-5.87458,-5.87458,-5.87458,-5.71243,-5.69517,-5.69517,-5.5836,-5.56496,-5.53247,-5.87458,-5.87458,-5.87458,-5.71243,-5.69517,-5.69517,-5.5836,-5.56496,-5.53247,-5.87458,-5.87458,-5.87458,-5.6141,-5.69517,-5.69517,-5.33197,-5.34973,-5.40267,-5.87458,-5.87458,-5.87458,-5.6141,-5.69517,-5.69517,-5.33197,-5.34973,-5.40267,-5.87458,-5.87458,-5.87458,-5.6141,-5.69517,-5.69517,-5.33197,-5.34973,-5.40267
21,2.25946,-5.75449,-5.75449,-5.75449,-5.70196,-5.58283,-5.58283,-5.77304,-5.69027,-5.56642,-5.75449,-5.75449,-5.75449,-5.70196,-5.58283,-5.58283,-5.77304,-5.69027,-5.56642,-5.75449,-5.75449,-5.75449,-5.70196,-5.58283,-5.58283,-5.77304,-5.69027,-5.56642,-5.75449,-5.75449,-5.75449,-5.59987,-5.58283,-5.58283,-5.48256,-5.45837,-5.42803,-5.75449,-5.75449,-5.75449,-5.59987,-5.58283,-5.58283,-5.48256,-5.45837,-5.42803,-5.75449,-5.75449,-5.75449,-5.59987,-5.58283,-5.58283,-5.48256,-5.45837,-5.42803,-5.75449,-5.75449,-5.75449,-5.50158,-5.58283,-5.58283,-5.2234,-5.24614,-5.29681,-5.75449,-5.75449,-5.75449,-5.50158,-5.58283,-5.58283,-5.2234,-5.24614,-5.29681,-5.75449,-5.75449,-5.75449,-5.50158,-5.58283,-5.58283,-5.2234,-5.24614,-5.29681
22,2.42473,-5.63489,-5.63489,-5.63489,-5.58918,-5.47066,-5.47066,-5.68112,-5.59126,-5.45546,-5.63489,-5.63489,-5.63489,-5.58918,-5.47066,-5.47066,-5.68112,-5.59126,-5.45546,-5.63489,-5.63489,-5.63489,-5.58918,-5.47066,-5.47066,-5.68112,-5.59126,-5.45546,-5.63489,-5.63489,-5.63489,-5.48743,-5.47066,-5.47066,-5.38145,-5.35486,-5.32175,-5.63489,-5.63489,-5.63489,-5.48743,-5.47066,-5.47066,-5.38145,-5.35486,-5.32175,-5.63489,-5.63489,-5.63489,-5.48743,-5.47066,-5.47066,-5.38145,-5.35486,-5.32175,-5.63489,-5.63489,-5.63489,-5.38947,-5.47066,-5.47066,-5.11518,-5.13925,-5.19483,-5.63489,-5.63489,-5.63489,-5.38947,-5.47066,-5.47066,-5.11518,-5.13925,-5.19483,-5.63489,-5.63489,-5.63489,-5.38947,-5.47066,-5.47066,-5.11518,-5.13925,-5.19483
23,2.59707,-5.51578,-5.51578,-5.51578,-5.47622,-5.35866,-5.35866,-5.5887,-5.48721,-5.34751,-5.51578,-5.51578,-5.51578,-5.47622,-5.35866,-5.35866,-5.5887,-5.48721,-5.34751,-5.51578,-5.51578,-5.51578,-5.47622,-5.35866,-5.35866,-5.5887,-5.48721,-5.34751,-5.51578,-5.51578,-5.51578,-5.37512,-5.35866,-5.35866,-5.28032,-5.25002,-5.21609,-5.51578,-5.51578,-5.51578,-5.37512,-5.35866,-5.35866,-5.28032,-5.25002,-5.21609,-5.51578,-5.51578,-5.51578,-5.37512,-5.35866,-5.35866,-5.28032,-5.25002,-5.21609,-5.51578,-5.51578,-5.51578,-5.27778,-5.35866,-5.35866,-5.00738,-5.03396,-5.09134,-5.51578,-5.51578,-5.51578,-5.27778,-5.35866,-5.35866,-5.00738,-5.03396,-5.09134,-5.51578,-5.51578,-5.51578,-5.27778,-5.35866,-5.35866,-5.00738,-5.03396,-5.09134
24,2.77679,-5.39713,-5.39713,-5.39713,-5.36723,-5.24686,-5.24686,-5.49583,-5.38674,-5.24297,-5.39713,-5.39713,-5.39713,-5.36723,-5.24686,-5.24686,-5.49583,-5.38674,-5.24297,-5.39713,-5.39713,-5.39713,-5.36723,-5.24686,-5.24686,-5.49583,-5.38674,-5.24297,-5.39713,-5.39713,-5.39713,-5.26373,-5.24686,-5.24686,-5.17919,-5.14624,-5.11113,-5.39713,-5.39713,-5.39713,-5.26373,-5.24686,-5.24686,-5.17919,-5.14624,-5.11113,-5.39713,-5.39713,-5.39713,-5.26373,-5.24686,-5.24686,-5.17919,-5.14624,-5.11113,-5.39713,-5.39713,-5.39713,-5.16422,-5.24686,-5.24686,-4.90004,-4.92771,-4.98617,-5.39713,-5.39713,-5.39713,-5.16422,-5.24686,-5.24686,-4.90004,-4.92771,-4.98617,-5.39713,-5.39713,-5.39713,-5.16422,-5.24686,-5.24686,-4.90004,-4.92771,-4.98617
25,2.96421,-5.27898,-5.27898,-5.27898,-5.25832,-5.13527,-5.13527,-5.40296,-5.27655,-5.138,-5.27898,-5.27898,-5.27898,-5.25832,-5.13527,-5.13527,-5.40296,-5.27655,-5.138,-5.27898,-5.27898,-5.27898,-5.25832,-5.13527,-5.13527,-5.40296,-5.27655,-5.138,-5.27898,-5.27898,-5.27898,-5.15256,-5.13527,-5.13527,-5.07811,-5.03982,-5.00611,-5.27898,-5.27898,-5.27898,-5.15256,-5.13527,-5.13527,-5.07811,-5.03982,-5.00611,-5.27898,-5.27898,-5.27898,-5.15256,-5.13527,-5.13527,-5.07811,-5.03982,-5.00611,-5.27898,-5.27898,-5.27898,-5.05101,-5.13527,-5.13527,-4.79317,-4.82454,-4.88124,-5.27898,-5.27898,-5.27898,-5.05101,-5.13527,-5.13527,-4.79317,-4.82454,-4.88124,-5.27898,-5.27898,-5.27898,-5.05101,-5.13527,-5.13527,-4.79317,-4.82454,-4.88124
26,3.15966,-5.16131,-5.16131,-5.16131,-5.14953,-5.02394,-5.02394,-5.30977,-5.17006,-5.03266,-5.16131,-5.16131,-5.16131,-5.14953,-5.02394,-5.02394,-5.30977,-5.17006,-5.03266,-5.16131,-5.16131,-5.16131,-5.14953,-5.02394,-5.02394,-5.30977,-5.17006,-5.03266,-5.16131,-5.16131,-5.16131,-5.04165,-5.02394,-5.02394,-4.97716,-4.93452,-4.90104,-5.16131,-5.16131,-5.16131,-5.04165,-5.02394,-5.02394,-4.97716,-4.93452,-4.90104,-5.16131,-5.16131,-5.16131,-5.04165,-5.02394,-5.02394,-4.97716,-4.93452,-4.90104,-5.16131,-5.16131,-5.16131,-4.93819,-5.02394,-5.02394,-4.6868,-4.72043,-4.77656,-5.16131,-5.16131,-5.16131,-4.93819,-5.02394,-5.02394,-4.6868,-4.72043,-4.77656,-5.16131,-5.16131,-5.16131,-4.93819,-5.02394,-5.02394,-4.6868,-4.72043,-4.77656
27,3.36347,-5.04416,-5.04416,-5.04416,-5.04089,-4.91288,-4.91288,-5.21623,-5.06765,-4.92262,-5.04416,-5.04416,-5.04416,-5.04089,-4.91288,-4.91288,-5.21623,-5.06765,-4.92262,-5.04416,-5.04416,-5.04416,-5.04089,-4.91288,-4.91288,-5.21623,-5.06765,-4.92262,-5.04416,-5.04416,-5.04416,-4.93101,-4.91288,-4.91288,-4.87644,-4.83047,-4.79506,-5.04416,-5.04416,-5.04416,-4.93101,-4.91288,-4.91288,-4.87644,-4.83047,-4.79506,-5.04416,-5.04416,-5.04416,-4.93101,-4.91288,-4.91288,-4.87644,-4.83047,-4.79506,-5.04416,-5.04416,-5.04416,-4.82577,-4.91288,-4.91288,-4.58095,-4.6153,-4.67428,-5.04416,-5.04416,-5.04416,-4.82577,-4.91288,-4.91288,-4.58095,-4.6153,-4.67428,-5.04416,-5.04416,-5.04416,-4.82577,-4.91288,-4.91288,-4.58095,-4.6153,-4.67428
28,3.57601,-4.92754,-4.92754,-4.92754,-4.93242,-4.80214,-4.80214,-5.10668,-4.95999,-4.80766,-4.92754,-4.92754,-4.92754,-4.93242,-4.80214,-4.80214,-5.10668,-4.95999,-4.80766,-4.92754,-4.92754,-4.92754,-4.93242,-4.80214,-4.80214,-5.10668,-4.95999,-4.80766,-4.92754,-4.92754,-4.92754,-4.82068,-4.80214,-4.80214,-4.77065,-4.7251,-4.68813,-4.92754,-4.92754,-4.92754,-4.82068,-4.80214,-4.80214,-4.77065,-4.7251,-4.68813,-4.92754,-4.92754,-4.92754,-4.82068,-4.80214,-4.80214,-4.77065,-4.7251,-4.68813,-4.92754,-4.92754,-4.92754,-4.7138,-4.80214,-4.80214,-4.4783,-4.51205,-4.57452,-4.92754,-4.92754,-4.92754,-4.7138,-4.80214,-4.80214,-4.4783,-4.51205,-4.57452,-4.92754,-4.92754,-4.92754,-4.7138,-4.80214,-4.80214,-4.4783,-4.51205,-4.57452
29,3.79766,-4.81149,-4.81149,-4.81149,-4.81964,-4.69175,-4.69175,-4.99617,-4.85178,-4.69672,-4.81149,-4.81149,-4.81149,-4.81964,-4.69175,-4.69175,-4.99617,-4.85178,-4.69672,-4.81149,-4.81149,-4.81149,-4.81964,-4.69175,-4.69175,-4.99617,-4.85178,-4.69672,-4.81149,-4.81149,-4.81149,-4.70987,-4.69175,-4.69175,-4.66471,-4.61977,-4.58217,-4.81149,-4.81149,-4.81149,-4.70987,-4.69175,-4.69175,-4.66471,-4.61977,-4.58217,-4.81149,-4.81149,-4.81149,-4.70987,-4.69175,-4.69175,-4.66471,-4.61977,-4.58217,-4.81149,-4.81149,-4.81149,-4.60484,-4.69175,-4.69175,-4.3762,-4.40927,-4.47307,-4.81149,-4.81149,-4.81149,-4.60484,-4.69175,-4.69175,-4.3762,-4.40927,-4.47307,-4.81149,-4.81149,-4.81149,-4.60484,-4.69175,-4.69175,-4.3762,-4.40927,-4.47307
30,4.02879,-4.69602,-4.69602,-4.69602,-4.71156,-4.58175,-4.58175,-4.87927,-4.7481,-4.59013,-4.69602,-4.69602,-4.69602,-4.71156,-4.58175,-4.58175,-4.87927,-4.7481,-4.59013,-4.69602,-4.69602,-4.69602,-4.71156,-4.58175,-4.58175,-4.87927,-4.7481,-4.59013,-4.69602,-4.69602,-4.69602,-4.60027,-4.58175,-4.58175,-4.55687,-4.51593,-4.47731,-4.69602,-4.69602,-4.69602,-4.60027,-4.58175,-4.58175,-4.55687,-4.51593,-4.47731,-4.69602,-4.69602,-4.69602,-4.60027,-4.58175,-4.58175,-4.55687,-4.51593,-4.47731,-4.69602,-4.69602,-4.69602,-4.4939,-4.58175,-4.58175,-4.27554,-4.3055,-4.36985,-4.69602,-4.69602,-4.69602,-4.4939,-4.58175,-4.58175,-4.27554,-4.3055,-4.36985,-4.69602,-4.69602,-4.69602,-4.4939,-4.58175,-4.58175,-4.27554,-4.3055,-4.36985
31,4.26982,-4.58118,-4.58118,-4.58118,-4.59914,-4.47219,-4.47219,-4.76689,-4.64418,-4.48349,-4.58118,-4.58118,-4.58118,-4.59914,-4.47219,-4.47219,-4.76689,-4.64418,-4.48349,-4.58118,-4.58118,-4.58118,-4.59914,-4.47219,-4.47219,-4.76689,-4.64418,-4.48349,-4.58118,-4.58118,-4.58118,-4.49024,-4.47219,-4.47219,-4.45074,-4.41228,-4.37267,-4.58118,-4.58118,-4.58118,-4.49024,-4.47219,-4.47219,-4.45074,-4.41228,-4.37267,-4.58118,-4.58118,-4.58118,-4.49024,-4.47219,-4.47219,-4.45074,-4.41228,-4.37267,-4.58118,-4.58118,-4.58118,-4.38612,-4.47219,-4.47219,-4.17451,-4.20224,-4.26706,-4.58118,-4.58118,-4.58118,-4.38612,-4.47219,-4.47219,-4.17451,-4.20224,-4.26706,-4.58118,-4.58118,-4.58118,-4.38612,-4.47219,-4.47219,-4.17451,-4.20224,-4.26706
32,4.52117,-4.46701,-4.46701,-4.46701,-4.48694,-4.36311,-4.36311,-4.64809,-4.5401,-4.3816,-4.46701,-4.46701,-4.46701,-4.48694,-4.36311,-4.36311,-4.64809,-4.5401,-4.3816,-4.46701,-4.46701,-4.46701,-4.48694,-4.36311,-4.36311,-4.64809,-4.5401,-4.3816,-4.46701,-4.46701,-4.46701,-4.38065,-4.36311,-4.36311,-4.34273,-4.30884,-4.26934,-4.46701,-4.46701,-4.46701,-4.38065,-4.36311,-4.36311,-4.34273,-4.30884,-4.26934,-4.46701,-4.46701,-4.46701,-4.38065,-4.36311,-4.36311,-4.34273,-4.30884,-4.26934,-4.46701,-4.46701,-4.46701,-4.27899,-4.36311,-4.36311,-4.07507,-4.09955,-4.16251,-4.46701,-4.46701,-4.46701,-4.27899,-4.36311,-4.36311,-4.07507,-4.09955,-4.16251,-4.46701,-4.46701,-4.46701,-4.27899,-4.36311,-4.36311,-4.07507,-4.09955,-4.16251
33,4.78329,-4.35354,-4.35354,-4.35354,-4.37502,-4.25456,-4.25456,-4.53429,-4.43591,-4.27993,-4.35354,-4.35354,-4.35354,-4.37502,-4.25456,-4.25456,-4.53429,-4.43591,-4.27993,-4.35354,-4.35354,-4.35354,-4.37502,-4.25456,-4.25456,-4.53429,-4.43591,-4.27993,-4.35354,-4.35354,-4.35354,-4.27156,-4.25456,-4.25456,-4.2366,-4.20567,-4.16636,-4.35354,-4.35354,-4.35354,-4.27156,-4.25456,-4.25456,-4.2366,-4.20567,-4.16636,-4.35354,-4.35354,-4.35354,-4.27156,-4.25456,-4.25456,-4.2366,-4.20567,-4.16636,-4.35354,-4.35354,-4.35354,-4.17256,-4.25456,-4.25456,-3.9752,-3.99745,-4.05844,-4.35354,-4.35354,-4.35354,-4.17256,-4.25456,-4.25456,-3.9752,-3.99745,-4.05844,-4.35354,-4.35354,-4.35354,-4.17256,-4.25456,-4.25456,-3.9752,-3.99745,-4.05844
34,5.05663,-4.24082,-4.24082,-4.24082,-4.25863,-4.1466,-4.1466,-4.42021,-4.33167,-4.17853,-4.24082,-4.24082,-4.24082,-4.25863,-4.1466,-4.1466,-4.42021,-4.33167,-4.17853,-4.24082,-4.24082,-4.24082,-4.25863,-4.1466,-4.1466,-4.42021,-4.33167,-4.17853,-4.24082,-4.24082,-4.24082,-4.16212,-4.1466,-4.1466,-4.13061,-4.10281,-4.06378,-4.24082,-4.24082,-4.24082,-4.16212,-4.1466,-4.1466,-4.13061,-4.10281,-4.06378,-4.24082,-4.24082,-4.24082,-4.16212,-4.1466,-4.1466,-4.13061,-4.10281,-4.06378,-4.24082,-4.24082,-4.24082,-4.06951,-4.1466,-4.1466,-3.87597,-3.896,-3.95492,-4.24082,-4.24082,-4.24082,-4.06951,-4.1466,-4.1466,-3.87597,-3.896,-3.95492,-4.24082,-4.24082,-4.24082,-4.06951,-4.1466,-4.1466,-3.87597,-3.896,-3.95492
35,5.34167,-4.1289,-4.1289,-4.1289,-4.1474,-4.03927,-4.03927,-4.31151,-4.22199,-4.07256,-4.1289,-4.1289,-4.1289,-4.1474,-4.03927,-4.03927,-4.31151,-4.22199,-4.07256,-4.1289,-4.1289,-4.1289,-4.1474,-4.03927,-4.03927,-4.31151,-4.22199,-4.07256,-4.1289,-4.1289,-4.1289,-4.05414,-4.03927,-4.03927,-4.02679,-3.99878,-3.96062,-4.1289,-4.1289,-4.1289,-4.05414,-4.03927,-4.03927,-4.02679,-3.99878,-3.96062,-4.1289,-4.1289,-4.1289,-4.05414,-4.03927,-4.03927,-4.02679,-3.99878,-3.96062,-4.1289,-4.1289,-4.1289,-3.96457,-4.03927,-4.03927,-3.77643,-3.79691,-3.85429,-4.1289,-4.1289,-4.1289,-3.96457,-4.03927,-4.03927,-3.77643,-3.79691,-3.85429,-4.1289,-4.1289,-4.1289,-3.96457,-4.03927,-4.03927,-3.77643,-3.79691,-3.85429
36,5.63892,-4.01783,-4.01783,-4.01783,-4.04155,-3.93264,-3.93264,-4.20851,-4.1067,-3.97178,-4.01783,-4.01783,-4.01783,-4.04155,-3.93264,-3.93264,-4.20851,-4.1067,-3.97178,-4.01783,-4.01783,-4.01783,-4.04155,-3.93264,-3.93264,-4.20851,-4.1067,-3.97178,-4.01783,-4.01783,-4.01783,-3.94774,-3.93264,-3.93264,-3.92532,-3.89351,-3.85898,-4.01783,-4.01783,-4.01783,-3.94774,-3.93264,-3.93264,-3.92532,-3.89351,-3.85898,-4.01783,-4.01783,-4.01783,-3.94774,-3.93264,-3.93264,-3.92532,-3.89351,-3.85898,-4.01783,-4.01783,-4.01783,-3.85774,-3.93264,-3.93264,-3.67665,-3.70023,-3.752,-4.01783,-4.01783,-4.01783,-3.85774,-3.93264,-3.93264,-3.67665,-3.70023,-3.752,-4.01783,-4.01783,-4.01783,-3.85774,-3.93264,-3.93264,-3.67665,-3.70023,-3.752
37,5.9489,-3.9077,-3.9077,-3.9077,-3.93633,-3.82674,-3.82674,-4.11145,-3.98574,-3.86651,-3.9077,-3.9077,-3.9077,-3.93633,-3.82674,-3.82674,-4.11145,-3.98574,-3.86651,-3.9077,-3.9077,-3.9077,-3.93633,-3.82674,-3.82674,-4.11145,-3.98574,-3.86651,-3.9077,-3.9077,-3.9077,-3.84208,-3.82674,-3.82674,-3.82634,-3.78701,-3.75688,-3.9077,-3.9077,-3.9077,-3.84208,-3.82674,-3.82674,-3.82634,-3.78701,-3.75688,-3.9077,-3.9077,-3.9077,-3.84208,-3.82674,-3.82674,-3.82634,-3.78701,-3.75688,-3.9077,-3.9077,-3.9077,-3.75177,-3.82674,-3.82674,-3.5767,-3.60596,-3.65279,-3.9077,-3.9077,-3.9077,-3.75177,-3.82674,-3.82674,-3.5767,-3.60596,-3.65279,-3.9077,-3.9077,-3.9077,-3.75177,-3.82674,-3.82674,-3.5767,-3.60596,-3.65279
38,6.27216,-3.79866,-3.79866,-3.79866,-3.83181,-3.72164,-3.72164,-3.99695,-3.88161,-3.76662,-3.79866,-3.79866,-3.79866,-3.83181,-3.72164,-3.72164,-3.99695,-3.88161,-3.76662,-3.79866,-3.79866,-3.79866,-3.83181,-3.72164,-3.72164,-3.99695,-3.88161,-3.76662,-3.79866,-3.79866,-3.79866,-3.73722,-3.72164,-3.72164,-3.72195,-3.68575,-3.65641,-3.79866,-3.79866,-3.79866,-3.73722,-3.72164,-3.72164,-3.72195,-3.68575,-3.65641,-3.79866,-3.79866,-3.79866,-3.73722,-3.72164,-3.72164,-3.72195,-3.68575,-3.65641,-3.79866,-3.79866,-3.79866,-3.6467,-3.72164,-3.72164,-3.48074,-3.5074,-3.55192,-3.79866,-3.79866,-3.79866,-3.6467,-3.72164,-3.72164,-3.48074,-3.5074,-3.55192,-3.79866,-3.79866,-3.79866,-3.6467,-3.72164,-3.72164,-3.48074,-3.5074,-3.55192
39,6.60925,-3.69063,-3.69063,-3.69063,-3.72803,-3.61743,-3.61743,-3.87051,-3.77785,-3.66728,-3.69063,-3.69063,-3.69063,-3.72803,-3.61743,-3.61743,-3.87051,-3.77785,-3.66728,-3.69063,-3.69063,-3.69063,-3.72803,-3.61743,-3.61743,-3.87051,-3.77785,-3.66728,-3.69063,-3.69063,-3.69063,-3.63323,-3.61743,-3.61743,-3.61397,-3.58515,-3.55664,-3.69063,-3.69063,-3.69063,-3.63323,-3.61743,-3.61743,-3.61397,-3.58515,-3.55664,-3.69063,-3.69063,-3.69063,-3.63323,-3.61743,-3.61743,-3.61397,-3.58515,-3.55664,-3.69063,-3.69063,-3.69063,-3.5426,-3.61743,-3.61743,-3.38766,-3.40976,-3.45192,-3.69063,-3.69063,-3.69063,-3.5426,-3.61743,-3.61743,-3.38766,-3.40976,-3.45192,-3.69063,-3.69063,-3.69063,-3.5426,-3.61743,-3.61743,-3.38766,-3.40976,-3.45192
40,6.96078,-3.58373,-3.58373,-3.58373,-3.6201,-3.51414,-3.51414,-3.75597,-3.68018,-3.56353,-3.58373,-3.58373,-3.58373,-3.6201,-3.51414,-3.51414,-3.75597,-3.68018,-3.56353,-3.58373,-3.58373,-3.58373,-3.6201,-3.51414,-3.51414,-3.75597,-3.68018,-3.56353,-3.58373,-3.58373,-3.58373,-3.52925,-3.51414,-3.51414,-3.51047,-3.48689,-3.45654,-3.58373,-3.58373,-3.58373,-3.52925,-3.51414,-3.51414,-3.51047,-3.48689,-3.45654,-3.58373,-3.58373,-3.58373,-3.52925,-3.51414,-3.51414,-3.51047,-3.48689,-3.45654,-3.58373,-3.58373,-3.58373,-3.44228,-3.51414,-3.51414,-3.29329,-3.31134,-3.35515,-3.58373,-3.58373,-3.58373,-3.44228,-3.51414,-3.51414,-3.29329,-3.31134,-3.35515,-3.58373,-3.58373,-3.58373,-3.44228,-3.51414,-3.51414,-3.29329,-3.31134,-3.35515
41,7.32736,-3.47795,-3.47795,-3.47795,-3.51799,-3.41186,-3.41186,-3.65372,-3.57745,-3.46546,-3.47795,-3.47795,-3.47795,-3.51799,-3.41186,-3.41186,-3.65372,-3.57745,-3.46546,-3.47795,-3.47795,-3.47795,-3.51799,-3.41186,-3.41186,-3.65372,-3.57745,-3.46546,-3.47795,-3.47795,-3.47795,-3.42714,-3.41186,-3.41186,-3.41168,-3.38782,-3.35831,-3.47795,-3.47795,-3.47795,-3.42714,-3.41186,-3.41186,-3.41168,-3.38782,-3.35831,-3.47795,-3.47795,-3.47795,-3.42714,-3.41186,-3.41186,-3.41168,-3.38782,-3.35831,-3.47795,-3.47795,-3.47795,-3.34027,-3.41186,-3.41186,-3.19773,-3.21565,-3.2569,-3.47795,-3.47795,-3.47795,-3.34027,-3.41186,-3.41186,-3.19773,-3.21565,-3.2569,-3.47795,-3.47795,-3.47795,-3.34027,-3.41186,-3.41186,-3.19773,-3.21565,-3.2569
42,7.70964,-3.37336,-3.37336,-3.37336,-3.41185,-3.31062,-3.31062,-3.55197,-3.48098,-3.36816,-3.37336,-3.37336,-3.37336,-3.41185,-3.31062,-3.31062,-3.55197,-3.48098,-3.36816,-3.37336,-3.37336,-3.37336,-3.41185,-3.31062,-3.31062,-3.55197,-3.48098,-3.36816,-3.37336,-3.37336,-3.37336,-3.32515,-3.31062,-3.31062,-3.31368,-3.29122,-3.26097,-3.37336,-3.37336,-3.37336,-3.32515,-3.31062,-3.31062,-3.31368,-3.29122,-3.26097,-3.37336,-3.37336,-3.37336,-3.32515,-3.31062,-3.31062,-3.31368,-3.29122,-3.26097,-3.37336,-3.37336,-3.37336,-3.24214,-3.31062,-3.31062,-3.10321,-3.1193,-3.15972,-3.37336,-3.37336,-3.37336,-3.24214,-3.31062,-3.31062,-3.10321,-3.1193,-3.15972,-3.37336,-3.37336,-3.37336,-3.24214,-3.31062,-3.31062,-3.10321,-3.1193,-3.15972
43,8.10829,-3.27001,-3.27001,-3.27001,-3.31165,-3.21048,-3.21048,-3.43869,-3.37961,-3.26661,-3.27001,-3.27001,-3.27001,-3.31165,-3.21048,-3.21048,-3.43869,-3.37961,-3.26661,-3.27001,-3.27001,-3.27001,-3.31165,-3.21048,-3.21048,-3.43869,-3.37961,-3.26661,-3.27001,-3.27001,-3.27001,-3.22515,-3.21048,-3.21048,-3.21247,-3.19392,-3.1635,-3.27001,-3.27001,-3.27001,-3.22515,-3.21048,-3.21048,-3.21247,-3.19392,-3.1635,-3.27001,-3.27001,-3.27001,-3.22515,-3.21048,-3.21048,-3.21247,-3.19392,-3.1635,-3.27001,-3.27001,-3.27001,-3.14242,-3.21048,-3.21048,-3.01188,-3.02575,-3.06597,-3.27001,-3.27001,-3.27001,-3.14242,-3.21048,-3.21048,-3.01188,-3.02575,-3.06597,-3.27001,-3.27001,-3.27001,-3.14242,-3.21048,-3.21048,-3.01188,-3.02575,-3.06597
44,8.52401,-3.16795,-3.16795,-3.16795,-3.20756,-3.1115,-3.1115,-3.32602,-3.25695,-3.17101,-3.16795,-3.16795,-3.16795,-3.20756,-3.1115,-3.1115,-3.32602,-3.25695,-3.17101,-3.16795,-3.16795,-3.16795,-3.20756,-3.1115,-3.1115,-3.32602,-3.25695,-3.17101,-3.16795,-3.16795,-3.16795,-3.12539,-3.1115,-3.1115,-3.1121,-3.09106,-3.06811,-3.16795,-3.16795,-3.16795,-3.12539,-3.1115,-3.1115,-3.1121,-3.09106,-3.06811,-3.16795,-3.16795,-3.16795,-3.12539,-3.1115,-3.1115,-3.1121,-3.09106,-3.06811,-3.16795,-3.16795,-3.16795,-3.04666,-3.1115,-3.1115,-2.92155,-2.94012,-2.97089,-3.16795,-3.16795,-3.16795,-3.04666,-3.1115,-3.1115,-2.92155,-2.94012,-2.97089,-3.16795,-3.16795,-3.16795,-3.04666,-3.1115,-3.1115,-2.92155,-2.94012,-2.97089
45,8.95754,-3.06723,-3.06723,-3.06723,-3.09966,-3.01374,-3.01374,-3.22606,-3.1405,-3.07636,-3.06723,-3.06723,-3.06723,-3.09966,-3.01374,-3.01374,-3.22606,-3.1405,-3.07636,-3.06723,-3.06723,-3.06723,-3.09966,-3.01374,-3.01374,-3.22606,-3.1405,-3.07636,-3.06723,-3.06723,-3.06723,-3.02592,-3.01374,-3.01374,-3.01669,-2.99068,-2.97378,-3.06723,-3.06723,-3.06723,-3.02592,-3.01374,-3.01374,-3.01669,-2.99068,-2.97378,-3.06723,-3.06723,-3.06723,-3.02592,-3.01374,-3.01374,-3.01669,-2.99068,-2.97378,-3.06723,-3.06723,-3.06723,-2.95487,-3.01374,-3.01374,-2.83021,-2.85373,-2.87705,-3.06723,-3.06723,-3.06723,-2.95487,-3.01374,-3.01374,-2.83021,-2.85373,-2.87705,-3.06723,-3.06723,-3.06723,-2.95487,-3.01374,-3.01374,-2.83021,-2.85373,-2.87705
46,9.40962,-2.96789,-2.96789,-2.96789,-2.99789,-2.91724,-2.91724,-3.13299,-3.04148,-2.97769,-2.96789,-2.96789,-2.96789,-2.99789,-2.91724,-2.91724,-3.13299,-3.04148,-2.97769,-2.96789,-2.96789,-2.96789,-2.99789,-2.91724,-2.91724,-3.13299,-3.04148,-2.97769,-2.96789,-2.96789,-2.96789,-2.92859,-2.91724,-2.91724,-2.92435,-2.89617,-2.8795,-2.96789,-2.96789,-2.96789,-2.92859,-2.91724,-2.91724,-2.92435,-2.89617,-2.8795,-2.96789,-2.96789,-2.96789,-2.92859,-2.91724,-2.91724,-2.92435,-2.89617,-2.8795,-2.96789,-2.96789,-2.96789,-2.86162,-2.91724,-2.91724,-2.73908,-2.76336,-2.78678,-2.96789,-2.96789,-2.96789,-2.86162,-2.91724,-2.91724,-2.73908,-2.76336,-2.78678,-2.96789,-2.96789,-2.96789,-2.86162,-2.91724,-2.91724,-2.73908,-2.76336,-2.78678
47,9.88107,-2.86999,-2.86999,-2.86999,-2.89737,-2.82206,-2.82206,-3.03474,-2.949,-2.88513,-2.86999,-2.86999,-2.86999,-2.89737,-2.82206,-2.82206,-3.03474,-2.949,-2.88513,-2.86999,-2.86999,-2.86999,-2.89737,-2.82206,-2.82206,-3.03474,-2.949,-2.88513,-2.86999,-2.86999,-2.86999,-2.83255,-2.82206,-2.82206,-2.83111,-2.80443,-2.78747,-2.86999,-2.86999,-2.86999,-2.83255,-2.82206,-2.82206,-2.83111,-2.80443,-2.78747,-2.86999,-2.86999,-2.86999,-2.83255,-2.82206,-2.82206,-2.83111,-2.80443,-2.78747,-2.86999,-2.86999,-2.86999,-2.76968,-2.82206,-2.82206,-2.65027,-2.67256,-2.69535,-2.86999,-2.86999,-2.86999,-2.76968,-2.82206,-2.82206,-2.65027,-2.67256,-2.69535,-2.86999,-2.86999,-2.86999,-2.76968,-2.82206,-2.82206,-2.65027,-2.67256,-2.69535
48,10.3727,-2.77357,-2.77357,-2.77357,-2.79818,-2.72825,-2.72825,-2.93751,-2.85214,-2.78872,-2.77357,-2.77357,-2.77357,-2.79818,-2.72825,-2.72825,-2.93751,-2.85214,-2.78872,-2.77357,-2.77357,-2.77357,-2.79818,-2.72825,-2.72825,-2.93751,-2.85214,-2.78872,-2.77357,-2.77357,-2.77357,-2.73785,-2.72825,-2.72825,-2.73908,-2.71233,-2.69561,-2.77357,-2.77357,-2.77357,-2.73785,-2.72825,-2.72825,-2.73908,-2.71233,-2.69561,-2.77357,-2.77357,-2.77357,-2.73785,-2.72825,-2.72825,-2.73908,-2.71233,-2.69561,-2.77357,-2.77357,-2.77357,-2.6791,-2.72825,-2.72825,-2.56288,-2.5848,-2.60769,-2.77357,-2.77357,-2.77357,-2.6791,-2.72825,-2.72825,-2.56288,-2.5848,-2.60769,-2.77357,-2.77357,-2.77357,-2.6791,-2.72825,-2.72825,-2.56288,-2.5848,-2.60769
49,10.8854,-2.67868,-2.67868,-2.67868,-2.70522,-2.63585,-2.63585,-2.84738,-2.75101,-2.6985,-2.67868,-2.67868,-2.67868,-2.70522,-2.63585,-2.63585,-2.84738,-2.75101,-2.6985,-2.67868,-2.67868,-2.67868,-2.70522,-2.63585,-2.63585,-2.84738,-2.75101,-2.6985,-2.67868,-2.67868,-2.67868,-2.64543,-2.63585,-2.63585,-2.6503,-2.6199,-2.60608,-2.67868,-2.67868,-2.67868,-2.64543,-2.63585,-2.63585,-2.6503,-2.6199,-2.60608,-2.67868,-2.67868,-2.67868,-2.64543,-2.63585,-2.63585,-2.6503,-2.6199,-2.60608,-2.67868,-2.67868,-2.67868,-2.58728,-2.63585,-2.63585,-2.47576,-2.50003,-2.51893,-2.67868,-2.67868,-2.67868,-2.58728,-2.63585,-2.63585,-2.47576,-2.50003,-2.51893,-2.67868,-2.67868,-2.67868,-2.58728,-2.63585,-2.63585,-2.47576,-2.50003,-2.51893
50,11.42,-2.58536,-2.58536,-2.58536,-2.61372,-2.54493,-2.54493,-2.75235,-2.6511,-2.60951,-2.58536,-2.58536,-2.58536,-2.61372,-2.54493,-2.54493,-2.75235,-2.6511,-2.60951,-2.58536,-2.58536,-2.58536,-2.61372,-2.54493,-2.54493,-2.75235,-2.6511,-2.60951,-2.58536,-2.58536,-2.58536,-2.55447,-2.54493,-2.54493,-2.5608,-2.52873,-2.5179,-2.58536,-2.58536,-2.58536,-2.55447,-2.54493,-2.54493,-2.5608,-2.52873,-2.5179,-2.58536,-2.58536,-2.58536,-2.55447,-2.54493,-2.54493,-2.5608,-2.52873,-2.5179,-2.58536,-2.58536,-2.58536,-2.49698,-2.54493,-2.54493,-2.39115,-2.41653,-2.4316,-2.58536,-2.58536,-2.58536,-2.49698,-2.54493,-2.54493,-2.39115,-2.41653,-2.4316,-2.58536,-2.58536,-2.58536,-2.49698,-2.54493,-2.54493,-2.39115,-2.41653,-2.4316
51,11.9776,-2.49367,-2.49367,-2.49367,-2.51913,-2.45552,-2.45552,-2.6645,-2.5579,-2.51693,-2.49367,-2.49367,-2.49367,-2.51913,-2.45552,-2.45552,-2.6645,-2.5579,-2.51693,-2.49367,-2.49367,-2.49367,-2.51913,-2.45552,-2.45552,-2.6645,-2.5579,-2.51693,-2.49367,-2.49367,-2.49367,-2.46415,-2.45552,-2.45552,-2.47466,-2.44051,-2.43003,-2.49367,-2.49367,-2.49367,-2.46415,-2.45552,-2.45552,-2.47466,-2.44051,-2.43003,-2.49367,-2.49367,-2.49367,-2.46415,-2.45552,-2.45552,-2.47466,-2.44051,-2.43003,-2.49367,-2.49367,-2.49367,-2.41082,-2.45552,-2.45552,-2.30697,-2.33281,-2.34808,-2.49367,-2.49367,-2.49367,-2.41082,-2.45552,-2.45552,-2.30697,-2.33281,-2.34808,-2.49367,-2.49367,-2.49367,-2.41082,-2.45552,-2.45552,-2.30697,-2.33281,-2.34808
52,12.559,-2.40364,-2.40364,-2.40364,-2.43062,-2.36767,-2.36767,-2.57191,-2.47141,-2.43062,-2.40364,-2.40364,-2.40364,-2.43062,-2.36767,-2.36767,-2.57191,-2.47141,-2.43062,-2.40364,-2.40364,-2.40364,-2.43062,-2.36767,-2.36767,-2.57191,-2.47141,-2.43062,-2.40364,-2.40364,-2.40364,-2.37626,-2.36767,-2.36767,-2.38789,-2.3553,-2.34469,-2.40364,-2.40364,-2.40364,-2.37626,-2.36767,-2.36767,-2.38789,-2.3553,-2.34469,-2.40364,-2.40364,-2.40364,-2.37626,-2.36767,-2.36767,-2.38789,-2.3553,-2.34469,-2.40364,-2.40364,-2.40364,-2.32366,-2.36767,-2.36767,-2.22531,-2.24895,-2.2637,-2.40364,-2.40364,-2.40364,-2.32366,-2.36767,-2.36767,-2.22531,-2.24895,-2.2637,-2.40364,-2.40364,-2.40364,-2.32366,-2.36767,-2.36767,-2.22531,-2.24895,-2.2637
53,13.1653,-2.31531,-2.31531,-2.31531,-2.34367,-2.28143,-2.28143,-2.48065,-2.38104,-2.34571,-2.31531,-2.31531,-2.31531,-2.34367,-2.28143,-2.28143,-2.48065,-2.38104,-2.34571,-2.31531,-2.31531,-2.31531,-2.34367,-2.28143,-2.28143,-2.48065,-2.38104,-2.34571,-2.31531,-2.31531,-2.31531,-2.28998,-2.28143,-2.28143,-2.30259,-2.27007,-2.26084,-2.31531,-2.31531,-2.31531,-2.28998,-2.28143,-2.28143,-2.30259,-2.27007,-2.26084,-2.31531,-2.31531,-2.31531,-2.28998,-2.28143,-2.28143,-2.30259,-2.27007,-2.26084,-2.31531,-2.31531,-2.31531,-2.23814,-2.28143,-2.28143,-2.14519,-2.16827,-2.18088,-2.31531,-2.31531,-2.31531,-2.23814,-2.28143,-2.28143,-2.14519,-2.16827,-2.18088,-2.31531,-2.31531,-2.31531,-2.23814,-2.28143,-2.28143,-2.14519,-2.16827,-2.18088
54,13.7975,-2.22872,-2.22872,-2.22872,-2.25393,-2.19684,-2.19684,-2.38493,-2.29738,-2.25771,-2.22872,-2.22872,-2.22872,-2.25393,-2.19684,-2.19684,-2.38493,-2.29738,-2.25771,-2.22872,-2.22872,-2.22872,-2.25393,-2.19684,-2.19684,-2.38493,-2.29738,-2.25771,-2.22872,-2.22872,-2.22872,-2.20448,-2.19684,-2.19684,-2.21676,-2.18788,-2.17749,-2.22872,-2.22872,-2.22872,-2.20448,-2.19684,-2.19684,-2.21676,-2.18788,-2.17749,-2.22872,-2.22872,-2.22872,-2.20448,-2.19684,-2.19684,-2.21676,-2.18788,-2.17749,-2.22872,-2.22872,-2.22872,-2.15677,-2.19684,-2.19684,-2.06763,-2.08756,-2.1019,-2.22872,-2.22872,-2.22872,-2.15677,-2.19684,-2.19684,-2.06763,-2.08756,-2.1019,-2.22872,-2.22872,-2.22872,-2.15677,-2.19684,-2.19684,-2.06763,-2.08756,-2.1019
55,14.4569,-2.14391,-2.14391,-2.14391,-2.16594,-2.11394,-2.11394,-2.29103,-2.21009,-2.17133,-2.14391,-2.14391,-2.14391,-2.16594,-2.11394,-2.11394,-2.29103,-2.21009,-2.17133,-2.14391,-2.14391,-2.14391,-2.16594,-2.11394,-2.11394,-2.29103,-2.21009,-2.17133,-2.14391,-2.14391,-2.14391,-2.12068,-2.11394,-2.11394,-2.13246,-2.10577,-2.09571,-2.14391,-2.14391,-2.14391,-2.12068,-2.11394,-2.11394,-2.13246,-2.10577,-2.09571,-2.14391,-2.14391,-2.14391,-2.12068,-2.11394,-2.11394,-2.13246,-2.10577,-2.09571,-2.14391,-2.14391,-2.14391,-2.07705,-2.11394,-2.11394,-1.99157,-2.01005,-2.02447,-2.14391,-2.14391,-2.14391,-2.07705,-2.11394,-2.11394,-1.99157,-2.01005,-2.02447,-2.14391,-2.14391,-2.14391,-2.07705,-2.11394,-2.11394,-1.99157,-2.01005,-2.02447
56,15.1444,-2.06091,-2.06091,-2.06091,-2.08399,-2.03277,-2.03277,-2.18777,-2.12443,-2.07779,-2.06091,-2.06091,-2.06091,-2.08399,-2.03277,-2.03277,-2.18777,-2.12443,-2.07779,-2.06091,-2.06091,-2.06091,-2.08399,-2.03277,-2.03277,-2.18777,-2.12443,-2.07779,-2.06091,-2.06091,-2.06091,-2.03944,-2.03277,-2.03277,-2.04571,-2.02531,-2.01349,-2.06091,-2.06091,-2.06091,-2.03944,-2.03277,-2.03277,-2.04571,-2.02531,-2.01349,-2.06091,-2.06091,-2.06091,-2.03944,-2.03277,-2.03277,-2.04571,-2.02531,-2.01349,-2.06091,-2.06091,-2.06091,-1.99659,-2.03277,-2.03277,-1.9189,-1.93414,-1.95292,-2.06091,-2.06091,-2.06091,-1.99659,-2.03277,-2.03277,-1.9189,-1.93414,-1.95292,-2.06091,-2.06091,-2.06091,-1.99659,-2.03277,-2.03277,-1.9189,-1.93414,-1.95292
57,15.8615,-1.97976,-1.97976,-1.97976,-2.00377,-1.95335,-1.95335,-2.10277,-2.04046,-1.99485,-1.97976,-1.97976,-1.97976,-2.00377,-1.95335,-1.95335,-2.10277,-2.04046,-1.99485,-1.97976,-1.97976,-1.97976,-2.00377,-1.95335,-1.95335,-2.10277,-2.04046,-1.99485,-1.97976,-1.97976,-1.97976,-1.95996,-1.95335,-1.95335,-1.96648,-1.9465,-1.93496,-1.97976,-1.97976,-1.97976,-1.95996,-1.95335,-1.95335,-1.96648,-1.9465,-1.93496,-1.97976,-1.97976,-1.97976,-1.95996,-1.95335,-1.95335,-1.96648,-1.9465,-1.93496,-1.97976,-1.97976,-1.97976,-1.91794,-1.95335,-1.95335,-1.8448,-1.85986,-1.87857,-1.97976,-1.97976,-1.97976,-1.91794,-1.95335,-1.95335,-1.8448,-1.85986,-1.87857,-1.97976,-1.97976,-1.97976,-1.91794,-1.95335,-1.95335,-1.8448,-1.85986,-1.87857
58,16.6092,-1.90048,-1.90048,-1.90048,-1.92532,-1.87572,-1.87572,-2.01947,-1.95822,-1.91795,-1.90048,-1.90048,-1.90048,-1.92532,-1.87572,-1.87572,-2.01947,-1.95822,-1.91795,-1.90048,-1.90048,-1.90048,-1.92532,-1.87572,-1.87572,-2.01947,-1.95822,-1.91795,-1.90048,-1.90048,-1.90048,-1.88228,-1.87572,-1.87572,-1.88895,-1.86938,-1.85913,-1.90048,-1.90048,-1.90048,-1.88228,-1.87572,-1.87572,-1.88895,-1.86938,-1.85913,-1.90048,-1.90048,-1.90048,-1.88228,-1.87572,-1.87572,-1.88895,-1.86938,-1.85913,-1.90048,-1.90048,-1.90048,-1.84111,-1.87572,-1.87572,-1.77239,-1.78723,-1.80375,-1.90048,-1.90048,-1.90048,-1.84111,-1.87572,-1.87572,-1.77239,-1.78723,-1.80375,-1.90048,-1.90048,-1.90048,-1.84111,-1.87572,-1.87572,-1.77239,-1.78723,-1.80375
59,17.3889,-1.8231,-1.8231,-1.8231,-1.84865,-1.7999,-1.7999,-1.9379,-1.87774,-1.84272,-1.8231,-1.8231,-1.8231,-1.84865,-1.7999,-1.7999,-1.9379,-1.87774,-1.84272,-1.8231,-1.8231,-1.8231,-1.84865,-1.7999,-1.7999,-1.9379,-1.87774,-1.84272,-1.8231,-1.8231,-1.8231,-1.80642,-1.7999,-1.7999,-1.81313,-1.79397,-1.78502,-1.8231,-1.8231,-1.8231,-1.80642,-1.7999,-1.7999,-1.81313,-1.79397,-1.78502,-1.8231,-1.8231,-1.8231,-1.80642,-1.7999,-1.7999,-1.81313,-1.79397,-1.78502,-1.8231,-1.8231,-1.8231,-1.76613,-1.7999,-1.7999,-1.70164,-1.71626,-1.7307,-1.8231,-1.8231,-1.8231,-1.76613,-1.7999,-1.7999,-1.70164,-1.71626,-1.7307,-1.8231,-1.8231,-1.8231,-1.76613,-1.7999,-1.7999,-1.70164,-1.71626,-1.7307
60,18.202,-1.74763,-1.74763,-1.74763,-1.77381,-1.72592,-1.72592,-1.85808,-1.79907,-1.7692,-1.74763,-1.74763,-1.74763,-1.77381,-1.72592,-1.72592,-1.85808,-1.79907,-1.7692,-1.74763,-1.74763,-1.74763,-1.77381,-1.72592,-1.72592,-1.85808,-1.79907,-1.7692,-1.74763,-1.74763,-1.74763,-1.73241,-1.72592,-1.72592,-1.73904,-1.72031,-1.71264,-1.74763,-1.74763,-1.74763,-1.73241,-1.72592,-1.72592,-1.73904,-1.72031,-1.71264,-1.74763,-1.74763,-1.74763,-1.73241,-1.72592,-1.72592,-1.73904,-1.72031,-1.71264,-1.74763,-1.74763,-1.74763,-1.69301,-1.72592,-1.72592,-1.63263,-1.64697,-1.65942,-1.74763,-1.74763,-1.74763,-1.69301,-1.72592,-1.72592,-1.63263,-1.64697,-1.65942,-1.74763,-1.74763,-1.74763,-1.69301,-1.72592,-1.72592,-1.63263,-1.64697,-1.65942
61,19.05,-1.6741,-1.6741,-1.6741,-1.7008,-1.6538,-1.6538,-1.78517,-1.72233,-1.69338,-1.6741,-1.6741,-1.6741,-1.7008,-1.6538,-1.6538,-1.78517,-1.72233,-1.69338,-1.6741,-1.6741,-1.6741,-1.7008,-1.6538,-1.6538,-1.78517,-1.72233,-1.69338,-1.6741,-1.6741,-1.6741,-1.66025,-1.6538,-1.6538,-1.66854,-1.64844,-1.64111,-1.6741,-1.6741,-1.6741,-1.66025,-1.6538,-1.6538,-1.66854,-1.64844,-1.64111,-1.6741,-1.6741,-1.6741,-1.66025,-1.6538,-1.6538,-1.66854,-1.64844,-1.64111,-1.6741,-1.6741,-1.6741,-1.62178,-1.6538,-1.6538,-1.56444,-1.57939,-1.59191,-1.6741,-1.6741,-1.6741,-1.62178,-1.6538,-1.6538,-1.56444,-1.57939,-1.59191,-1.6741,-1.6741,-1.6741,-1.62178,-1.6538,-1.6538,-1.56444,-1.57939,-1.59191
62,19.9343,-1.60251,-1.60251,-1.60251,-1.62964,-1.58356,-1.58356,-1.70894,-1.65193,-1.6234,-1.60251,-1.60251,-1.60251,-1.62964,-1.58356,-1.58356,-1.70894,-1.65193,-1.6234,-1.60251,-1.60251,-1.60251,-1.62964,-1.58356,-1.58356,-1.70894,-1.65193,-1.6234,-1.60251,-1.60251,-1.60251,-1.58999,-1.58356,-1.58356,-1.59803,-1.57964,-1.57229,-1.60251,-1.60251,-1.60251,-1.58999,-1.58356,-1.58356,-1.59803,-1.57964,-1.57229,-1.60251,-1.60251,-1.60251,-1.58999,-1.58356,-1.58356,-1.59803,-1.57964,-1.57229,-1.60251,-1.60251,-1.60251,-1.55245,-1.58356,-1.58356,-1.49896,-1.51219,-1.52419,-1.60251,-1.60251,-1.60251,-1.55245,-1.58356,-1.58356,-1.49896,-1.51219,-1.52419,-1.60251,-1.60251,-1.60251,-1.55245,-1.58356,-1.58356,-1.49896,-1.51219,-1.52419
63,20.8564,-1.53289,-1.53289,-1.53289,-1.56036,-1.5152,-1.5152,-1.63462,-1.58328,-1.55521,-1.53289,-1.53289,-1.53289,-1.56036,-1.5152,-1.5152,-1.63462,-1.58328,-1.55521,-1.53289,-1.53289,-1.53289,-1.56036,-1.5152,-1.5152,-1.63462,-1.58328,-1.55521,-1.53289,-1.53289,-1.53289,-1.52161,-1.5152,-1.5152,-1.52937,-1.51265,-1.50528,-1.53289,-1.53289,-1.53289,-1.52161,-1.5152,-1.5152,-1.52937,-1.51265,-1.50528,-1.53289,-1.53289,-1.53289,-1.52161,-1.5152,-1.5152,-1.52937,-1.51265,-1.50528,-1.53289,-1.53289,-1.53289,-1.48503,-1.5152,-1.5152,-1.43525,-1.44681,-1.4583,-1.53289,-1.53289,-1.53289,-1.48503,-1.5152,-1.5152,-1.43525,-1.44681,-1.4583,-1.53289,-1.53289,-1.53289,-1.48503,-1.5152,-1.5152,-1.43525,-1.44681,-1.4583
64,21.818,-1.46524,-1.46524,-1.46524,-1.49296,-1.44875,-1.44875,-1.56223,-1.51227,-1.4888,-1.46524,-1.46524,-1.46524,-1.49296,-1.44875,-1.44875,-1.56223,-1.51227,-1.4888,-1.46524,-1.46524,-1.46524,-1.49296,-1.44875,-1.44875,-1.56223,-1.51227,-1.4888,-1.46524,-1.46524,-1.46524,-1.45514,-1.44875,-1.44875,-1.46256,-1.44621,-1.44009,-1.46524,-1.46524,-1.46524,-1.45514,-1.44875,-1.44875,-1.46256,-1.44621,-1.44009,-1.46524,-1.46524,-1.46524,-1.45514,-1.44875,-1.44875,-1.46256,-1.44621,-1.44009,-1.46524,-1.46524,-1.46524,-1.41952,-1.44875,-1.44875,-1.37329,-1.38453,-1.39426,-1.46524,-1.46524,-1.46524,-1.41952,-1.44875,-1.44875,-1.37329,-1.38453,-1.39426,-1.46524,-1.46524,-1.46524,-1.41952,-1.44875,-1.44875,-1.37329,-1.38453,-1.39426
65,22.8208,-1.39956,-1.39956,-1.39956,-1.42746,-1.38421,-1.38421,-1.48715,-1.44324,-1.42421,-1.39956,-1.39956,-1.39956,-1.42746,-1.38421,-1.38421,-1.48715,-1.44324,-1.42421,-1.39956,-1.39956,-1.39956,-1.42746,-1.38421,-1.38421,-1.48715,-1.44324,-1.42421,-1.39956,-1.39956,-1.39956,-1.39057,-1.38421,-1.38421,-1.39596,-1.38163,-1.37673,-1.39956,-1.39956,-1.39956,-1.39057,-1.38421,-1.38421,-1.39596,-1.38163,-1.37673,-1.39956,-1.39956,-1.39956,-1.39057,-1.38421,-1.38421,-1.39596,-1.38163,-1.37673,-1.39956,-1.39956,-1.39956,-1.35594,-1.38421,-1.38421,-1.31392,-1.32399,-1.33207,-1.39956,-1.39956,-1.39956,-1.35594,-1.38421,-1.38421,-1.31392,-1.32399,-1.33207,-1.39956,-1.39956,-1.39956,-1.35594,-1.38421,-1.38421,-1.31392,-1.32399,-1.33207
66,23.8665,-1.33586,-1.33586,-1.33586,-1.36385,-1.32157,-1.32157,-1.41424,-1.38007,-1.36144,-1.33586,-1.33586,-1.33586,-1.36385,-1.32157,-1.32157,-1.41424,-1.38007,-1.36144,-1.33586,-1.33586,-1.33586,-1.36385,-1.32157,-1.32157,-1.41424,-1.38007,-1.36144,-1.33586,-1.33586,-1.33586,-1.32792,-1.32157,-1.32157,-1.33129,-1.32007,-1.31522,-1.33586,-1.33586,-1.33586,-1.32792,-1.32157,-1.32157,-1.33129,-1.32007,-1.31522,-1.33586,-1.33586,-1.33586,-1.32792,-1.32157,-1.32157,-1.33129,-1.32007,-1.31522,-1.33586,-1.33586,-1.33586,-1.29427,-1.32157,-1.32157,-1.25622,-1.264,-1.27175,-1.33586,-1.33586,-1.33586,-1.29427,-1.32157,-1.32157,-1.25622,-1.264,-1.27175,-1.33586,-1.33586,-1.33586,-1.29427,-1.32157,-1.32157,-1.25622,-1.264,-1.27175
67,24.957,-1.27413,-1.27413,-1.27413,-1.30215,-1.26086,-1.26086,-1.34792,-1.3149,-1.3005,-1.27413,-1.27413,-1.27413,-1.30215,-1.26086,-1.26086,-1.34792,-1.3149,-1.3005,-1.27413,-1.27413,-1.27413,-1.30215,-1.26086,-1.26086,-1.34792,-1.3149,-1.3005,-1.27413,-1.27413,-1.27413,-1.26718,-1.26086,-1.26086,-1.27006,-1.2592,-1.25555,-1.27413,-1.27413,-1.27413,-1.26718,-1.26086,-1.26086,-1.27006,-1.2592,-1.25555,-1.27413,-1.27413,-1.27413,-1.26718,-1.26086,-1.26086,-1.27006,-1.2592,-1.25555,-1.27413,-1.27413,-1.27413,-1.23453,-1.26086,-1.26086,-1.19941,-1.20702,-1.21328,-1.27413,-1.27413,-1.27413,-1.23453,-1.26086,-1.26086,-1.19941,-1.20702,-1.21328,-1.27413,-1.27413,-1.27413,-1.23453,-1.26086,-1.26086,-1.19941,-1.20702,-1.21328
68,26.0942,-1.21437,-1.21437,-1.21437,-1.23911,-1.20205,-1.20205,-1.27928,-1.25544,-1.24139,-1.21437,-1.21437,-1.21437,-1.23911,-1.20205,-1.20205,-1.27928,-1.25544,-1.24139,-1.21437,-1.21437,-1.21437,-1.23911,-1.20205,-1.20205,-1.27928,-1.25544,-1.24139,-1.21437,-1.21437,-1.21437,-1.20774,-1.20205,-1.20205,-1.20919,-1.20131,-1.19773,-1.21437,-1.21437,-1.21437,-1.20774,-1.20205,-1.20205,-1.20919,-1.20131,-1.19773,-1.21437,-1.21437,-1.21437,-1.20774,-1.20205,-1.20205,-1.20919,-1.20131,-1.19773,-1.21437,-1.21437,-1.21437,-1.17852,-1.20205,-1.20205,-1.14509,-1.15067,-1.15667,-1.21437,-1.21437,-1.21437,-1.17852,-1.20205,-1.20205,-1.14509,-1.15067,-1.15667,-1.21437,-1.21437,-1.21437,-1.17852,-1.20205,-1.20205,-1.14509,-1.15067,-1.15667
69,27.2801,-1.15658,-1.15658,-1.15658,-1.18129,-1.14515,-1.14515,-1.21702,-1.1978,-1.18412,-1.15658,-1.15658,-1.15658,-1.18129,-1.14515,-1.14515,-1.21702,-1.1978,-1.18412,-1.15658,-1.15658,-1.15658,-1.18129,-1.14515,-1.14515,-1.21702,-1.1978,-1.18412,-1.15658,-1.15658,-1.15658,-1.15083,-1.14515,-1.14515,-1.15169,-1.14527,-1.14175,-1.15658,-1.15658,-1.15658,-1.15083,-1.14515,-1.14515,-1.15169,-1.14527,-1.14175,-1.15658,-1.15658,-1.15658,-1.15083,-1.14515,-1.14515,-1.15169,-1.14527,-1.14175,-1.15658,-1.15658,-1.15658,-1.12253,-1.14515,-1.14515,-1.0917,-1.09616,-1.10191,-1.15658,-1.15658,-1.15658,-1.12253,-1.14515,-1.14515,-1.0917,-1.09616,-1.10191,-1.15658,-1.15658,-1.15658,-1.12253,-1.14515,-1.14515,-1.0917,-1.09616,-1.10191
70,28.5168,-1.10073,-1.10073,-1.10073,-1.12231,-1.09017,-1.09017,-1.15679,-1.14199,-1.12868,-1.10073,-1.10073,-1.10073,-1.12231,-1.09017,-1.09017,-1.15679,-1.14199,-1.12868,-1.10073,-1.10073,-1.10073,-1.12231,-1.09017,-1.09017,-1.15679,-1.14199,-1.12868,-1.10073,-1.10073,-1.10073,-1.09526,-1.09017,-1.09017,-1.09604,-1.09105,-1.0876,-1.10073,-1.10073,-1.10073,-1.09526,-1.09017,-1.09017,-1.09604,-1.09105,-1.0876,-1.10073,-1.10073,-1.10073,-1.09526,-1.09017,-1.09017,-1.09604,-1.09105,-1.0876,-1.10073,-1.10073,-1.10073,-1.07015,-1.09017,-1.09017,-1.04004,-1.04349,-1.04899,-1.10073,-1.10073,-1.10073,-1.07015,-1.09017,-1.09017,-1.04004,-1.04349,-1.04899,-1.10073,-1.10073,-1.10073,-1.07015,-1.09017,-1.09017,-1.04004,-1.04349,-1.04899
71,29.8064,-1.04683,-1.04683,-1.04683,-1.06834,-1.0371,-1.0371,-1.10249,-1.0846,-1.07506,-1.04683,-1.04683,-1.04683,-1.06834,-1.0371,-1.0371,-1.10249,-1.0846,-1.07506,-1.04683,-1.04683,-1.04683,-1.06834,-1.0371,-1.0371,-1.10249,-1.0846,-1.07506,-1.04683,-1.04683,-1.04683,-1.04218,-1.0371,-1.0371,-1.04364,-1.03764,-1.03528,-1.04683,-1.04683,-1.04683,-1.04218,-1.0371,-1.0371,-1.04364,-1.03764,-1.03528,-1.04683,-1.04683,-1.04683,-1.04218,-1.0371,-1.0371,-1.04364,-1.03764,-1.03528,-1.04683,-1.04683,-1.04683,-1.01789,-1.0371,-1.0371,-0.989455,-0.99367,-0.997906,-1.04683,-1.04683,-1.04683,-1.01789,-1.0371,-1.0371,-0.989455,-0.99367,-0.997906,-1.04683,-1.04683,-1.04683,-1.01789,-1.0371,-1.0371,-0.989455,-0.99367,-0.997906
72,31.1513,-0.994858,-0.994858,-0.994858,-1.01339,-0.985925,-0.985925,-1.04635,-1.03249,-1.02325,-0.994858,-0.994858,-0.994858,-1.01339,-0.985925,-0.985925,-1.04635,-1.03249,-1.02325,-0.994858,-0.994858,-0.994858,-1.01339,-0.985925,-0.985925,-1.04635,-1.03249,-1.02325,-0.994858,-0.994858,-0.994858,-0.990432,-0.985925,-0.985925,-0.991698,-0.98707,-0.984787,-0.994858,-0.994858,-0.994858,-0.990432,-0.985925,-0.985925,-0.991698,-0.98707,-0.984787,-0.994858,-0.994858,-0.994858,-0.990432,-0.985925,-0.985925,-0.991698,-0.98707,-0.984787,-0.994858,-0.994858,-0.994858,-0.969079,-0.985925,-0.985925,-0.941299,-0.944582,-0.948635,-0.994858,-0.994858,-0.994858,-0.969079,-0.985925,-0.985925,-0.941299,-0.944582,-0.948635,-0.994858,-0.994858,-0.994858,-0.969079,-0.985925,-0.985925,-0.941299,-0.944582,-0.948635
73,32.5537,-0.944799,-0.944799,-0.944799,-0.960476,-0.936607,-0.936607,-0.992217,-0.982199,-0.973256,-0.944799,-0.944799,-0.944799,-0.960476,-0.936607,-0.936607,-0.992217,-0.982199,-0.973256,-0.944799,-0.944799,-0.944799,-0.960476,-0.936607,-0.936607,-0.992217,-0.982199,-0.973256,-0.944799,-0.944799,-0.944799,-0.940559,-0.936607,-0.936607,-0.941611,-0.938306,-0.936088,-0.944799,-0.944799,-0.944799,-0.940559,-0.936607,-0.936607,-0.941611,-0.938306,-0.936088,-0.944799,-0.944799,-0.944799,-0.940559,-0.936607,-0.936607,-0.941611,-0.938306,-0.936088,-0.944799,-0.944799,-0.944799,-0.921999,-0.936607,-0.936607,-0.894852,-0.897293,-0.90116,-0.944799,-0.944799,-0.944799,-0.921999,-0.936607,-0.936607,-0.894852,-0.897293,-0.90116,-0.944799,-0.944799,-0.944799,-0.921999,-0.936607,-0.936607,-0.894852,-0.897293,-0.90116
74,34.0162,-0.896627,-0.896627,-0.896627,-0.906916,-0.889126,-0.889126,-0.943452,-0.933697,-0.925045,-0.896627,-0.896627,-0.896627,-0.906916,-0.889126,-0.889126,-0.943452,-0.933697,-0.925045,-0.896627,-0.896627,-0.896627,-0.906916,-0.889126,-0.889126,-0.943452,-0.933697,-0.925045,-0.896627,-0.896627,-0.896627,-0.892038,-0.889126,-0.889126,-0.894587,-0.891328,-0.88917,-0.896627,-0.896627,-0.896627,-0.892038,-0.889126,-0.889126,-0.894587,-0.891328,-0.88917,-0.896627,-0.896627,-0.896627,-0.892038,-0.889126,-0.889126,-0.894587,-0.891328,-0.88917,-0.896627,-0.896627,-0.896627,-0.878114,-0.889126,-0.889126,-0.849491,-0.851779,-0.855459,-0.896627,-0.896627,-0.896627,-0.878114,-0.889126,-0.889126,-0.849491,-0.851779,-0.855459,-0.896627,-0.896627,-0.896627,-0.878114,-0.889126,-0.889126,-0.849491,-0.851779,-0.855459
75,35.5413,-0.850314,-0.850314,-0.850314,-0.85809,-0.843459,-0.843459,-0.896452,-0.886968,-0.8786,-0.850314,-0.850314,-0.850314,-0.85809,-0.843459,-0.843459,-0.896452,-0.886968,-0.8786,-0.850314,-0.850314,-0.850314,-0.85809,-0.843459,-0.843459,-0.896452,-0.886968,-0.8786,-0.850314,-0.850314,-0.850314,-0.845857,-0.843459,-0.843459,-0.84932,-0.846113,-0.844008,-0.850314,-0.850314,-0.850314,-0.845857,-0.843459,-0.843459,-0.84932,-0.846113,-0.844008,-0.850314,-0.850314,-0.850314,-0.845857,-0.843459,-0.843459,-0.84932,-0.846113,-0.844008,-0.850314,-0.850314,-0.850314,-0.834355,-0.843459,-0.843459,-0.805871,-0.808015,-0.811505,-0.850314,-0.850314,-0.850314,-0.834355,-0.843459,-0.843459,-0.805871,-0.808015,-0.811505,-0.850314,-0.850314,-0.850314,-0.834355,-0.843459,-0.843459,-0.805871,-0.808015,-0.811505
76,37.1318,-0.805829,-0.805829,-0.805829,-0.81122,-0.799575,-0.799575,-0.848024,-0.841992,-0.8339,-0.805829,-0.805829,-0.805829,-0.81122,-0.799575,-0.799575,-0.848024,-0.841992,-0.8339,-0.805829,-0.805829,-0.805829,-0.81122,-0.799575,-0.799575,-0.848024,-0.841992,-0.8339,-0.805829,-0.805829,-0.805829,-0.801475,-0.799575,-0.799575,-0.804625,-0.802636,-0.800579,-0.805829,-0.805829,-0.805829,-0.801475,-0.799575,-0.799575,-0.804625,-0.802636,-0.800579,-0.805829,-0.805829,-0.805829,-0.801475,-0.799575,-0.799575,-0.804625,-0.802636,-0.800579,-0.805829,-0.805829,-0.805829,-0.792247,-0.799575,-0.799575,-0.76452,-0.765972,-0.769272,-0.805829,-0.805829,-0.805829,-0.792247,-0.799575,-0.799575,-0.76452,-0.765972,-0.769272,-0.805829,-0.805829,-0.805829,-0.792247,-0.799575,-0.799575,-0.76452,-0.765972,-0.769272
77,38.7903,-0.763161,-0.763161,-0.763161,-0.766276,-0.757447,-0.757447,-0.804583,-0.798742,-0.788422,-0.763161,-0.763161,-0.763161,-0.766276,-0.757447,-0.757447,-0.804583,-0.798742,-0.788422,-0.763161,-0.763161,-0.763161,-0.766276,-0.757447,-0.757447,-0.804583,-0.798742,-0.788422,-0.763161,-0.763161,-0.763161,-0.758862,-0.757447,-0.757447,-0.76281,-0.760869,-0.758295,-0.763161,-0.763161,-0.763161,-0.758862,-0.757447,-0.757447,-0.76281,-0.760869,-0.758295,-0.763161,-0.763161,-0.763161,-0.758862,-0.757447,-0.757447,-0.76281,-0.760869,-0.758295,-0.763161,-0.763161,-0.763161,-0.751763,-0.757447,-0.757447,-0.724251,-0.725622,-0.729957,-0.763161,-0.763161,-0.763161,-0.751763,-0.757447,-0.757447,-0.724251,-0.725622,-0.729957,-0.763161,-0.763161,-0.763161,-0.751763,-0.757447,-0.757447,-0.724251,-0.725622,-0.729957
78,40.5199,-0.72229,-0.72229,-0.72229,-0.725524,-0.717047,-0.717047,-0.762838,-0.754556,-0.747224,-0.72229,-0.72229,-0.72229,-0.725524,-0.717047,-0.717047,-0.762838,-0.754556,-0.747224,-0.72229,-0.72229,-0.72229,-0.725524,-0.717047,-0.717047,-0.762838,-0.754556,-0.747224,-0.72229,-0.72229,-0.72229,-0.718431,-0.717047,-0.717047,-0.722674,-0.720013,-0.718266,-0.72229,-0.72229,-0.72229,-0.718431,-0.717047,-0.717047,-0.722674,-0.720013,-0.718266,-0.72229,-0.72229,-0.72229,-0.718431,-0.717047,-0.717047,-0.722674,-0.720013,-0.718266,-0.72229,-0.72229,-0.72229,-0.711611,-0.717047,-0.717047,-0.685644,-0.687743,-0.691029,-0.72229,-0.72229,-0.72229,-0.711611,-0.717047,-0.717047,-0.685644,-0.687743,-0.691029,-0.72229,-0.72229,-0.72229,-0.711611,-0.717047,-0.717047,-0.685644,-0.687743,-0.691029
79,42.3235,-0.68316,-0.68316,-0.68316,-0.684275,-0.678348,-0.678348,-0.722765,-0.714764,-0.707689,-0.68316,-0.68316,-0.68316,-0.684275,-0.678348,-0.678348,-0.722765,-0.714764,-0.707689,-0.68316,-0.68316,-0.68316,-0.684275,-0.678348,-0.678348,-0.722765,-0.714764,-0.707689,-0.68316,-0.68316,-0.68316,-0.679278,-0.678348,-0.678348,-0.68419,-0.681594,-0.679885,-0.68316,-0.68316,-0.68316,-0.679278,-0.678348,-0.678348,-0.68419,-0.681594,-0.679885,-0.68316,-0.68316,-0.68316,-0.679278,-0.678348,-0.678348,-0.68419,-0.681594,-0.679885,-0.68316,-0.68316,-0.68316,-0.67437,-0.678348,-0.678348,-0.648664,-0.650635,-0.653732,-0.68316,-0.68316,-0.68316,-0.67437,-0.678348,-0.678348,-0.648664,-0.650635,-0.653732,-0.68316,-0.68316,-0.68316,-0.67437,-0.678348,-0.678348,-0.648664,-0.650635,-0.653732
80,44.2044,-0.645727,-0.645727,-0.645727,-0.64696,-0.641312,-0.641312,-0.684336,-0.676613,-0.667572,-0.645727,-0.645727,-0.645727,-0.64696,-0.641312,-0.641312,-0.684336,-0.676613,-0.667572,-0.645727,-0.645727,-0.645727,-0.64696,-0.641312,-0.641312,-0.684336,-0.676613,-0.667572,-0.645727,-0.645727,-0.645727,-0.642198,-0.641312,-0.641312,-0.647326,-0.644792,-0.642618,-0.645727,-0.645727,-0.645727,-0.642198,-0.641312,-0.641312,-0.647326,-0.644792,-0.642618,-0.645727,-0.645727,-0.645727,-0.642198,-0.641312,-0.641312,-0.647326,-0.644792,-0.642618,-0.645727,-0.645727,-0.645727,-0.637492,-0.641312,-0.641312,-0.613276,-0.61512,-0.61911,-0.645727,-0.645727,-0.645727,-0.637492,-0.641312,-0.641312,-0.613276,-0.61512,-0.61911,-0.645727,-0.645727,-0.645727,-0.637492,-0.641312,-0.641312,-0.613276,-0.61512,-0.61911
81,46.1658,-0.609946,-0.609946,-0.609946,-0.611267,-0.605899,-0.605899,-0.644921,-0.640067,-0.629235,-0.609946,-0.609946,-0.609946,-0.611267,-0.605899,-0.605899,-0.644921,-0.640067,-0.629235,-0.609946,-0.609946,-0.609946,-0.611267,-0.605899,-0.605899,-0.644921,-0.640067,-0.629235,-0.609946,-0.609946,-0.609946,-0.606734,-0.605899,-0.605899,-0.611116,-0.609571,-0.606969,-0.609946,-0.609946,-0.609946,-0.606734,-0.605899,-0.605899,-0.611116,-0.609571,-0.606969,-0.609946,-0.609946,-0.609946,-0.606734,-0.605899,-0.605899,-0.611116,-0.609571,-0.606969,-0.609946,-0.609946,-0.609946,-0.602226,-0.605899,-0.605899,-0.579919,-0.581159,-0.585953,-0.609946,-0.609946,-0.609946,-0.602226,-0.605899,-0.605899,-0.579919,-0.581159,-0.585953,-0.609946,-0.609946,-0.609946,-0.602226,-0.605899,-0.605899,-0.579919,-0.581159,-0.585953
82,48.2111,-0.575775,-0.575775,-0.575775,-0.577159,-0.572068,-0.572068,-0.609777,-0.605093,-0.592632,-0.575775,-0.575775,-0.575775,-0.577159,-0.572068,-0.572068,-0.609777,-0.605093,-0.592632,-0.575775,-0.575775,-0.575775,-0.577159,-0.572068,-0.572068,-0.609777,-0.605093,-0.592632,-0.575775,-0.575775,-0.575775,-0.572845,-0.572068,-0.572068,-0.577408,-0.575894,-0.572895,-0.575775,-0.575775,-0.575775,-0.572845,-0.572068,-0.572068,-0.577408,-0.575894,-0.572895,-0.575775,-0.575775,-0.575775,-0.572845,-0.572068,-0.572068,-0.577408,-0.575894,-0.572895,-0.575775,-0.575775,-0.575775,-0.568532,-0.572068,-0.572068,-0.547565,-0.548716,-0.554221,-0.575775,-0.575775,-0.575775,-0.568532,-0.572068,-0.572068,-0.547565,-0.548716,-0.554221,-0.575775,-0.575775,-0.575775,-0.568532,-0.572068,-0.572068,-0.547565,-0.548716,-0.554221
83,50.3441,-0.54317,-0.54317,-0.54317,-0.544616,-0.539777,-0.539777,-0.576171,-0.569527,-0.55578,-0.54317,-0.54317,-0.54317,-0.544616,-0.539777,-0.539777,-0.576171,-0.569527,-0.55578,-0.54317,-0.54317,-0.54317,-0.544616,-0.539777,-0.539777,-0.576171,-0.569527,-0.55578,-0.54317,-0.54317,-0.54317,-0.540493,-0.539777,-0.539777,-0.545206,-0.543108,-0.53992,-0.54317,-0.54317,-0.54317,-0.540493,-0.539777,-0.539777,-0.545206,-0.543108,-0.53992,-0.54317,-0.54317,-0.54317,-0.540493,-0.539777,-0.539777,-0.545206,-0.543108,-0.53992,-0.54317,-0.54317,-0.54317,-0.53637,-0.539777,-0.539777,-0.516686,-0.518402,-0.524821,-0.54317,-0.54317,-0.54317,-0.53637,-0.539777,-0.539777,-0.516686,-0.518402,-0.524821,-0.54317,-0.54317,-0.54317,-0.53637,-0.539777,-0.539777,-0.516686,-0.518402,-0.524821
84,52.5684,-0.512084,-0.512084,-0.512084,-0.513575,-0.508982,-0.508982,-0.544064,-0.537656,-0.518892,-0.512084,-0.512084,-0.512084,-0.513575,-0.508982,-0.508982,-0.544064,-0.537656,-0.518892,-0.512084,-0.512084,-0.512084,-0.513575,-0.508982,-0.508982,-0.544064,-0.537656,-0.518892,-0.512084,-0.512084,-0.512084,-0.509637,-0.508982,-0.508982,-0.514471,-0.512411,-0.508057,-0.512084,-0.512084,-0.512084,-0.509637,-0.508982,-0.508982,-0.514471,-0.512411,-0.508057,-0.512084,-0.512084,-0.512084,-0.509637,-0.508982,-0.508982,-0.514471,-0.512411,-0.508057,-0.512084,-0.512084,-0.512084,-0.505699,-0.508982,-0.508982,-0.48724,-0.488823,-0.497578,-0.512084,-0.512084,-0.512084,-0.505699,-0.508982,-0.508982,-0.48724,-0.488823,-0.497578,-0.512084,-0.512084,-0.512084,-0.505699,-0.508982,-0.508982,-0.48724,-0.488823,-0.497578
85,54.888,-0.482474,-0.482474,-0.482474,-0.48399,-0.47964,-0.47964,-0.513417,-0.50724,-0.485693,-0.482474,-0.482474,-0.482474,-0.48399,-0.47964,-0.47964,-0.513417,-0.50724,-0.485693,-0.482474,-0.482474,-0.482474,-0.48399,-0.47964,-0.47964,-0.513417,-0.50724,-0.485693,-0.482474,-0.482474,-0.482474,-0.480233,-0.47964,-0.47964,-0.48516,-0.48314,-0.478101,-0.482474,-0.482474,-0.482474,-0.480233,-0.47964,-0.47964,-0.48516,-0.48314,-0.478101,-0.482474,-0.482474,-0.482474,-0.480233,-0.47964,-0.47964,-0.48516,-0.48314,-0.478101,-0.482474,-0.482474,-0.482474,-0.476476,-0.47964,-0.47964,-0.459184,-0.46064,-0.470607,-0.482474,-0.482474,-0.482474,-0.476476,-0.47964,-0.47964,-0.459184,-0.46064,-0.470607,-0.482474,-0.482474,-0.482474,-0.476476,-0.47964,-0.47964,-0.459184,-0.46064,-0.470607
86,57.3069,-0.454293,-0.454293,-0.454293,-0.45582,-0.451706,-0.451706,-0.482126,-0.478237,-0.455919,-0.454293,-0.454293,-0.454293,-0.45582,-0.451706,-0.451706,-0.482126,-0.478237,-0.455919,-0.454293,-0.454293,-0.454293,-0.45582,-0.451706,-0.451706,-0.482126,-0.478237,-0.455919,-0.454293,-0.454293,-0.454293,-0.452239,-0.451706,-0.451706,-0.4565,-0.455252,-0.449966,-0.454293,-0.454293,-0.454293,-0.452239,-0.451706,-0.451706,-0.4565,-0.455252,-0.449966,-0.454293,-0.454293,-0.454293,-0.452239,-0.451706,-0.451706,-0.4565,-0.455252,-0.449966,-0.454293,-0.454293,-0.454293,-0.448658,-0.451706,-0.451706,-0.432853,-0.433809,-0.444014,-0.454293,-0.454293,-0.454293,-0.448658,-0.451706,-0.451706,-0.432853,-0.433809,-0.444014,-0.454293,-0.454293,-0.454293,-0.448658,-0.451706,-0.451706,-0.432853,-0.433809,-0.444014
87,59.8293,-0.427495,-0.427495,-0.427495,-0.429019,-0.425135,-0.425135,-0.454354,-0.450607,-0.429237,-0.427495,-0.427495,-0.427495,-0.429019,-0.425135,-0.425135,-0.454354,-0.450607,-0.429237,-0.427495,-0.427495,-0.427495,-0.429019,-0.425135,-0.425135,-0.454354,-0.450607,-0.429237,-0.427495,-0.427495,-0.427495,-0.425609,-0.425135,-0.425135,-0.429931,-0.428704,-0.423567,-0.427495,-0.427495,-0.427495,-0.425609,-0.425135,-0.425135,-0.429931,-0.428704,-0.423567,-0.427495,-0.427495,-0.427495,-0.425609,-0.425135,-0.425135,-0.429931,-0.428704,-0.423567,-0.427495,-0.427495,-0.427495,-0.422198,-0.425135,-0.425135,-0.407416,-0.408288,-0.417897,-0.427495,-0.427495,-0.427495,-0.422198,-0.425135,-0.425135,-0.407416,-0.408288,-0.417897,-0.427495,-0.427495,-0.427495,-0.422198,-0.425135,-0.425135,-0.407416,-0.408288,-0.417897
88,62.4598,-0.402033,-0.402033,-0.402033,-0.403544,-0.399882,-0.399882,-0.427915,-0.42262,-0.403862,-0.402033,-0.402033,-0.402033,-0.403544,-0.399882,-0.399882,-0.427915,-0.42262,-0.403862,-0.402033,-0.402033,-0.402033,-0.403544,-0.399882,-0.399882,-0.427915,-0.42262,-0.403862,-0.402033,-0.402033,-0.402033,-0.400298,-0.399882,-0.399882,-0.404661,-0.402963,-0.398466,-0.402033,-0.402033,-0.402033,-0.400298,-0.399882,-0.399882,-0.404661,-0.402963,-0.398466,-0.402033,-0.402033,-0.402033,-0.400298,-0.399882,-0.399882,-0.404661,-0.402963,-0.398466,-0.402033,-0.402033,-0.402033,-0.397053,-0.399882,-0.399882,-0.383242,-0.384536,-0.39307,-0.402033,-0.402033,-0.402033,-0.397053,-0.399882,-0.399882,-0.383242,-0.384536,-0.39307,-0.402033,-0.402033,-0.402033,-0.397053,-0.399882,-0.399882,-0.383242,-0.384536,-0.39307
89,65.2029,-0.377861,-0.377861,-0.377861,-0.379348,-0.375903,-0.375903,-0.402768,-0.397671,-0.379751,-0.377861,-0.377861,-0.377861,-0.379348,-0.375903,-0.375903,-0.402768,-0.397671,-0.379751,-0.377861,-0.377861,-0.377861,-0.379348,-0.375903,-0.375903,-0.402768,-0.397671,-0.379751,-0.377861,-0.377861,-0.377861,-0.376264,-0.375903,-0.375903,-0.380646,-0.378976,-0.37462,-0.377861,-0.377861,-0.377861,-0.376264,-0.375903,-0.375903,-0.380646,-0.378976,-0.37462,-0.377861,-0.377861,-0.377861,-0.376264,-0.375903,-0.375903,-0.380646,-0.378976,-0.37462,-0.377861,-0.377861,-0.377861,-0.373179,-0.375903,-0.375903,-0.360287,-0.361463,-0.36949,-0.377861,-0.377861,-0.377861,-0.373179,-0.375903,-0.375903,-0.360287,-0.361463,-0.36949,-0.377861,-0.377861,-0.377861,-0.373179,-0.375903,-0.375903,-0.360287,-0.361463,-0.36949
90,68.0635,-0.354932,-0.354932,-0.354932,-0.357629,-0.35315,-0.35315,-0.377166,-0.373967,-0.35686,-0.354932,-0.354932,-0.354932,-0.357629,-0.35315,-0.35315,-0.377166,-0.373967,-0.35686,-0.354932,-0.354932,-0.354932,-0.357629,-0.35315,-0.35315,-0.377166,-0.373967,-0.35686,-0.354932,-0.354932,-0.354932,-0.353719,-0.35315,-0.35315,-0.357232,-0.356202,-0.351987,-0.354932,-0.354932,-0.354932,-0.353719,-0.35315,-0.35315,-0.357232,-0.356202,-0.351987,-0.354932,-0.354932,-0.354932,-0.353719,-0.35315,-0.35315,-0.357232,-0.356202,-0.351987,-0.354932,-0.354932,-0.354932,-0.349809,-0.35315,-0.35315,-0.338803,-0.339573,-0.347113,-0.354932,-0.354932,-0.354932,-0.349809,-0.35315,-0.35315,-0.338803,-0.339573,-0.347113,-0.354932,-0.354932,-0.354932,-0.349809,-0.35315,-0.35315,-0.338803,-0.339573,-0.347113
91,71.0466,-0.3332,-0.3332,-0.3332,-0.335793,-0.33158,-0.33158,-0.35454,-0.351464,-0.335147,-0.3332,-0.3332,-0.3332,-0.335793,-0.33158,-0.33158,-0.35454,-0.351464,-0.335147,-0.3332,-0.3332,-0.3332,-0.335793,-0.33158,-0.33158,-0.35454,-0.351464,-0.335147,-0.3332,-0.3332,-0.3332,-0.332083,-0.33158,-0.33158,-0.335611,-0.334598,-0.330521,-0.3332,-0.3332,-0.3332,-0.332083,-0.33158,-0.33158,-0.335611,-0.334598,-0.330521,-0.3332,-0.3332,-0.3332,-0.332083,-0.33158,-0.33158,-0.335611,-0.334598,-0.330521,-0.3332,-0.3332,-0.3332,-0.328373,-0.33158,-0.33158,-0.318126,-0.318822,-0.325895,-0.3332,-0.3332,-0.3332,-0.328373,-0.33158,-0.33158,-0.318126,-0.318822,-0.325895,-0.3332,-0.3332,-0.3332,-0.328373,-0.33158,-0.33158,-0.318126,-0.318822,-0.325895
92,74.1574,-0.312619,-0.312619,-0.312619,-0.315106,-0.311147,-0.311147,-0.333074,-0.330119,-0.314567,-0.312619,-0.312619,-0.312619,-0.315106,-0.311147,-0.311147,-0.333074,-0.330119,-0.314567,-0.312619,-0.312619,-0.312619,-0.315106,-0.311147,-0.311147,-0.333074,-0.330119,-0.314567,-0.312619,-0.312619,-0.312619,-0.311589,-0.311147,-0.311147,-0.315116,-0.314121,-0.31018,-0.312619,-0.312619,-0.312619,-0.311589,-0.311147,-0.311147,-0.315116,-0.314121,-0.31018,-0.312619,-0.312619,-0.312619,-0.311589,-0.311147,-0.311147,-0.315116,-0.314121,-0.31018,-0.312619,-0.312619,-0.312619,-0.308071,-0.311147,-0.311147,-0.29854,-0.299165,-0.305794,-0.312619,-0.312619,-0.312619,-0.308071,-0.311147,-0.311147,-0.29854,-0.299165,-0.305794,-0.312619,-0.312619,-0.312619,-0.308071,-0.311147,-0.311147,-0.29854,-0.299165,-0.305794
93,77.4014,-0.293143,-0.293143,-0.293143,-0.295523,-0.291808,-0.291808,-0.311275,-0.308585,-0.295078,-0.293143,-0.293143,-0.293143,-0.295523,-0.291808,-0.291808,-0.311275,-0.308585,-0.295078,-0.293143,-0.293143,-0.293143,-0.295523,-0.291808,-0.291808,-0.311275,-0.308585,-0.295078,-0.293143,-0.293143,-0.293143,-0.292191,-0.291808,-0.291808,-0.295183,-0.294346,-0.290922,-0.293143,-0.293143,-0.293143,-0.292191,-0.291808,-0.291808,-0.295183,-0.294346,-0.290922,-0.293143,-0.293143,-0.293143,-0.292191,-0.291808,-0.291808,-0.295183,-0.294346,-0.290922,-0.293143,-0.293143,-0.293143,-0.288858,-0.291808,-0.291808,-0.280252,-0.280945,-0.286765,-0.293143,-0.293143,-0.293143,-0.288858,-0.291808,-0.291808,-0.280252,-0.280945,-0.286765,-0.293143,-0.293143,-0.293143,-0.288858,-0.291808,-0.291808,-0.280252,-0.280945,-0.286765
94,80.7843,-0.274728,-0.274728,-0.274728,-0.277,-0.273517,-0.273517,-0.292062,-0.289479,-0.276637,-0.274728,-0.274728,-0.274728,-0.277,-0.273517,-0.273517,-0.292062,-0.289479,-0.276637,-0.274728,-0.274728,-0.274728,-0.277,-0.273517,-0.273517,-0.292062,-0.289479,-0.276637,-0.274728,-0.274728,-0.274728,-0.273846,-0.273517,-0.273517,-0.276822,-0.275996,-0.272703,-0.274728,-0.274728,-0.274728,-0.273846,-0.273517,-0.273517,-0.276822,-0.275996,-0.272703,-0.274728,-0.274728,-0.274728,-0.273846,-0.273517,-0.273517,-0.276822,-0.275996,-0.272703,-0.274728,-0.274728,-0.274728,-0.270692,-0.273517,-0.273517,-0.262692,-0.263313,-0.268768,-0.274728,-0.274728,-0.274728,-0.270692,-0.273517,-0.273517,-0.262692,-0.263313,-0.268768,-0.274728,-0.274728,-0.274728,-0.270692,-0.273517,-0.273517,-0.262692,-0.263313,-0.268768
95,84.3121,-0.257328,-0.257328,-0.257328,-0.259495,-0.256231,-0.256231,-0.273881,-0.271402,-0.259202,-0.257328,-0.257328,-0.257328,-0.259495,-0.256231,-0.256231,-0.273881,-0.271402,-0.259202,-0.257328,-0.257328,-0.257328,-0.259495,-0.256231,-0.256231,-0.273881,-0.271402,-0.259202,-0.257328,-0.257328,-0.257328,-0.256513,-0.256231,-0.256231,-0.259459,-0.258646,-0.255481,-0.257328,-0.257328,-0.257328,-0.256513,-0.256231,-0.256231,-0.259459,-0.258646,-0.255481,-0.257328,-0.257328,-0.257328,-0.256513,-0.256231,-0.256231,-0.259459,-0.258646,-0.255481,-0.257328,-0.257328,-0.257328,-0.253531,-0.256231,-0.256231,-0.246097,-0.246655,-0.25176,-0.257328,-0.257328,-0.257328,-0.253531,-0.256231,-0.256231,-0.246097,-0.246655,-0.25176,-0.257328,-0.257328,-0.257328,-0.253531,-0.256231,-0.256231,-0.246097,-0.246655,-0.25176
96,87.991,-0.240901,-0.240901,-0.240901,-0.242966,-0.239908,-0.239908,-0.255466,-0.254313,-0.242733,-0.240901,-0.240901,-0.240901,-0.242966,-0.239908,-0.239908,-0.255466,-0.254313,-0.242733,-0.240901,-0.240901,-0.240901,-0.242966,-0.239908,-0.239908,-0.255466,-0.254313,-0.242733,-0.240901,-0.240901,-0.240901,-0.240149,-0.239908,-0.239908,-0.242621,-0.242255,-0.239216,-0.240901,-0.240901,-0.240901,-0.240149,-0.239908,-0.239908,-0.242621,-0.242255,-0.239216,-0.240901,-0.240901,-0.240901,-0.240149,-0.239908,-0.239908,-0.242621,-0.242255,-0.239216,-0.240901,-0.240901,-0.240901,-0.237331,-0.239908,-0.239908,-0.230645,-0.230926,-0.235699,-0.240901,-0.240901,-0.240901,-0.237331,-0.239908,-0.239908,-0.230645,-0.230926,-0.235699,-0.240901,-0.240901,-0.240901,-0.237331,-0.239908,-0.239908,-0.230645,-0.230926,-0.235699
97,91.8274,-0.225404,-0.225404,-0.225404,-0.22737,-0.224505,-0.224505,-0.239275,-0.23817,-0.227187,-0.225404,-0.225404,-0.225404,-0.22737,-0.224505,-0.224505,-0.239275,-0.23817,-0.227187,-0.225404,-0.225404,-0.225404,-0.22737,-0.224505,-0.224505,-0.239275,-0.23817,-0.227187,-0.225404,-0.225404,-0.225404,-0.22471,-0.224505,-0.224505,-0.22714,-0.22678,-0.223866,-0.225404,-0.225404,-0.225404,-0.22471,-0.224505,-0.224505,-0.22714,-0.22678,-0.223866,-0.225404,-0.225404,-0.225404,-0.22471,-0.224505,-0.224505,-0.22714,-0.22678,-0.223866,-0.225404,-0.225404,-0.225404,-0.222049,-0.224505,-0.224505,-0.215834,-0.216085,-0.220545,-0.225404,-0.225404,-0.225404,-0.222049,-0.224505,-0.224505,-0.215834,-0.216085,-0.220545,-0.225404,-0.225404,-0.225404,-0.222049,-0.224505,-0.224505,-0.215834,-0.216085,-0.220545
98,95.828,-0.210795,-0.210795,-0.210795,-0.21346,-0.209982,-0.209982,-0.22399,-0.222933,-0.212524,-0.210795,-0.210795,-0.210795,-0.21346,-0.209982,-0.209982,-0.22399,-0.222933,-0.212524,-0.210795,-0.210795,-0.210795,-0.21346,-0.209982,-0.209982,-0.22399,-0.222933,-0.212524,-0.210795,-0.210795,-0.210795,-0.210318,-0.209982,-0.209982,-0.212535,-0.212182,-0.20939,-0.210795,-0.210795,-0.210795,-0.210318,-0.209982,-0.209982,-0.212535,-0.212182,-0.20939,-0.210795,-0.210795,-0.210795,-0.210318,-0.209982,-0.209982,-0.212535,-0.212182,-0.20939,-0.210795,-0.210795,-0.210795,-0.207176,-0.209982,-0.209982,-0.201866,-0.202093,-0.206256,-0.210795,-0.210795,-0.210795,-0.207176,-0.209982,-0.209982,-0.201866,-0.202093,-0.206256,-0.210795,-0.210795,-0.210795,-0.207176,-0.209982,-0.209982,-0.201866,-0.202093,-0.206256
99,100,-0.19703,-0.19703,-0.19703,-0.199548,-0.196295,-0.196295,-0.210642,-0.20856,-0.198703,-0.19703,-0.19703,-0.19703,-0.199548,-0.196295,-0.196295,-0.210642,-0.20856,-0.198703,-0.19703,-0.19703,-0.19703,-0.199548,-0.196295,-0.196295,-0.210642,-0.20856,-0.198703,-0.19703,-0.19703,-0.19703,-0.196583,-0.196295,-0.196295,-0.199144,-0.198413,-0.195745,-0.19703,-0.19703,-0.19703,-0.196583,-0.196295,-0.196295,-0.199144,-0.198413,-0.195745,-0.19703,-0.19703,-0.19703,-0.196583,-0.196295,-0.196295,-0.199144,-0.198413,-0.195745,-0.19703,-0.19703,-0.19703,-0.193618,-0.196295,-0.196295,-0.188322,-0.188848,-0.192788,-0.19703,-0.19703,-0.19703,-0.193618,-0.196295,-0.196295,-0.188322,-0.188848,-0.192788,-0.19703,-0.19703,-0.19703,-0.193618,-0.196295,-0.196295,-0.188322,-0.188848,-0.192788
