gridnumber,capital,VF[0 0],VF[0 1],VF[0 2],VF[0 3],VF[0 4],VF[1 0],VF[1 1],VF[1 2],VF[1 3],VF[1 4],VF[2 0],VF[2 1],VF[2 2],VF[2 3],VF[2 4],VF[3 0],VF[3 1],VF[3 2],VF[3 3],VF[3 4],VF[4 0],VF[4 1],VF[4 2],VF[4 3],VF[4 4]
0,0,-5030.97,-5030.97,-5030.97,-5030.97,-5030.97,-5027.34,-5027.34,-5027.34,-5027.34,-5027.34,-5024.63,-5024.63,-5024.63,-5024.63,-5024.63,-5022.56,-5022.56,-5022.56,-5022.56,-5022.56,-5020.92,-5020.92,-5020.92,-5020.92,-5020.92
1,0.0468873,-184.42,-184.42,-184.42,-184.42,-184.42,-181.298,-181.298,-181.298,-181.298,-181.298,-178.845,-178.845,-178.845,-178.845,-178.845,-176.895,-176.895,-176.895,-176.895,-176.895,-175.333,-175.333,-175.333,-175.333,-175.333
2,0.0951487,-74.2566,-74.2566,-74.2566,-74.2566,-74.2566,-71.533,-71.533,-71.533,-71.533,-71.533,-69.2902,-69.2902,-69.2902,-69.2902,-69.2902,-67.4589,-67.4589,-67.4589,-67.4589,-67.4589,-65.9605,-65.9605,-65.9605,-65.9605,-65.9605
3,0.144824,-49.1548,-49.1548,-49.1548,-49.1548,-49.1548,-46.7339,-46.7339,-46.7339,-46.7339,-46.7339,-44.6745,-44.6745,-44.6745,-44.6745,-44.6745,-42.9452,-42.9452,-42.9452,-42.9452,-42.9452,-41.5061,-41.5061,-41.5061,-41.5061,-41.5061
4,0.195956,-39.4614,-39.4614,-39.4614,-39.4614,-39.4614,-37.2764,-37.2764,-37.2764,-37.2764,-37.2764,-35.3681,-35.3681,-35.3681,-35.3681,-35.3681,-33.7313,-33.7313,-33.7313,-33.7313,-33.7313,-32.3458,-32.3458,-32.3458,-32.3458,-32.3458
5,0.248585,-34.594,-34.594,-34.594,-34.594,-34.594,-32.6183,-32.6183,-32.6183,-32.6183,-32.6183,-30.8378,-30.8378,-30.8378,-30.8378,-30.8378,-29.2831,-29.2831,-29.2831,-29.2831,-29.2831,-27.9483,-27.9483,-27.9483,-27.9483,-27.9483
6,0.302757,-31.7318,-31.7318,-31.7318,-31.7318,-31.7318,-29.9267,-29.9267,-29.9267,-29.9267,-29.9267,-28.264,-28.264,-28.264,-28.264,-28.264,-26.7842,-26.7842,-26.7842,-26.7842,-26.7842,-25.4964,-25.4964,-25.4964,-25.4964,-25.4964
7,0.358517,-29.8629,-29.8629,-29.8629,-29.8629,-29.8629,-28.1945,-28.1945,-28.1945,-28.1945,-28.1945,-26.6359,-26.6359,-26.6359,-26.6359,-26.6359,-25.2256,-25.2256,-25.2256,-25.2256,-25.2256,-23.9817,-23.9817,-23.9817,-23.9817,-23.9817
8,0.41591,-28.5389,-28.5389,-28.5389,-28.5389,-28.5389,-26.9917,-26.9917,-26.9917,-26.9917,-26.9917,-25.5209,-25.5209,-25.5209,-25.5209,-25.5209,-24.1742,-24.1742,-24.1742,-24.1742,-24.1742,-22.9723,-22.9723,-22.9723,-22.9723,-22.9723
9,0.474986,-27.5403,-27.5403,-27.5403,-27.5403,-27.5403,-26.104,-26.104,-26.104,-26.104,-26.104,-24.7129,-24.7129,-24.7129,-24.7129,-24.7129,-23.4228,-23.4228,-23.4228,-23.4228,-23.4228,-22.2592,-22.2592,-22.2592,-22.2592,-22.2592
10,0.535792,-26.7522,-26.7522,-26.7522,-26.7522,-26.7522,-25.4117,-25.4117,-25.4117,-25.4117,-25.4117,-24.0946,-24.0946,-24.0946,-24.0946,-24.0946,-22.8571,-22.8571,-22.8571,-22.8571,-22.8571,-21.7288,-21.7288,-21.7288,-21.7288,-21.7288
11,0.598381,-26.1104,-26.1104,-26.1104,-26.1104,-26.1099,-24.8505,-24.8505,-24.8505,-24.8505,-24.8505,-23.6012,-23.6012,-23.6012,-23.6012,-23.6012,-22.4123,-22.4123,-22.4123,-22.4123,-22.4123,-21.3205,-21.3205,-21.3205,-21.3205,-21.3205
12,0.662804,-25.5722,-25.5722,-25.5722,-25.5722,-25.5702,-24.3829,-24.3829,-24.3829,-24.3829,-24.3827,-23.1941,-23.1941,-23.1941,-23.1941,-23.1941,-22.0527,-22.0527,-22.0527,-22.0527,-22.0527,-20.9927,-20.9927,-20.9927,-20.9927,-20.9927
13,0.729114,-25.1078,-25.1078,-25.1078,-25.1074,-25.1047,-23.9859,-23.9859,-23.9859,-23.9859,-23.9858,-22.8505,-22.8505,-22.8505,-22.8505,-22.8505,-21.7521,-21.7521,-21.7521,-21.7521,-21.7521,-20.7233,-20.7233,-20.7233,-20.7233,-20.7233
14,0.797368,-24.6989,-24.6989,-24.6989,-24.6983,-24.6954,-23.6387,-23.6387,-23.6387,-23.6387,-23.6378,-22.5537,-22.5537,-22.5537,-22.5537,-22.5537,-21.4941,-21.4941,-21.4941,-21.4941,-21.494,-20.4954,-20.4954,-20.4954,-20.4954,-20.4954
15,0.867622,-24.3341,-24.3341,-24.3341,-24.3338,-24.3293,-23.3291,-23.3291,-23.3291,-23.329,-23.3271,-22.2907,-22.2907,-22.2907,-22.2907,-22.2902,-21.2689,-21.2689,-21.2689,-21.2689,-21.2687,-20.2984,-20.2984,-20.2984,-20.2984,-20.2983
16,0.939934,-24.0042,-24.0042,-24.0042,-24.0041,-23.9975,-23.0492,-23.0492,-23.0492,-23.0488,-23.0459,-22.0545,-22.0545,-22.0545,-22.0545,-22.0532,-21.0675,-21.0675,-21.0675,-21.0675,-21.0675,-20.1241,-20.1241,-20.1241,-20.1241,-20.124
17,1.01437,-23.7042,-23.7042,-23.7042,-23.7016,-23.6947,-22.7932,-22.7932,-22.7932,-22.7919,-22.7889,-21.8398,-21.8398,-21.8398,-21.8396,-21.8381,-20.8856,-20.8856,-20.8856,-20.8856,-20.8845,-19.9677,-19.9677,-19.9677,-19.9677,-19.9672
18,1.09098,-23.4278,-23.4278,-23.4277,-23.424,-23.4162,-22.5577,-22.5577,-22.5577,-22.5567,-22.5507,-21.6409,-21.6409,-21.6409,-21.6408,-21.6383,-20.7189,-20.7189,-20.7189,-20.7189,-20.7173,-19.8255,-19.8255,-19.8255,-19.8255,-19.8246
19,1.16984,-23.1701,-23.1701,-23.1696,-23.1652,-23.1562,-22.3378,-22.3378,-22.3377,-22.3364,-22.3301,-21.4556,-21.4556,-21.4556,-21.4556,-21.4516,-20.5635,-20.5635,-20.5635,-20.5634,-20.5614,-19.6937,-19.6937,-19.6937,-19.6937,-19.6924
20,1.25101,-22.9281,-22.9281,-22.9269,-22.9225,-22.9122,-22.1313,-22.1313,-22.1313,-22.1288,-22.1222,-21.2824,-21.2824,-21.2824,-21.281,-21.2764,-20.4175,-20.4175,-20.4175,-20.4175,-20.4146,-19.5707,-19.5707,-19.5707,-19.5707,-19.5683
21,1.33455,-22.6996,-22.6996,-22.6982,-22.6925,-22.6821,-21.9358,-21.9358,-21.9358,-21.9324,-21.9249,-21.1183,-21.1183,-21.1183,-21.1164,-21.1105,-20.2802,-20.2802,-20.2802,-20.2797,-20.276,-19.4549,-19.4549,-19.4549,-19.4547,-19.4518
22,1.42055,-22.4828,-22.4828,-22.4811,-22.4744,-22.4636,-21.7497,-21.7497,-21.7496,-21.7457,-21.7373,-20.9615,-20.9615,-20.9615,-20.9593,-20.9529,-20.149,-20.149,-20.149,-20.148,-20.1435,-19.3443,-19.3443,-19.3443,-19.3439,-19.3405
23,1.50907,-22.276,-22.2758,-22.274,-22.2667,-22.2549,-21.5725,-21.5725,-21.5717,-21.5669,-21.5582,-20.811,-20.811,-20.8108,-20.8081,-20.8012,-20.0229,-20.0229,-20.0229,-20.0215,-20.0163,-19.2386,-19.2386,-19.2386,-19.2379,-19.2335
24,1.60018,-22.0782,-22.0779,-22.0752,-22.0678,-22.0554,-21.4026,-21.4026,-21.4012,-21.3955,-21.3857,-20.6662,-20.6662,-20.6659,-20.6624,-20.6549,-19.9015,-19.9015,-19.9015,-19.8992,-19.8932,-19.1367,-19.1367,-19.1367,-19.1355,-19.1306
25,1.69396,-21.8884,-21.8882,-21.8846,-21.8765,-21.8639,-21.2385,-21.2385,-21.2368,-21.2304,-21.2196,-20.5266,-20.5266,-20.5262,-20.5218,-20.5134,-19.784,-19.784,-19.784,-19.7813,-19.7743,-19.0375,-19.0375,-19.0375,-19.036,-19.0306
26,1.79048,-21.7053,-21.7051,-21.7011,-21.692,-21.679,-21.0795,-21.0795,-21.0774,-21.0706,-21.0592,-20.391,-20.391,-20.3902,-20.3852,-20.3759,-19.6696,-19.6696,-19.6694,-19.666,-19.6585,-18.9415,-18.9415,-18.9414,-18.939,-18.9327
27,1.88984,-21.5282,-21.5282,-21.5237,-21.5141,-21.4998,-20.925,-20.9249,-20.9223,-20.915,-20.9032,-20.2589,-20.2589,-20.2577,-20.2522,-20.2424,-19.5575,-19.5575,-19.5571,-19.5532,-19.5453,-18.847,-18.847,-18.847,-18.8444,-18.8375
28,1.99211,-21.3567,-21.3566,-21.3518,-21.3418,-21.3268,-20.7745,-20.7745,-20.7714,-20.7636,-20.7512,-20.1297,-20.1297,-20.1282,-20.1223,-20.112,-19.4483,-19.4483,-19.4476,-19.443,-19.4343,-18.7543,-18.7543,-18.7542,-18.7509,-18.7435
29,2.09737,-21.1902,-21.1897,-21.1844,-21.174,-21.1589,-20.6282,-20.6281,-20.6243,-20.6161,-20.6031,-20.0034,-20.0034,-20.0012,-19.9947,-19.9838,-19.3408,-19.3408,-19.3399,-19.3346,-19.3251,-18.6635,-18.6635,-18.663,-18.659,-18.651
30,2.20572,-21.0279,-21.0269,-21.0212,-21.0104,-20.9948,-20.4854,-20.4851,-20.4808,-20.4716,-20.4583,-19.8795,-19.8795,-19.8769,-19.8695,-19.8581,-19.2346,-19.2346,-19.2334,-19.2278,-19.2179,-18.5734,-18.5734,-18.573,-18.5684,-18.5597
31,2.31725,-20.8693,-20.868,-20.8619,-20.8507,-20.8346,-20.3452,-20.3447,-20.3399,-20.3302,-20.3162,-19.7578,-19.7576,-19.7547,-19.747,-19.7346,-19.13,-19.13,-19.1285,-19.1223,-19.1119,-18.4842,-18.4842,-18.4836,-18.4786,-18.4695
32,2.43204,-20.7142,-20.7125,-20.7061,-20.6946,-20.6781,-20.2076,-20.2069,-20.2017,-20.1916,-20.1767,-19.6377,-19.6377,-19.6343,-19.626,-19.613,-19.027,-19.027,-19.0248,-19.0177,-19.0068,-18.3961,-18.3961,-18.3949,-18.3894,-18.3797
33,2.5502,-20.5623,-20.5604,-20.5536,-20.5417,-20.5249,-20.0721,-20.0714,-20.0659,-20.0554,-20.0401,-19.5192,-19.5191,-19.5151,-19.5064,-19.493,-18.9248,-18.9248,-18.9221,-18.9147,-18.9028,-18.3085,-18.3085,-18.3071,-18.301,-18.2905
34,2.67182,-20.4134,-20.4113,-20.4039,-20.3915,-20.3742,-19.9389,-19.9379,-19.9321,-19.9211,-19.9054,-19.402,-19.4018,-19.3974,-19.3883,-19.3745,-18.8232,-18.8232,-18.8203,-18.8125,-18.8001,-18.2212,-18.2212,-18.2194,-18.213,-18.2021
35,2.797,-20.267,-20.2647,-20.2567,-20.2439,-20.2261,-19.8074,-19.8063,-19.7999,-19.7885,-19.7724,-19.2865,-19.286,-19.2811,-19.2714,-19.2572,-18.7223,-18.7222,-18.7191,-18.7107,-18.6979,-18.1342,-18.1342,-18.132,-18.1251,-18.1137
36,2.92586,-20.1229,-20.1203,-20.112,-20.0986,-20.0806,-19.6776,-19.6761,-19.6694,-19.6577,-19.6412,-19.172,-19.1713,-19.166,-19.1554,-19.1408,-18.6223,-18.6222,-18.6183,-18.6096,-18.5964,-18.0476,-18.0476,-18.0452,-18.0375,-18.0256
37,3.05848,-19.9809,-19.9779,-19.9695,-19.9556,-19.9372,-19.5495,-19.5478,-19.5406,-19.5286,-19.5117,-19.0584,-19.0575,-19.0518,-19.0409,-19.0254,-18.5227,-18.5227,-18.5183,-18.509,-18.4951,-17.9611,-17.9611,-17.9582,-17.9504,-17.9376
38,3.195,-19.8407,-19.8375,-19.8289,-19.8147,-19.7957,-19.4228,-19.4208,-19.4134,-19.4007,-19.3834,-18.9454,-18.9444,-18.9384,-18.9272,-18.9111,-18.4235,-18.4233,-18.4187,-18.4088,-18.3942,-17.8744,-17.8744,-17.8713,-17.863,-17.85
39,3.33551,-19.7024,-19.699,-19.6901,-19.6754,-19.6559,-19.2971,-19.2951,-19.2873,-19.274,-19.2563,-18.8331,-18.832,-18.8258,-18.8141,-18.7975,-18.3246,-18.3241,-18.3192,-18.309,-18.2941,-17.7881,-17.7879,-17.7843,-17.7755,-17.7623
40,3.48015,-19.5656,-19.5621,-19.5529,-19.5378,-19.5177,-19.1727,-19.1704,-19.1623,-19.1486,-19.1304,-18.7214,-18.7201,-18.7137,-18.7015,-18.6846,-18.2258,-18.2251,-18.2199,-18.2094,-18.1941,-17.7016,-17.7014,-17.6975,-17.6881,-17.6742
41,3.62902,-19.4302,-19.4265,-19.417,-19.4018,-19.3813,-19.0493,-19.0467,-19.0383,-19.0243,-19.0055,-18.6107,-18.6091,-18.602,-18.5896,-18.5723,-18.1274,-18.1267,-18.1209,-18.11,-18.0942,-17.6148,-17.6147,-17.6104,-17.6006,-17.586
42,3.78225,-19.2962,-19.2923,-19.2824,-19.2671,-19.2463,-18.9267,-18.9238,-18.9151,-18.9009,-18.8816,-18.5003,-18.4985,-18.4908,-18.4782,-18.4605,-18.0292,-18.0282,-18.0222,-18.0105,-17.9945,-17.5278,-17.5277,-17.5231,-17.5131,-17.4981
43,3.93998,-19.1634,-19.1592,-19.1492,-19.1336,-19.1125,-18.8049,-18.8017,-18.7928,-18.7782,-18.7584,-18.3903,-18.3883,-18.3803,-18.3671,-18.349,-17.9309,-17.9298,-17.9235,-17.9115,-17.8948,-17.441,-17.4406,-17.4354,-17.4253,-17.4098
44,4.10232,-19.0317,-19.0273,-19.017,-19.0012,-18.9798,-18.6837,-18.6802,-18.6713,-18.6562,-18.6362,-18.2806,-18.2783,-18.2702,-18.2563,-18.2378,-17.8326,-17.8313,-17.8246,-17.8124,-17.795,-17.3539,-17.3533,-17.3479,-17.337,-17.3214
45,4.26943,-18.9012,-18.8964,-18.886,-18.8698,-18.8481,-18.5633,-18.5595,-18.5502,-18.5349,-18.5147,-18.1711,-18.1686,-18.1602,-18.1461,-18.1271,-17.7341,-17.7328,-17.7257,-17.7132,-17.6954,-17.2662,-17.2657,-17.2601,-17.2487,-17.2326
46,4.44143,-18.7715,-18.7665,-18.7559,-18.7394,-18.7175,-18.4435,-18.4395,-18.4297,-18.4144,-18.3938,-18.0618,-18.059,-18.0504,-18.0362,-18.0165,-17.6358,-17.6342,-17.6268,-17.6139,-17.5959,-17.1784,-17.1777,-17.1718,-17.1602,-17.1435
47,4.61847,-18.6427,-18.6376,-18.6266,-18.6099,-18.5877,-18.3241,-18.32,-18.3098,-18.2943,-18.2733,-17.9526,-17.9497,-17.9408,-17.9263,-17.9063,-17.5375,-17.5355,-17.5277,-17.5145,-17.4962,-17.0902,-17.0893,-17.0831,-17.0713,-17.0542
48,4.8007,-18.5147,-18.5095,-18.498,-18.4812,-18.4588,-18.2052,-18.201,-18.1904,-18.1746,-18.1533,-17.8437,-17.8404,-17.8313,-17.8166,-17.7963,-17.4389,-17.4368,-17.4287,-17.415,-17.3964,-17.0017,-17.0007,-16.9941,-16.9819,-16.9646
49,4.98827,-18.3874,-18.3821,-18.3703,-18.3533,-18.3307,-18.0866,-18.0823,-18.0716,-18.0553,-18.0338,-17.7349,-17.7315,-17.722,-17.7069,-17.6865,-17.3401,-17.3379,-17.3296,-17.3154,-17.2964,-16.9129,-16.9118,-16.9049,-16.8921,-16.8746
50,5.18134,-18.2607,-18.2553,-18.2434,-18.226,-18.2031,-17.9684,-17.9639,-17.9531,-17.9363,-17.9146,-17.6262,-17.6226,-17.6128,-17.5974,-17.5767,-17.241,-17.2387,-17.2302,-17.2158,-17.1963,-16.8236,-16.8223,-16.8152,-16.8023,-16.7841
51,5.38006,-18.1346,-18.1291,-18.1171,-18.0993,-18.0762,-17.8506,-17.8459,-17.835,-17.8178,-17.7959,-17.5175,-17.5137,-17.5037,-17.4879,-17.467,-17.1417,-17.1393,-17.1306,-17.1159,-17.096,-16.7338,-16.7323,-16.7251,-16.7119,-16.6933
52,5.58461,-18.0092,-18.0035,-17.9913,-17.9731,-17.9499,-17.7331,-17.7282,-17.7171,-17.6998,-17.6775,-17.4087,-17.4048,-17.3947,-17.3785,-17.3573,-17.0423,-17.0395,-17.0307,-17.0159,-16.9956,-16.6437,-16.6421,-16.6344,-16.621,-16.6023
53,5.79515,-17.8842,-17.8783,-17.866,-17.8475,-17.8241,-17.6158,-17.6108,-17.5994,-17.582,-17.5593,-17.3,-17.296,-17.2856,-17.2692,-17.2476,-16.9427,-16.9397,-16.9305,-16.9156,-16.895,-16.5533,-16.5515,-16.5435,-16.5298,-16.5108
54,6.01186,-17.7597,-17.7537,-17.7412,-17.7224,-17.6988,-17.4988,-17.4935,-17.482,-17.4644,-17.4413,-17.1913,-17.1871,-17.1765,-17.1598,-17.1379,-16.8429,-16.8397,-16.8301,-16.8149,-16.7942,-16.4623,-16.4604,-16.4522,-16.4381,-16.4188
55,6.23493,-17.6356,-17.6294,-17.6168,-17.5979,-17.574,-17.3819,-17.3765,-17.3647,-17.347,-17.3235,-17.0824,-17.0781,-17.0673,-17.0504,-17.0283,-16.7427,-16.7394,-16.7297,-16.714,-16.6931,-16.3708,-16.3688,-16.3605,-16.3461,-16.3263
56,6.46452,-17.5119,-17.5055,-17.4928,-17.4737,-17.4495,-17.2651,-17.2596,-17.2477,-17.2298,-17.206,-16.9735,-16.9691,-16.9582,-16.9411,-16.9186,-16.6422,-16.6389,-16.629,-16.6129,-16.5918,-16.2788,-16.2767,-16.2682,-16.2536,-16.2335
57,6.70085,-17.3885,-17.382,-17.369,-17.3499,-17.3253,-17.1486,-17.1429,-17.1308,-17.1126,-17.0887,-16.8647,-16.86,-16.8489,-16.8317,-16.8088,-16.5415,-16.538,-16.528,-16.5118,-16.4902,-16.1864,-16.1841,-16.1755,-16.1608,-16.1403
58,6.94411,-17.2653,-17.2587,-17.2456,-17.2263,-17.2014,-17.0322,-17.0262,-17.014,-16.9957,-16.9716,-16.7558,-16.7508,-16.7395,-16.7222,-16.6991,-16.4405,-16.4368,-16.4267,-16.4103,-16.3883,-16.0938,-16.0913,-16.0823,-16.0674,-16.0467
59,7.19449,-17.1425,-17.1357,-17.1225,-17.103,-17.0779,-16.9158,-16.9097,-16.8973,-16.8788,-16.8546,-16.6467,-16.6415,-16.63,-16.6126,-16.5893,-16.3392,-16.3353,-16.325,-16.3085,-16.2862,-16.0007,-15.998,-15.9887,-15.9735,-15.9527
60,7.45221,-17.0198,-17.013,-16.9996,-16.9801,-16.9547,-16.7995,-16.7933,-16.7806,-16.762,-16.7375,-16.5375,-16.5322,-16.5203,-16.5028,-16.4793,-16.2377,-16.2335,-16.223,-16.2064,-16.1839,-15.907,-15.9042,-15.8948,-15.8792,-15.8583
61,7.71748,-16.8974,-16.8905,-16.877,-16.8573,-16.8318,-16.6832,-16.6769,-16.664,-16.6453,-16.6206,-16.4282,-16.4228,-16.4107,-16.3929,-16.3693,-16.1359,-16.1315,-16.1207,-16.1039,-16.0813,-15.8128,-15.8098,-15.8003,-15.7845,-15.7634
62,7.99052,-16.7752,-16.7682,-16.7546,-16.7347,-16.7091,-16.567,-16.5605,-16.5474,-16.5287,-16.5037,-16.3187,-16.3131,-16.301,-16.2828,-16.2591,-16.0337,-16.0292,-16.0181,-16.0011,-15.9784,-15.7181,-15.715,-15.7053,-15.6894,-15.6679
63,8.27157,-16.6532,-16.6461,-16.6324,-16.6125,-16.5867,-16.4507,-16.4442,-16.431,-16.412,-16.387,-16.209,-16.2034,-16.1911,-16.1726,-16.1488,-15.9312,-15.9266,-15.9153,-15.898,-15.8752,-15.623,-15.6197,-15.6099,-15.5939,-15.572
64,8.56085,-16.5314,-16.5241,-16.5104,-16.4904,-16.4644,-16.3344,-16.3279,-16.3146,-16.2954,-16.2702,-16.0991,-16.0934,-16.0811,-16.0623,-16.0383,-15.8284,-15.8237,-15.8123,-15.7947,-15.7717,-15.5276,-15.524,-15.514,-15.4978,-15.4758
65,8.85861,-16.4097,-16.4023,-16.3885,-16.3684,-16.3424,-16.2182,-16.2116,-16.1982,-16.1788,-16.1536,-15.9891,-15.9833,-15.9709,-15.952,-15.9277,-15.7252,-15.7203,-15.7088,-15.6911,-15.6679,-15.4317,-15.428,-15.4176,-15.4013,-15.3792
66,9.16509,-16.2882,-16.2807,-16.2668,-16.2467,-16.2205,-16.102,-16.0952,-16.0818,-16.0622,-16.0369,-15.8789,-15.873,-15.8605,-15.8416,-15.817,-15.6216,-15.6167,-15.6051,-15.5872,-15.5638,-15.3352,-15.3314,-15.3209,-15.3044,-15.2822
67,9.48056,-16.1667,-16.1593,-16.1452,-16.125,-16.0987,-15.9857,-15.9789,-15.9654,-15.9456,-15.9203,-15.7685,-15.7625,-15.75,-15.731,-15.7061,-15.5177,-15.5126,-15.501,-15.4831,-15.4594,-15.2382,-15.2343,-15.2237,-15.2069,-15.1847
68,9.80527,-16.0454,-16.0379,-16.0237,-16.0035,-15.9771,-15.8694,-15.8625,-15.849,-15.829,-15.8036,-15.6579,-15.6518,-15.6392,-15.6202,-15.5952,-15.4135,-15.4084,-15.3967,-15.3787,-15.3547,-15.1408,-15.1368,-15.1261,-15.1091,-15.0867
69,10.1395,-15.9243,-15.9167,-15.9024,-15.8822,-15.8557,-15.753,-15.7461,-15.7325,-15.7124,-15.6869,-15.5472,-15.541,-15.5283,-15.5092,-15.484,-15.3092,-15.3037,-15.292,-15.2739,-15.2497,-15.0428,-15.0387,-15.028,-15.011,-14.9883
70,10.4835,-15.8033,-15.7956,-15.7813,-15.761,-15.7344,-15.6366,-15.6297,-15.6161,-15.596,-15.5702,-15.4364,-15.43,-15.4172,-15.3981,-15.3728,-15.2044,-15.1989,-15.187,-15.1688,-15.1446,-14.9445,-14.9403,-14.9295,-14.9124,-14.8895
71,10.8376,-15.6824,-15.6746,-15.6602,-15.6399,-15.6133,-15.5203,-15.5133,-15.4996,-15.4794,-15.4536,-15.3254,-15.3189,-15.306,-15.2868,-15.2616,-15.0993,-15.0938,-15.0816,-15.0634,-15.0391,-14.8458,-14.8414,-14.8306,-14.8134,-14.7902
72,11.2021,-15.5615,-15.5537,-15.5392,-15.5189,-15.4922,-15.4039,-15.3969,-15.3832,-15.3629,-15.3369,-15.2142,-15.2078,-15.1946,-15.1754,-15.1502,-14.994,-14.9884,-14.976,-14.9577,-14.9334,-14.7468,-14.7423,-14.7312,-14.714,-14.6906
73,11.5773,-15.4408,-15.4329,-15.4184,-15.3979,-15.3713,-15.2874,-15.2804,-15.2667,-15.2464,-15.2203,-15.1029,-15.0964,-15.0832,-15.0639,-15.0386,-14.8883,-14.8827,-14.8704,-14.8519,-14.8276,-14.6472,-14.6427,-14.6314,-14.6141,-14.5908
74,11.9634,-15.3202,-15.3123,-15.2977,-15.2771,-15.2504,-15.1711,-15.1639,-15.1502,-15.1298,-15.1036,-14.9915,-14.9849,-14.9716,-14.9523,-14.927,-14.7825,-14.7768,-14.7644,-14.7458,-14.7214,-14.5474,-14.5428,-14.5315,-14.514,-14.4907
75,12.3609,-15.1996,-15.1917,-15.1771,-15.1564,-15.1297,-15.0547,-15.0474,-15.0336,-15.0133,-14.987,-14.88,-14.8733,-14.8599,-14.8405,-14.8152,-14.6764,-14.6706,-14.6582,-14.6394,-14.6151,-14.4472,-14.4425,-14.4311,-14.4134,-14.3902
76,12.77,-15.0792,-15.0712,-15.0566,-15.0358,-15.0091,-14.9383,-14.9309,-14.917,-14.8967,-14.8703,-14.7683,-14.7616,-14.7481,-14.7286,-14.7033,-14.57,-14.5642,-14.5517,-14.5328,-14.5084,-14.3466,-14.3417,-14.3303,-14.3125,-14.2892
77,13.1911,-14.9588,-14.9508,-14.9361,-14.9153,-14.8885,-14.8219,-14.8143,-14.8005,-14.7801,-14.7537,-14.6565,-14.6497,-14.6362,-14.6166,-14.5912,-14.4634,-14.4574,-14.4449,-14.426,-14.4015,-14.2456,-14.2406,-14.2291,-14.2113,-14.1879
78,13.6246,-14.8384,-14.8305,-14.8158,-14.7949,-14.7681,-14.7054,-14.6979,-14.6839,-14.6635,-14.6371,-14.5446,-14.5377,-14.5242,-14.5045,-14.4791,-14.3565,-14.3505,-14.3379,-14.319,-14.2943,-14.1442,-14.1391,-14.1276,-14.1097,-14.0862
79,14.0707,-14.7182,-14.7103,-14.6955,-14.6745,-14.6478,-14.589,-14.5814,-14.5673,-14.547,-14.5205,-14.4325,-14.4256,-14.4121,-14.3921,-14.3668,-14.2494,-14.2433,-14.2307,-14.2118,-14.1869,-14.0424,-14.0373,-14.0257,-14.0079,-13.9841
80,14.5299,-14.5981,-14.5901,-14.5754,-14.5543,-14.5277,-14.4725,-14.4649,-14.4507,-14.4304,-14.404,-14.3203,-14.3134,-14.2998,-14.2798,-14.2544,-14.142,-14.1359,-14.1232,-14.1043,-14.0793,-13.9405,-13.9352,-13.9235,-13.9056,-13.8817
81,15.0026,-14.478,-14.47,-14.4553,-14.4342,-14.4076,-14.356,-14.3483,-14.3341,-14.3138,-14.2874,-14.208,-14.201,-14.1875,-14.1675,-14.142,-14.0345,-14.0282,-14.0155,-13.9966,-13.9715,-13.8382,-13.8328,-13.821,-13.803,-13.7791
82,15.4891,-14.3581,-14.35,-14.3353,-14.3142,-14.2876,-14.2395,-14.2318,-14.2175,-14.1972,-14.1709,-14.0955,-14.0886,-14.075,-14.055,-14.0294,-13.9269,-13.9204,-13.9076,-13.8887,-13.8636,-13.7356,-13.7301,-13.7181,-13.7002,-13.6762
83,15.9899,-14.2382,-14.2301,-14.2154,-14.1943,-14.1678,-14.123,-14.1153,-14.1009,-14.0807,-14.0545,-13.983,-13.976,-13.9625,-13.9425,-13.9168,-13.819,-13.8125,-13.7996,-13.7806,-13.7556,-13.6327,-13.6271,-13.615,-13.597,-13.5731
84,16.5054,-14.1183,-14.1104,-14.0957,-14.0746,-14.0481,-14.0065,-13.9988,-13.9843,-13.9642,-13.938,-13.8704,-13.8634,-13.8498,-13.8299,-13.8042,-13.7108,-13.7043,-13.6913,-13.6723,-13.6474,-13.5294,-13.5238,-13.5117,-13.4936,-13.4697
85,17.036,-13.9987,-13.9907,-13.976,-13.955,-13.9285,-13.89,-13.8823,-13.8679,-13.8477,-13.8216,-13.7577,-13.7507,-13.7372,-13.7172,-13.6915,-13.6025,-13.596,-13.5828,-13.564,-13.5391,-13.4259,-13.4203,-13.4081,-13.39,-13.3662
86,17.5821,-13.8791,-13.8711,-13.8565,-13.8356,-13.8091,-13.7736,-13.7659,-13.7515,-13.7314,-13.7053,-13.645,-13.6379,-13.6244,-13.6046,-13.5788,-13.494,-13.4875,-13.4743,-13.4554,-13.4307,-13.3221,-13.3165,-13.3043,-13.2861,-13.2624
87,18.1442,-13.7596,-13.7517,-13.7371,-13.7162,-13.6898,-13.6572,-13.6495,-13.6352,-13.6151,-13.589,-13.5322,-13.5251,-13.5116,-13.4918,-13.4661,-13.3854,-13.3789,-13.3658,-13.3468,-13.3222,-13.2181,-13.2124,-13.2003,-13.182,-13.1583
88,18.7228,-13.6403,-13.6324,-13.6179,-13.597,-13.5707,-13.5408,-13.5332,-13.519,-13.4988,-13.4728,-13.4195,-13.4122,-13.3988,-13.3791,-13.3534,-13.2767,-13.2701,-13.2571,-13.2381,-13.2135,-13.1138,-13.1081,-13.0961,-13.0778,-13.054
89,19.3184,-13.5212,-13.5133,-13.4988,-13.4781,-13.4518,-13.4246,-13.4169,-13.4028,-13.3826,-13.3568,-13.3067,-13.2994,-13.286,-13.2664,-13.2407,-13.1679,-13.1613,-13.1483,-13.1293,-13.1047,-13.0093,-13.0036,-12.9916,-12.9734,-12.9495
90,19.9314,-13.4022,-13.3944,-13.3799,-13.3593,-13.3331,-13.3084,-13.3008,-13.2867,-13.2666,-13.2408,-13.1939,-13.1866,-13.1732,-13.1536,-13.1281,-13.0589,-13.0524,-13.0395,-13.0203,-12.9959,-12.9046,-12.8989,-12.887,-12.8688,-12.8448
91,20.5623,-13.2835,-13.2756,-13.2612,-13.2406,-13.2145,-13.1924,-13.1848,-13.1707,-13.1507,-13.125,-13.0811,-13.0739,-13.0604,-13.041,-13.0156,-12.9499,-12.9434,-12.9305,-12.9113,-12.887,-12.7998,-12.7941,-12.7821,-12.764,-12.74
92,21.2118,-13.1649,-13.157,-13.1427,-13.1222,-13.0962,-13.0765,-13.0689,-13.0549,-13.0349,-13.0093,-12.9685,-12.9612,-12.9477,-12.9284,-12.9031,-12.8409,-12.8344,-12.8215,-12.8024,-12.7781,-12.6949,-12.6891,-12.6771,-12.6591,-12.6351
93,21.8803,-13.0465,-13.0387,-13.0244,-13.004,-12.9781,-12.9608,-12.9532,-12.9392,-12.9192,-12.8937,-12.8558,-12.8486,-12.8351,-12.8158,-12.7906,-12.7318,-12.7253,-12.7125,-12.6935,-12.6691,-12.59,-12.584,-12.5721,-12.5541,-12.5302
94,22.5684,-12.9284,-12.9205,-12.9063,-12.886,-12.8601,-12.8452,-12.8376,-12.8237,-12.8037,-12.7783,-12.7433,-12.736,-12.7225,-12.7034,-12.6783,-12.6228,-12.6163,-12.6035,-12.5845,-12.5602,-12.4849,-12.4789,-12.4669,-12.449,-12.4253
95,23.2766,-12.8105,-12.8026,-12.7884,-12.7682,-12.7424,-12.7298,-12.7222,-12.7083,-12.6883,-12.6631,-12.6308,-12.6235,-12.61,-12.591,-12.566,-12.5137,-12.5072,-12.4944,-12.4755,-12.4512,-12.3798,-12.3737,-12.3616,-12.3438,-12.3202
96,24.0056,-12.6928,-12.6849,-12.6708,-12.6506,-12.625,-12.6145,-12.6069,-12.593,-12.5731,-12.548,-12.5184,-12.5111,-12.4976,-12.4787,-12.4538,-12.4047,-12.3981,-12.3853,-12.3666,-12.3423,-12.2745,-12.2684,-12.2562,-12.2385,-12.2151
97,24.756,-12.5753,-12.5675,-12.5534,-12.5333,-12.5078,-12.4993,-12.4918,-12.478,-12.4581,-12.4331,-12.4061,-12.3989,-12.3854,-12.3665,-12.3416,-12.2956,-12.2891,-12.2763,-12.2576,-12.2334,-12.1692,-12.1631,-12.1509,-12.1332,-12.1098
98,25.5283,-12.4581,-12.4502,-12.4363,-12.4163,-12.3908,-12.3844,-12.3769,-12.3631,-12.3434,-12.3184,-12.294,-12.2867,-12.2733,-12.2544,-12.2297,-12.1867,-12.1801,-12.1673,-12.1487,-12.1246,-12.0638,-12.0577,-12.0455,-12.0278,-12.0045
99,26.3233,-12.3412,-12.3333,-12.3194,-12.2995,-12.2741,-12.2697,-12.2622,-12.2484,-12.2288,-12.2039,-12.182,-12.1747,-12.1613,-12.1424,-12.1178,-12.0779,-12.0711,-12.0585,-12.0399,-12.0158,-11.9585,-11.9524,-11.9402,-11.9224,-11.8992
100,27.1416,-12.2245,-12.2166,-12.2028,-12.183,-12.1577,-12.1552,-12.1477,-12.134,-12.1145,-12.0897,-12.0701,-12.0629,-12.0496,-12.0306,-12.0062,-11.9691,-11.9623,-11.9497,-11.9312,-11.9071,-11.8531,-11.847,-11.8348,-11.817,-11.7939
101,27.9838,-12.1081,-12.1002,-12.0865,-12.0668,-12.0416,-12.0409,-12.0334,-12.0198,-12.0004,-11.9757,-11.9584,-11.9512,-11.9379,-11.919,-11.8947,-11.8603,-11.8536,-11.8409,-11.8226,-11.7986,-11.7477,-11.7416,-11.7295,-11.7116,-11.6887
102,28.8508,-11.992,-11.9842,-11.9705,-11.9509,-11.9258,-11.9268,-11.9194,-11.9059,-11.8865,-11.8619,-11.8469,-11.8397,-11.8265,-11.8076,-11.7834,-11.7518,-11.7449,-11.7323,-11.7141,-11.6902,-11.6424,-11.6363,-11.6242,-11.6063,-11.5834
103,29.7431,-11.8762,-11.8684,-11.8548,-11.8354,-11.8104,-11.813,-11.8056,-11.7922,-11.7729,-11.7485,-11.7355,-11.7284,-11.7152,-11.6963,-11.6723,-11.6432,-11.6364,-11.6238,-11.6057,-11.5819,-11.5371,-11.5309,-11.5189,-11.5011,-11.4782
104,30.6616,-11.7608,-11.7529,-11.7394,-11.7201,-11.6953,-11.6995,-11.6921,-11.6787,-11.6596,-11.6352,-11.6244,-11.6172,-11.6042,-11.5853,-11.5615,-11.5349,-11.5281,-11.5154,-11.4974,-11.4738,-11.4318,-11.4257,-11.4136,-11.3959,-11.3731
105,31.607,-11.6456,-11.6378,-11.6244,-11.6052,-11.5805,-11.5863,-11.5789,-11.5656,-11.5466,-11.5223,-11.5134,-11.5063,-11.4933,-11.4745,-11.4508,-11.4266,-11.4198,-11.4072,-11.3893,-11.3658,-11.3266,-11.3205,-11.3085,-11.2908,-11.2682
106,32.5802,-11.5308,-11.5231,-11.5097,-11.4907,-11.4661,-11.4733,-11.4659,-11.4527,-11.4338,-11.4097,-11.4027,-11.3957,-11.3827,-11.364,-11.3404,-11.3185,-11.3118,-11.2992,-11.2814,-11.258,-11.2214,-11.2153,-11.2034,-11.1858,-11.1633
107,33.5818,-11.4164,-11.4087,-11.3953,-11.3765,-11.352,-11.3606,-11.3533,-11.3401,-11.3214,-11.2974,-11.2923,-11.2852,-11.2723,-11.2538,-11.2303,-11.2106,-11.2039,-11.1914,-11.1736,-11.1504,-11.1164,-11.1103,-11.0984,-11.0809,-11.0585
108,34.6128,-11.3023,-11.2947,-11.2814,-11.2626,-11.2384,-11.2483,-11.241,-11.2279,-11.2093,-11.1854,-11.1821,-11.175,-11.1622,-11.1438,-11.1205,-11.1029,-11.0962,-11.0838,-11.066,-11.043,-11.0115,-11.0054,-10.9936,-10.9762,-10.9538
109,35.674,-11.1887,-11.181,-11.1678,-11.1492,-11.1251,-11.1363,-11.129,-11.116,-11.0976,-11.0738,-11.0722,-11.0651,-11.0524,-11.0341,-11.0109,-10.9954,-10.9888,-10.9764,-10.9587,-10.9358,-10.9068,-10.9007,-10.8889,-10.8717,-10.8493
110,36.7663,-11.0754,-11.0678,-11.0547,-11.0362,-11.0123,-11.0247,-11.0174,-11.0045,-10.9862,-10.9626,-10.9625,-10.9555,-10.9429,-10.9247,-10.9016,-10.8882,-10.8816,-10.8693,-10.8516,-10.8289,-10.8023,-10.7961,-10.7844,-10.7673,-10.745
111,37.8906,-10.9625,-10.9549,-10.9419,-10.9236,-10.8998,-10.9134,-10.9062,-10.8934,-10.8752,-10.8517,-10.8532,-10.8463,-10.8337,-10.8157,-10.7927,-10.7812,-10.7746,-10.7624,-10.7448,-10.7223,-10.6979,-10.6917,-10.6801,-10.6631,-10.641
112,39.0479,-10.85,-10.8425,-10.8296,-10.8114,-10.7878,-10.8026,-10.7953,-10.7826,-10.7646,-10.7412,-10.7442,-10.7373,-10.7248,-10.7069,-10.6841,-10.6745,-10.6679,-10.6558,-10.6382,-10.6159,-10.5938,-10.5876,-10.576,-10.5592,-10.5371
113,40.239,-10.738,-10.7306,-10.7177,-10.6997,-10.6763,-10.6921,-10.6848,-10.6722,-10.6544,-10.6312,-10.6356,-10.6287,-10.6163,-10.5986,-10.5759,-10.5681,-10.5615,-10.5495,-10.532,-10.5099,-10.4899,-10.4836,-10.4721,-10.4554,-10.4335
114,41.4651,-10.6264,-10.6191,-10.6063,-10.5885,-10.5652,-10.582,-10.5748,-10.5623,-10.5447,-10.5215,-10.5273,-10.5204,-10.5081,-10.4906,-10.4681,-10.4619,-10.4555,-10.4435,-10.426,-10.4042,-10.3862,-10.38,-10.3684,-10.3518,-10.3302
115,42.7271,-10.5153,-10.508,-10.4954,-10.4777,-10.4547,-10.4724,-10.4651,-10.4528,-10.4353,-10.4123,-10.4194,-10.4126,-10.4004,-10.383,-10.3606,-10.3561,-10.3497,-10.3378,-10.3204,-10.2988,-10.2827,-10.2765,-10.265,-10.2486,-10.2271
116,44.0261,-10.4047,-10.3975,-10.3849,-10.3674,-10.3446,-10.3631,-10.356,-10.3438,-10.3264,-10.3036,-10.3118,-10.3051,-10.293,-10.2758,-10.2535,-10.2506,-10.2442,-10.2324,-10.2152,-10.1937,-10.1795,-10.1734,-10.1619,-10.1456,-10.1243
117,45.3631,-10.2946,-10.2875,-10.275,-10.2576,-10.235,-10.2544,-10.2473,-10.2352,-10.218,-10.1954,-10.2047,-10.198,-10.186,-10.169,-10.1469,-10.1455,-10.1391,-10.1274,-10.1104,-10.089,-10.0766,-10.0706,-10.0592,-10.0429,-10.0218
118,46.7394,-10.185,-10.1779,-10.1655,-10.1483,-10.1259,-10.1461,-10.1391,-10.1271,-10.11,-10.0876,-10.098,-10.0914,-10.0795,-10.0627,-10.0406,-10.0407,-10.0344,-10.0228,-10.0059,-9.98465,-9.97405,-9.96806,-9.95675,-9.94056,-9.91962
119,48.1559,-10.076,-10.069,-10.0567,-10.0396,-10.0175,-10.0384,-10.0314,-10.0195,-10.0026,-9.98039,-9.9918,-9.98522,-9.97346,-9.95676,-9.9349,-9.93637,-9.93005,-9.91855,-9.90184,-9.88074,-9.87179,-9.86587,-9.85466,-9.83852,-9.81778
120,49.614,-9.96755,-9.96058,-9.94834,-9.93146,-9.90952,-9.93114,-9.92424,-9.9124,-9.89561,-9.87368,-9.88609,-9.87953,-9.8679,-9.85134,-9.82963,-9.83243,-9.82615,-9.81474,-9.79822,-9.77726,-9.76989,-9.76405,-9.75291,-9.73685,-9.71634
121,51.1148,-9.85966,-9.85274,-9.84059,-9.82386,-9.80212,-9.82445,-9.81761,-9.80584,-9.78919,-9.76749,-9.78089,-9.77434,-9.76282,-9.74639,-9.72485,-9.72893,-9.72272,-9.71139,-9.69504,-9.67421,-9.66843,-9.66262,-9.65156,-9.63557,-9.61531
122,52.6596,-9.75233,-9.74547,-9.7334,-9.71683,-9.69528,-9.7183,-9.71151,-9.69981,-9.68331,-9.66184,-9.67618,-9.66964,-9.65824,-9.64194,-9.62058,-9.62591,-9.61973,-9.60848,-9.5923,-9.5716,-9.56739,-9.56161,-9.55061,-9.5347,-9.51466
123,54.2497,-9.64559,-9.6388,-9.62681,-9.61037,-9.58903,-9.6127,-9.60597,-9.59433,-9.57798,-9.55673,-9.57199,-9.56546,-9.55418,-9.53799,-9.51684,-9.52336,-9.51719,-9.50603,-9.49,-9.46945,-9.46677,-9.46099,-9.45007,-9.43425,-9.41439
124,55.8863,-9.53944,-9.53272,-9.52082,-9.50452,-9.48338,-9.50766,-9.501,-9.48942,-9.47321,-9.45219,-9.46832,-9.46181,-9.45063,-9.43456,-9.41362,-9.42128,-9.41513,-9.40407,-9.38817,-9.36777,-9.36657,-9.36078,-9.34995,-9.33424,-9.31453
125,57.5709,-9.43389,-9.42724,-9.41543,-9.39927,-9.37834,-9.40319,-9.39659,-9.38509,-9.36902,-9.3482,-9.36518,-9.3587,-9.34761,-9.33165,-9.31092,-9.31968,-9.31355,-9.3026,-9.28684,-9.26657,-9.2668,-9.26103,-9.25025,-9.23467,-9.2151
126,59.3049,-9.32896,-9.32238,-9.31067,-9.29465,-9.27392,-9.2993,-9.29277,-9.28135,-9.26542,-9.24479,-9.26258,-9.25613,-9.24513,-9.2293,-9.20878,-9.21857,-9.21248,-9.20164,-9.186,-9.16588,-9.16747,-9.16172,-9.15102,-9.13554,-9.11612
127,61.0897,-9.22466,-9.21815,-9.20654,-9.19066,-9.17014,-9.19602,-9.18955,-9.1782,-9.16242,-9.14199,-9.16054,-9.15412,-9.14322,-9.12751,-9.10719,-9.11798,-9.11192,-9.1012,-9.08569,-9.0657,-9.0686,-9.06288,-9.05225,-9.0369,-9.0176
128,62.9268,-9.12099,-9.11455,-9.10305,-9.0873,-9.067,-9.09334,-9.08693,-9.07567,-9.06003,-9.0398,-9.05906,-9.05267,-9.04187,-9.02631,-9.00618,-9.01791,-9.01189,-9.00128,-8.98591,-8.96606,-8.97021,-8.96451,-8.95398,-8.93878,-8.91955
129,64.8177,-9.01797,-9.0116,-9.0002,-8.9846,-8.9645,-8.99127,-8.98492,-8.97375,-8.95826,-8.93823,-8.95816,-8.95183,-8.94111,-8.92569,-8.90576,-8.91838,-8.91239,-8.9019,-8.88667,-8.86697,-8.8723,-8.86663,-8.8562,-8.84112,-8.82203
130,66.7641,-8.9156,-8.9093,-8.898,-8.88255,-8.86267,-8.88983,-8.88354,-8.87246,-8.85711,-8.83729,-8.85785,-8.85159,-8.84093,-8.82566,-8.80594,-8.8194,-8.81346,-8.80307,-8.78797,-8.76843,-8.77489,-8.76927,-8.75893,-8.74397,-8.72502
131,68.7675,-8.8139,-8.80767,-8.79646,-8.78116,-8.76148,-8.78902,-8.7828,-8.77181,-8.7566,-8.737,-8.75814,-8.75195,-8.74136,-8.72624,-8.70672,-8.721,-8.71509,-8.70481,-8.68982,-8.67046,-8.67798,-8.6724,-8.66217,-8.64734,-8.62852
132,70.8295,-8.71287,-8.70671,-8.69559,-8.68044,-8.66096,-8.68886,-8.6827,-8.67179,-8.65674,-8.63735,-8.65905,-8.65292,-8.6424,-8.62743,-8.60812,-8.62318,-8.6173,-8.60711,-8.59224,-8.57308,-8.58161,-8.57606,-8.56593,-8.55124,-8.53256
133,72.9521,-8.61251,-8.60642,-8.59541,-8.58041,-8.56112,-8.58934,-8.58325,-8.57242,-8.55754,-8.53836,-8.56057,-8.55451,-8.54407,-8.52923,-8.51013,-8.52594,-8.52008,-8.51,-8.49525,-8.47627,-8.48578,-8.48025,-8.47024,-8.45568,-8.43713
134,75.1368,-8.51285,-8.50682,-8.49591,-8.48107,-8.46197,-8.49049,-8.48447,-8.47372,-8.459,-8.44002,-8.46272,-8.45673,-8.44636,-8.43167,-8.41278,-8.4293,-8.42347,-8.41348,-8.39885,-8.38007,-8.39049,-8.38499,-8.37509,-8.36068,-8.34226
135,77.3855,-8.41388,-8.40791,-8.39711,-8.38242,-8.36351,-8.39231,-8.38635,-8.37568,-8.36113,-8.34234,-8.36551,-8.35959,-8.34929,-8.33475,-8.31607,-8.33325,-8.32746,-8.31756,-8.30306,-8.28449,-8.29576,-8.2903,-8.28049,-8.26624,-8.24795
136,79.7002,-8.31562,-8.30971,-8.29901,-8.28447,-8.26577,-8.29481,-8.28891,-8.27834,-8.26394,-8.24534,-8.26895,-8.2631,-8.25288,-8.23848,-8.22,-8.23783,-8.23206,-8.22226,-8.20788,-8.18953,-8.20161,-8.19617,-8.18647,-8.17236,-8.15422
137,82.0826,-8.21806,-8.21221,-8.20163,-8.18723,-8.16872,-8.19799,-8.19215,-8.18168,-8.16743,-8.14903,-8.17305,-8.16725,-8.15712,-8.14287,-8.1246,-8.14303,-8.13729,-8.12758,-8.11334,-8.0952,-8.10803,-8.10263,-8.09305,-8.07905,-8.06107
138,84.5349,-8.12122,-8.11543,-8.10496,-8.0907,-8.0724,-8.10187,-8.09609,-8.08573,-8.07161,-8.0534,-8.07781,-8.07208,-8.06202,-8.04793,-8.02985,-8.04886,-8.04314,-8.03353,-8.01943,-8.0015,-8.01505,-8.00968,-8.00021,-7.98634,-7.96852
139,87.0591,-8.02511,-8.01938,-8.00901,-7.99489,-7.97679,-8.00645,-8.00073,-7.99047,-7.9765,-7.95848,-7.98325,-7.97757,-7.96759,-7.95366,-7.93577,-7.95532,-7.94965,-7.94011,-7.92616,-7.90843,-7.92266,-7.91733,-7.90798,-7.89422,-7.87656
140,89.6572,-7.92973,-7.92405,-7.9138,-7.89981,-7.88192,-7.91174,-7.90607,-7.89592,-7.88208,-7.86425,-7.88937,-7.88375,-7.87384,-7.86007,-7.84237,-7.86242,-7.85682,-7.84734,-7.83355,-7.81601,-7.83089,-7.82559,-7.81635,-7.80272,-7.78523
141,92.3314,-7.83509,-7.82946,-7.81932,-7.80547,-7.78777,-7.81773,-7.81212,-7.80208,-7.78837,-7.77074,-7.79618,-7.79061,-7.78078,-7.76716,-7.74964,-7.77018,-7.76464,-7.75523,-7.74159,-7.72423,-7.73974,-7.73448,-7.72534,-7.71184,-7.69453
142,95.084,-7.74118,-7.73561,-7.72558,-7.71187,-7.69437,-7.72445,-7.7189,-7.70897,-7.69539,-7.67795,-7.70368,-7.69816,-7.68841,-7.67496,-7.65761,-7.67861,-7.67312,-7.66377,-7.6503,-7.63311,-7.64922,-7.644,-7.63496,-7.62159,-7.60447
143,97.9173,-7.64802,-7.6425,-7.63259,-7.61902,-7.60171,-7.6319,-7.6264,-7.61658,-7.60314,-7.58588,-7.61188,-7.60642,-7.59674,-7.58345,-7.56628,-7.5877,-7.58228,-7.57299,-7.55968,-7.54267,-7.55936,-7.55417,-7.54521,-7.53198,-7.51505
144,100.834,-7.55562,-7.55015,-7.54035,-7.52693,-7.50981,-7.54007,-7.53464,-7.52492,-7.51162,-7.49455,-7.52079,-7.51538,-7.50578,-7.49264,-7.47565,-7.49747,-7.49211,-7.48289,-7.46974,-7.4529,-7.47015,-7.46499,-7.4561,-7.44302,-7.42627
145,103.835,-7.46397,-7.45856,-7.44887,-7.43558,-7.41866,-7.44898,-7.44361,-7.434,-7.42083,-7.40396,-7.4304,-7.42504,-7.41554,-7.40254,-7.38575,-7.40793,-7.40263,-7.39348,-7.38049,-7.36381,-7.38159,-7.37646,-7.36765,-7.35471,-7.33815
146,106.925,-7.37308,-7.36772,-7.35815,-7.345,-7.32827,-7.35864,-7.35332,-7.34383,-7.33079,-7.31411,-7.34074,-7.33543,-7.32603,-7.31317,-7.29656,-7.31907,-7.31384,-7.30476,-7.29192,-7.2754,-7.29368,-7.28859,-7.27986,-7.26707,-7.25069
147,110.105,-7.28296,-7.27766,-7.26819,-7.25519,-7.23865,-7.26904,-7.26378,-7.2544,-7.2415,-7.225,-7.25179,-7.24654,-7.23724,-7.22451,-7.2081,-7.23092,-7.22575,-7.21674,-7.20406,-7.18769,-7.20645,-7.20139,-7.19273,-7.1801,-7.16389
148,113.379,-7.19361,-7.18836,-7.17901,-7.16615,-7.1498,-7.1802,-7.175,-7.16572,-7.15296,-7.13665,-7.16358,-7.15838,-7.14919,-7.13659,-7.12036,-7.14347,-7.13836,-7.12942,-7.1169,-7.1007,-7.1199,-7.11487,-7.10629,-7.0938,-7.07777
149,116.748,-7.10503,-7.09984,-7.0906,-7.07787,-7.06172,-7.09211,-7.08697,-7.0778,-7.06517,-7.04905,-7.0761,-7.07096,-7.06187,-7.0494,-7.03337,-7.05672,-7.05168,-7.04281,-7.03044,-7.01442,-7.03403,-7.02902,-7.02052,-7.00819,-6.99233
150,120.216,-7.01723,-7.01209,-7.00296,-6.99038,-6.97442,-7.00478,-6.9997,-6.99064,-6.97815,-6.96222,-6.98937,-6.98428,-6.97529,-6.96296,-6.94711,-6.9707,-6.96571,-6.95692,-6.94469,-6.92885,-6.94884,-6.94387,-6.93544,-6.92326,-6.90758
151,123.786,-6.93021,-6.92513,-6.91611,-6.90366,-6.88789,-6.91822,-6.91319,-6.90424,-6.89189,-6.87614,-6.90337,-6.89835,-6.88945,-6.87726,-6.86159,-6.8854,-6.88046,-6.87175,-6.85966,-6.844,-6.86435,-6.85942,-6.85105,-6.83902,-6.8235
152,127.461,-6.84397,-6.83894,-6.83003,-6.81773,-6.80215,-6.83243,-6.82745,-6.81861,-6.80639,-6.79083,-6.81813,-6.81316,-6.80436,-6.7923,-6.77682,-6.80082,-6.79593,-6.7873,-6.77535,-6.75988,-6.78054,-6.77567,-6.76736,-6.75548,-6.74011
153,131.243,-6.75851,-6.75354,-6.74475,-6.73257,-6.71719,-6.74741,-6.74248,-6.73375,-6.72166,-6.70629,-6.73363,-6.72872,-6.72002,-6.7081,-6.6928,-6.71698,-6.71213,-6.70358,-6.69177,-6.67648,-6.69743,-6.69263,-6.68437,-6.67266,-6.65743
154,135.136,-6.67385,-6.66893,-6.66024,-6.64819,-6.63301,-6.66316,-6.65829,-6.64965,-6.63771,-6.62252,-6.64989,-6.64504,-6.63644,-6.62465,-6.60953,-6.63386,-6.62905,-6.62059,-6.60892,-6.59382,-6.61503,-6.61029,-6.60209,-6.59053,-6.57546
155,139.143,-6.58997,-6.58511,-6.57653,-6.56461,-6.54962,-6.57968,-6.57486,-6.56634,-6.55453,-6.53953,-6.56691,-6.56211,-6.55362,-6.54196,-6.52701,-6.55148,-6.54672,-6.53834,-6.52681,-6.51188,-6.53334,-6.52866,-6.52052,-6.5091,-6.4942
156,143.267,-6.50689,-6.50208,-6.4936,-6.48181,-6.46702,-6.49698,-6.49222,-6.4838,-6.47211,-6.45731,-6.48468,-6.47994,-6.47155,-6.46002,-6.44525,-6.46984,-6.46512,-6.45683,-6.44543,-6.43069,-6.45237,-6.44775,-6.43967,-6.42839,-6.41365
157,147.512,-6.42459,-6.41984,-6.41147,-6.39981,-6.38521,-6.41506,-6.41035,-6.40203,-6.39047,-6.37586,-6.40322,-6.39854,-6.39025,-6.37885,-6.36425,-6.38894,-6.38426,-6.37606,-6.3648,-6.35024,-6.37211,-6.36755,-6.35955,-6.34839,-6.33383
158,151.882,-6.34309,-6.33839,-6.33013,-6.31859,-6.30418,-6.33392,-6.32926,-6.32105,-6.30961,-6.29519,-6.32252,-6.31789,-6.30971,-6.29844,-6.28401,-6.30878,-6.30415,-6.29604,-6.28491,-6.27052,-6.29258,-6.28807,-6.28014,-6.26912,-6.25472
159,156.38,-6.26238,-6.25773,-6.24958,-6.23817,-6.22394,-6.25356,-6.24895,-6.24084,-6.22953,-6.21529,-6.24259,-6.23801,-6.22993,-6.21879,-6.20454,-6.22937,-6.22479,-6.21678,-6.20577,-6.19156,-6.21377,-6.20931,-6.20146,-6.19057,-6.17634
160,161.009,-6.18246,-6.17787,-6.16983,-6.15854,-6.14448,-6.17398,-6.16942,-6.16141,-6.15023,-6.13617,-6.16342,-6.1589,-6.15091,-6.13989,-6.12582,-6.1507,-6.14618,-6.13826,-6.12738,-6.11333,-6.13569,-6.13127,-6.12351,-6.11274,-6.09869
161,165.774,-6.10334,-6.0988,-6.09086,-6.0797,-6.06581,-6.09518,-6.09067,-6.08276,-6.0717,-6.05783,-6.08502,-6.08055,-6.07267,-6.06176,-6.04788,-6.07278,-6.06831,-6.06049,-6.04974,-6.03586,-6.05833,-6.05397,-6.04628,-6.03565,-6.02177
162,170.679,-6.02501,-6.02052,-6.01269,-6.00165,-5.98794,-6.01716,-6.01271,-6.0049,-5.99396,-5.98026,-6.00738,-6.00297,-5.99519,-5.9844,-5.97069,-5.99561,-5.9912,-5.98346,-5.97284,-5.95913,-5.98172,-5.9774,-5.96979,-5.95928,-5.94557
163,175.728,-5.94747,-5.94304,-5.93531,-5.92439,-5.91085,-5.93992,-5.93552,-5.92781,-5.917,-5.90346,-5.93052,-5.92616,-5.91847,-5.9078,-5.89427,-5.91919,-5.91484,-5.90719,-5.8967,-5.88315,-5.90583,-5.90155,-5.89403,-5.88365,-5.87011
164,180.924,-5.87072,-5.86634,-5.85872,-5.84793,-5.83455,-5.86347,-5.85912,-5.8515,-5.84082,-5.82745,-5.85442,-5.85012,-5.84252,-5.83197,-5.81862,-5.84353,-5.83923,-5.83167,-5.8213,-5.80793,-5.83068,-5.82644,-5.819,-5.80875,-5.79538
165,186.273,-5.79477,-5.79044,-5.78291,-5.77225,-5.75904,-5.78779,-5.78349,-5.77598,-5.76541,-5.75221,-5.77909,-5.77484,-5.76734,-5.75691,-5.74373,-5.76862,-5.76436,-5.7569,-5.74664,-5.73345,-5.75626,-5.75207,-5.7447,-5.73458,-5.72138
166,191.779,-5.7196,-5.71533,-5.70789,-5.69736,-5.68432,-5.71289,-5.70865,-5.70123,-5.69079,-5.67775,-5.70453,-5.70032,-5.69293,-5.68261,-5.66959,-5.69445,-5.69026,-5.68288,-5.67274,-5.65971,-5.68258,-5.67843,-5.67114,-5.66114,-5.64811
167,197.446,-5.64522,-5.641,-5.63366,-5.62325,-5.61038,-5.63877,-5.63458,-5.62726,-5.61694,-5.60406,-5.63074,-5.62658,-5.61927,-5.60908,-5.59622,-5.62104,-5.6169,-5.60962,-5.59959,-5.58673,-5.60963,-5.60552,-5.59833,-5.58844,-5.57558
168,203.279,-5.57163,-5.56746,-5.56022,-5.54993,-5.53722,-5.56543,-5.56129,-5.55406,-5.54386,-5.53115,-5.55771,-5.5536,-5.54639,-5.53631,-5.52361,-5.54838,-5.54429,-5.5371,-5.52718,-5.5145,-5.53742,-5.53335,-5.52624,-5.51648,-5.50377
169,209.282,-5.49882,-5.4947,-5.48756,-5.47739,-5.46485,-5.49287,-5.48877,-5.48164,-5.47156,-5.45901,-5.48544,-5.48138,-5.47426,-5.4643,-5.45176,-5.47647,-5.47243,-5.46534,-5.45553,-5.44301,-5.46594,-5.46191,-5.45489,-5.44524,-5.4327
170,215.462,-5.4268,-5.42273,-5.41567,-5.40564,-5.39325,-5.42107,-5.41703,-5.40999,-5.40003,-5.38765,-5.41394,-5.40992,-5.4029,-5.39305,-5.38067,-5.40531,-5.40133,-5.39432,-5.38462,-5.37226,-5.39519,-5.39121,-5.38428,-5.37473,-5.36236
171,221.823,-5.35555,-5.35153,-5.34457,-5.33466,-5.32243,-5.35005,-5.34605,-5.33911,-5.32927,-5.31704,-5.34319,-5.33923,-5.3323,-5.32256,-5.31034,-5.3349,-5.33096,-5.32405,-5.31446,-5.30226,-5.32518,-5.32124,-5.31439,-5.30496,-5.29275
172,228.37,-5.28508,-5.28111,-5.27425,-5.26445,-5.25239,-5.2798,-5.27585,-5.26899,-5.25928,-5.24721,-5.27321,-5.26929,-5.26245,-5.25283,-5.24076,-5.26524,-5.26135,-5.25453,-5.24505,-5.233,-5.2559,-5.25201,-5.24524,-5.23591,-5.22387
173,235.11,-5.21539,-5.21147,-5.20469,-5.19502,-5.18311,-5.21031,-5.20641,-5.19965,-5.19005,-5.17814,-5.20398,-5.20011,-5.19336,-5.18386,-5.17194,-5.19632,-5.19248,-5.18575,-5.17638,-5.16448,-5.18734,-5.1835,-5.17682,-5.1676,-5.15572
174,242.046,-5.14647,-5.14259,-5.13591,-5.12636,-5.11461,-5.14159,-5.13774,-5.13106,-5.12158,-5.10983,-5.13551,-5.13168,-5.12502,-5.11563,-5.10387,-5.12814,-5.12435,-5.11771,-5.10844,-5.0967,-5.11952,-5.11572,-5.10912,-5.10001,-5.08828
175,249.186,-5.07832,-5.07449,-5.06789,-5.05846,-5.04686,-5.07363,-5.06982,-5.06324,-5.05387,-5.04227,-5.06778,-5.06401,-5.05743,-5.04816,-5.03655,-5.0607,-5.05696,-5.05041,-5.04125,-5.02966,-5.05242,-5.04867,-5.04216,-5.03314,-5.02157
176,256.535,-5.01093,-5.00715,-5.00064,-4.99133,-4.97988,-5.00642,-5.00267,-4.99617,-4.98692,-4.97547,-5.00081,-4.99708,-4.99059,-4.98143,-4.96998,-4.99401,-4.99031,-4.98384,-4.97479,-4.96335,-4.98604,-4.98235,-4.97591,-4.967,-4.95558
177,264.1,-4.9443,-4.94057,-4.93415,-4.92495,-4.91366,-4.93997,-4.93626,-4.92986,-4.92072,-4.90943,-4.93458,-4.9309,-4.9245,-4.91545,-4.90415,-4.92805,-4.9244,-4.91801,-4.90906,-4.89778,-4.92039,-4.91675,-4.91039,-4.90158,-4.89032
178,271.886,-4.87843,-4.87475,-4.86842,-4.85934,-4.8482,-4.87427,-4.87061,-4.86429,-4.85527,-4.84413,-4.8691,-4.86546,-4.85915,-4.85021,-4.83906,-4.86282,-4.85921,-4.85292,-4.84407,-4.83294,-4.85546,-4.85186,-4.84559,-4.83688,-4.82577
179,279.901,-4.81332,-4.80968,-4.80344,-4.79447,-4.78348,-4.80932,-4.80571,-4.79947,-4.79057,-4.77958,-4.80435,-4.80076,-4.79453,-4.78571,-4.77471,-4.79832,-4.79476,-4.78855,-4.77981,-4.76883,-4.79125,-4.7877,-4.78151,-4.7729,-4.76194
180,288.15,-4.74895,-4.74536,-4.7392,-4.73036,-4.71952,-4.74512,-4.74155,-4.7354,-4.72661,-4.71577,-4.74034,-4.73679,-4.73066,-4.72194,-4.7111,-4.73455,-4.73103,-4.72491,-4.71627,-4.70544,-4.72776,-4.72425,-4.71815,-4.70964,-4.69883
181,296.641,-4.68534,-4.68179,-4.67572,-4.66699,-4.6563,-4.68165,-4.67813,-4.67207,-4.66339,-4.6527,-4.67706,-4.67356,-4.66751,-4.6589,-4.64821,-4.6715,-4.66803,-4.66199,-4.65346,-4.64279,-4.66497,-4.66152,-4.6555,-4.64709,-4.63643
182,305.381,-4.62246,-4.61896,-4.61298,-4.60437,-4.59383,-4.61892,-4.61545,-4.60947,-4.60091,-4.59037,-4.61452,-4.61106,-4.6051,-4.5966,-4.58607,-4.60918,-4.60575,-4.5998,-4.59137,-4.58085,-4.60291,-4.5995,-4.59356,-4.58526,-4.57475
183,314.377,-4.56033,-4.55687,-4.55098,-4.54248,-4.5321,-4.55693,-4.5535,-4.54761,-4.53916,-4.52878,-4.5527,-4.54929,-4.54341,-4.53502,-4.52465,-4.54757,-4.54419,-4.53832,-4.53,-4.51964,-4.54155,-4.53819,-4.53233,-4.52413,-4.51378
184,323.636,-4.49893,-4.49552,-4.48971,-4.48134,-4.47111,-4.49567,-4.49228,-4.48648,-4.47815,-4.46793,-4.49161,-4.48824,-4.48245,-4.47417,-4.46396,-4.48668,-4.48335,-4.47757,-4.46936,-4.45916,-4.48089,-4.47758,-4.47182,-4.46372,-4.45353
185,333.167,-4.43826,-4.4349,-4.42919,-4.42094,-4.41086,-4.43513,-4.43179,-4.42608,-4.41788,-4.40781,-4.43123,-4.42792,-4.42221,-4.41405,-4.40401,-4.42651,-4.42322,-4.41752,-4.40943,-4.39941,-4.42094,-4.41768,-4.412,-4.40401,-4.39401
186,342.977,-4.37833,-4.37502,-4.36939,-4.36127,-4.35138,-4.37532,-4.37203,-4.36641,-4.35833,-4.34846,-4.37158,-4.36831,-4.3627,-4.35466,-4.34482,-4.36704,-4.3638,-4.3582,-4.35022,-4.34041,-4.3617,-4.35848,-4.3529,-4.34502,-4.33523
187,353.075,-4.31912,-4.31586,-4.31033,-4.30235,-4.29266,-4.31624,-4.313,-4.30747,-4.29952,-4.28985,-4.31264,-4.30943,-4.30391,-4.296,-4.28636,-4.30829,-4.3051,-4.29959,-4.29174,-4.28214,-4.30316,-4.29999,-4.29451,-4.28675,-4.27717
188,363.469,-4.26064,-4.25744,-4.252,-4.2442,-4.23469,-4.25788,-4.25469,-4.24926,-4.24147,-4.232,-4.25443,-4.25126,-4.24584,-4.2381,-4.22865,-4.25025,-4.24711,-4.2417,-4.23402,-4.2246,-4.24533,-4.24221,-4.23682,-4.22923,-4.21985
189,374.167,-4.2029,-4.19975,-4.1944,-4.18681,-4.17749,-4.20024,-4.19711,-4.19178,-4.1842,-4.17492,-4.19693,-4.19382,-4.1885,-4.18096,-4.17171,-4.19293,-4.18984,-4.18453,-4.17705,-4.16782,-4.18821,-4.18513,-4.17985,-4.17246,-4.16326
190,385.179,-4.14589,-4.1428,-4.13756,-4.13021,-4.12108,-4.14334,-4.14027,-4.13504,-4.1277,-4.11861,-4.14017,-4.13712,-4.1319,-4.1246,-4.11554,-4.13632,-4.13329,-4.12809,-4.12084,-4.11181,-4.13179,-4.12878,-4.12361,-4.11644,-4.10744
191,396.513,-4.08962,-4.0866,-4.08151,-4.07439,-4.06545,-4.08718,-4.08418,-4.0791,-4.07199,-4.06311,-4.08413,-4.08115,-4.07609,-4.06901,-4.06019,-4.08045,-4.07748,-4.07244,-4.06541,-4.05661,-4.0761,-4.07315,-4.06815,-4.06119,-4.0524
192,408.179,-4.03411,-4.03118,-4.02628,-4.01936,-4.01122,-4.03177,-4.02885,-4.02397,-4.01705,-4.00898,-4.02885,-4.02595,-4.02108,-4.01419,-4.00619,-4.02532,-4.02243,-4.01759,-4.01074,-4.00282,-4.02116,-4.01829,-4.01348,-4.00669,-3.99887
193,420.188,-3.97939,-3.97658,-3.97186,-3.96535,-3.95847,-3.97715,-3.97435,-3.96965,-3.96314,-3.95631,-3.97436,-3.97157,-3.96688,-3.96039,-3.95363,-3.97097,-3.96821,-3.96354,-3.9571,-3.95039,-3.96699,-3.96424,-3.9596,-3.95325,-3.94658
194,432.548,-3.92553,-3.92286,-3.91834,-3.91305,-3.90596,-3.92339,-3.92073,-3.91622,-3.91096,-3.90388,-3.92071,-3.91808,-3.91357,-3.90836,-3.90129,-3.91747,-3.91486,-3.91036,-3.90522,-3.89816,-3.91366,-3.91106,-3.90658,-3.90154,-3.89448
195,445.271,-3.87258,-3.87004,-3.86635,-3.86157,-3.85369,-3.87053,-3.86801,-3.86434,-3.85956,-3.85169,-3.86798,-3.86546,-3.86184,-3.85705,-3.8492,-3.86489,-3.86238,-3.85876,-3.85402,-3.84619,-3.86124,-3.85876,-3.85521,-3.85046,-3.84264
196,458.366,-3.82062,-3.81852,-3.81585,-3.81027,-3.80155,-3.81867,-3.81656,-3.81392,-3.80833,-3.79962,-3.81623,-3.81413,-3.81152,-3.80592,-3.79722,-3.81328,-3.81118,-3.80861,-3.80299,-3.79432,-3.8098,-3.80771,-3.8052,-3.79959,-3.7909
197,471.845,-3.76974,-3.76879,-3.76562,-3.75901,-3.75086,-3.76786,-3.76695,-3.76377,-3.7572,-3.74905,-3.76552,-3.76465,-3.76146,-3.75494,-3.74681,-3.76268,-3.76188,-3.75865,-3.75222,-3.7441,-3.75935,-3.75862,-3.75535,-3.74905,-3.74093
198,485.719,-3.7223,-3.72132,-3.71785,-3.71142,-3.70203,-3.72057,-3.7196,-3.7161,-3.70967,-3.70028,-3.71842,-3.71745,-3.71394,-3.70751,-3.69809,-3.71584,-3.71487,-3.71133,-3.70489,-3.69545,-3.71282,-3.71185,-3.70827,-3.70181,-3.69234
199,500,-3.67747,-3.67523,-3.6704,-3.66259,-3.65183,-3.67579,-3.67355,-3.66871,-3.66089,-3.65013,-3.6737,-3.67146,-3.6666,-3.65878,-3.64801,-3.67118,-3.66893,-3.66405,-3.65623,-3.64544,-3.66826,-3.66597,-3.66105,-3.65323,-3.64242
