gridnumber,capital,VF[0 0],VF[0 1],VF[0 2],VF[1 0],VF[1 1],VF[1 2],VF[2 0],VF[2 1],VF[2 2],VF[3 0],VF[3 1],VF[3 2],VF[4 0],VF[4 1],VF[4 2]
0,0,-5030.98,-5030.98,-5030.98,-5027.35,-5027.35,-5027.35,-5024.64,-5024.64,-5024.64,-5022.56,-5022.56,-5022.56,-5020.93,-5020.93,-5020.93
1,0.0468873,-184.426,-184.426,-184.426,-181.304,-181.304,-181.304,-178.851,-178.851,-178.851,-176.901,-176.901,-176.901,-175.341,-175.341,-175.341
2,0.0951487,-74.262,-74.262,-74.262,-71.5387,-71.5387,-71.5387,-69.2962,-69.2962,-69.2962,-67.4655,-67.4655,-67.4655,-65.9676,-65.9676,-65.9676
3,0.144824,-49.1602,-49.1602,-49.1602,-46.7396,-46.7396,-46.7396,-44.6806,-44.6806,-44.6806,-42.9518,-42.9518,-42.9518,-41.5133,-41.5133,-41.5133
4,0.195956,-39.4668,-39.4668,-39.4668,-37.2822,-37.2822,-37.2822,-35.3743,-35.3743,-35.3743,-33.7379,-33.7379,-33.7379,-32.353,-32.353,-32.353
5,0.248585,-34.5995,-34.5995,-34.5995,-32.6241,-32.6241,-32.6241,-30.8439,-30.8439,-30.8439,-29.2898,-29.2898,-29.2898,-27.9555,-27.9555,-27.9555
6,0.302757,-31.7373,-31.7373,-31.7373,-29.9325,-29.9325,-29.9325,-28.2703,-28.2703,-28.2703,-26.7909,-26.7909,-26.7909,-25.5037,-25.5037,-25.5037
7,0.358517,-29.8685,-29.8685,-29.8685,-28.2004,-28.2004,-28.2004,-26.6422,-26.6422,-26.6422,-25.2324,-25.2324,-25.2324,-23.989,-23.989,-23.989
8,0.41591,-28.5445,-28.5445,-28.5445,-26.9977,-26.9977,-26.9977,-25.5272,-25.5272,-25.5272,-24.181,-24.181,-24.181,-22.9797,-22.9797,-22.9797
9,0.474986,-27.546,-27.546,-27.546,-26.11,-26.11,-26.11,-24.7193,-24.7193,-24.7193,-23.4297,-23.4297,-23.4297,-22.2666,-22.2666,-22.2666
10,0.535792,-26.7579,-26.7579,-26.7579,-25.4177,-25.4177,-25.4177,-24.101,-24.101,-24.101,-22.864,-22.864,-22.864,-21.7363,-21.7363,-21.7363
11,0.598381,-26.1162,-26.1162,-26.1162,-24.8566,-24.8566,-24.8566,-23.6077,-23.6077,-23.6077,-22.4192,-22.4192,-22.4192,-21.328,-21.328,-21.328
12,0.662804,-25.5781,-25.5781,-25.5781,-24.3891,-24.3891,-24.3891,-23.2007,-23.2007,-23.2007,-22.0597,-22.0597,-22.0597,-21.0003,-21.0003,-21.0003
13,0.729114,-25.1138,-25.1138,-25.1133,-23.9922,-23.9922,-23.9922,-22.8572,-22.8572,-22.8572,-21.7592,-21.7592,-21.7592,-20.7309,-20.7309,-20.7309
14,0.797368,-24.705,-24.705,-24.7043,-23.645,-23.645,-23.645,-22.5605,-22.5605,-22.5605,-21.5012,-21.5012,-21.5012,-20.5031,-20.5031,-20.5031
15,0.867622,-24.3403,-24.3403,-24.3399,-23.3355,-23.3355,-23.3355,-22.2975,-22.2975,-22.2975,-21.2762,-21.2762,-21.2762,-20.3061,-20.3061,-20.3061
16,0.939934,-24.0104,-24.0104,-24.0104,-23.0557,-23.0557,-23.0553,-22.0614,-22.0614,-22.0614,-21.0748,-21.0748,-21.0748,-20.1319,-20.1319,-20.1319
17,1.01437,-23.7105,-23.7105,-23.708,-22.7999,-22.7999,-22.7986,-21.8467,-21.8467,-21.8465,-20.893,-20.893,-20.893,-19.9755,-19.9755,-19.9755
18,1.09098,-23.4342,-23.4342,-23.4305,-22.5644,-22.5644,-22.5634,-21.6479,-21.6479,-21.6479,-20.7264,-20.7264,-20.7264,-19.8334,-19.8334,-19.8334
19,1.16984,-23.1766,-23.1761,-23.1718,-22.3446,-22.3445,-22.3432,-21.4627,-21.4627,-21.4627,-20.571,-20.571,-20.5709,-19.7017,-19.7017,-19.7017
20,1.25101,-22.9348,-22.9336,-22.9291,-22.1381,-22.1381,-22.1357,-21.2896,-21.2896,-21.2882,-20.4251,-20.4251,-20.4251,-19.5787,-19.5787,-19.5787
21,1.33455,-22.7064,-22.705,-22.6992,-21.9427,-21.9427,-21.9394,-21.1256,-21.1256,-21.1237,-20.2879,-20.2879,-20.2874,-19.4631,-19.4631,-19.4628
22,1.42055,-22.4896,-22.488,-22.4813,-21.7568,-21.7566,-21.7528,-20.9689,-20.9689,-20.9667,-20.1568,-20.1568,-20.1557,-19.3525,-19.3525,-19.352
23,1.50907,-22.2828,-22.2809,-22.2736,-21.5797,-21.5788,-21.5741,-20.8185,-20.8182,-20.8155,-20.0308,-20.0308,-20.0294,-19.2468,-19.2468,-19.2462
24,1.60018,-22.0849,-22.0822,-22.0748,-21.4098,-21.4084,-21.4028,-20.6737,-20.6735,-20.67,-19.9095,-19.9094,-19.9071,-19.145,-19.145,-19.1438
25,1.69396,-21.8953,-21.8917,-21.8836,-21.2459,-21.2442,-21.2378,-20.5343,-20.5338,-20.5294,-19.792,-19.792,-19.7892,-19.0459,-19.0459,-19.0444
26,1.79048,-21.7124,-21.7084,-21.6993,-21.087,-21.0848,-21.078,-20.3987,-20.3979,-20.3929,-19.6776,-19.6775,-19.6741,-18.9499,-18.9498,-18.9475
27,1.88984,-21.5355,-21.531,-21.5214,-20.9325,-20.9299,-20.9226,-20.2667,-20.2655,-20.26,-19.5656,-19.5652,-19.5614,-18.8556,-18.8556,-18.8529
28,1.99211,-21.364,-21.3592,-21.3492,-20.7821,-20.7791,-20.7713,-20.1376,-20.1361,-20.1302,-19.4565,-19.4558,-19.4512,-18.7629,-18.7628,-18.7595
29,2.09737,-21.1972,-21.1919,-21.1816,-20.6358,-20.6321,-20.6238,-20.0113,-20.0092,-20.0026,-19.3491,-19.3482,-19.3429,-18.6721,-18.6716,-18.6677
30,2.20572,-21.0345,-21.0288,-21.018,-20.4929,-20.4886,-20.4795,-19.8876,-19.885,-19.8776,-19.243,-19.2418,-19.2362,-18.5821,-18.5817,-18.5771
31,2.31725,-20.8757,-20.8696,-20.8584,-20.3526,-20.3478,-20.3381,-19.7658,-19.7629,-19.7551,-19.1385,-19.1369,-19.1308,-18.493,-18.4923,-18.4874
32,2.43204,-20.7203,-20.714,-20.7024,-20.2148,-20.2097,-20.1996,-19.6459,-19.6425,-19.6342,-19.0356,-19.0333,-19.0262,-18.4049,-18.4038,-18.3983
33,2.5502,-20.5683,-20.5615,-20.5497,-20.0794,-20.074,-20.0635,-19.5274,-19.5234,-19.5147,-18.9334,-18.9307,-18.9233,-18.3174,-18.316,-18.3099
34,2.67182,-20.4193,-20.4119,-20.3995,-19.9461,-19.9402,-19.9293,-19.4101,-19.4058,-19.3966,-18.8318,-18.829,-18.8211,-18.2301,-18.2284,-18.2219
35,2.797,-20.2728,-20.2648,-20.252,-19.8145,-19.8082,-19.7968,-19.2945,-19.2896,-19.2799,-18.7309,-18.7278,-18.7195,-18.1432,-18.141,-18.1341
36,2.92586,-20.1284,-20.1202,-20.1068,-19.6845,-19.6778,-19.666,-19.1798,-19.1745,-19.1639,-18.631,-18.6271,-18.6184,-18.0566,-18.0543,-18.0466
37,3.05848,-19.9862,-19.9778,-19.9639,-19.5562,-19.549,-19.537,-19.0661,-19.0604,-19.0495,-18.5315,-18.5271,-18.5178,-17.9702,-17.9673,-17.9595
38,3.195,-19.8459,-19.8373,-19.823,-19.4293,-19.4219,-19.4092,-18.9531,-18.9471,-18.9359,-18.4322,-18.4276,-18.4178,-17.8836,-17.8805,-17.8722
39,3.33551,-19.7074,-19.6986,-19.6838,-19.3036,-19.2959,-19.2825,-18.8407,-18.8345,-18.8229,-18.3331,-18.3282,-18.318,-17.7972,-17.7936,-17.7848
40,3.48015,-19.5706,-19.5614,-19.5463,-19.1791,-19.1709,-19.1572,-18.7289,-18.7225,-18.7104,-18.2342,-18.229,-18.2185,-17.7107,-17.7068,-17.6974
41,3.62902,-19.4351,-19.4256,-19.4104,-19.0554,-19.047,-19.033,-18.618,-18.6109,-18.5985,-18.1358,-18.13,-18.1191,-17.6241,-17.6198,-17.61
42,3.78225,-19.3009,-19.2911,-19.2758,-18.9326,-18.9239,-18.9097,-18.5075,-18.4998,-18.4872,-18.0374,-18.0314,-18.0197,-17.5371,-17.5325,-17.5225
43,3.93998,-19.168,-19.1579,-19.1424,-18.8106,-18.8017,-18.7871,-18.3973,-18.3894,-18.3761,-17.9391,-17.9327,-17.9207,-17.4501,-17.4449,-17.4347
44,4.10232,-19.0361,-19.0258,-19.0101,-18.6892,-18.6802,-18.6652,-18.2874,-18.2793,-18.2654,-17.8407,-17.8339,-17.8217,-17.3628,-17.3575,-17.3465
45,4.26943,-18.9053,-18.8949,-18.8787,-18.5686,-18.5593,-18.544,-18.1778,-18.1694,-18.1553,-17.7422,-17.7351,-17.7226,-17.2753,-17.2697,-17.2583
46,4.44143,-18.7755,-18.7649,-18.7483,-18.4486,-18.4388,-18.4235,-18.0683,-18.0597,-18.0454,-17.6436,-17.6362,-17.6234,-17.1873,-17.1815,-17.1698
47,4.61847,-18.6467,-18.6356,-18.6189,-18.3292,-18.319,-18.3034,-17.959,-17.9501,-17.9357,-17.545,-17.5372,-17.524,-17.099,-17.0928,-17.081
48,4.8007,-18.5186,-18.5071,-18.4903,-18.2102,-18.1997,-18.1838,-17.8498,-17.8407,-17.826,-17.4463,-17.4383,-17.4246,-17.0105,-17.0038,-16.9916
49,4.98827,-18.3913,-18.3795,-18.3625,-18.0916,-18.0809,-18.0646,-17.7409,-17.7315,-17.7164,-17.3475,-17.3392,-17.325,-16.9216,-16.9147,-16.902
50,5.18134,-18.2646,-18.2526,-18.2353,-17.9733,-17.9625,-17.9457,-17.6321,-17.6223,-17.6069,-17.2484,-17.2399,-17.2254,-16.8321,-16.8251,-16.8121
51,5.38006,-18.1384,-18.1264,-18.1086,-17.8554,-17.8444,-17.8272,-17.5232,-17.5133,-17.4975,-17.149,-17.1403,-17.1257,-16.7422,-16.735,-16.7218
52,5.58461,-18.0128,-18.0006,-17.9825,-17.7377,-17.7266,-17.7093,-17.4145,-17.4043,-17.3881,-17.0493,-17.0405,-17.0257,-16.652,-16.6444,-16.631
53,5.79515,-17.8878,-17.8755,-17.857,-17.6203,-17.609,-17.5916,-17.3057,-17.2953,-17.2788,-16.9496,-16.9403,-16.9254,-16.5615,-16.5535,-16.5398
54,6.01186,-17.7632,-17.7507,-17.732,-17.5032,-17.4916,-17.474,-17.1968,-17.1862,-17.1695,-16.8496,-16.84,-16.8248,-16.4704,-16.4623,-16.4481
55,6.23493,-17.639,-17.6264,-17.6075,-17.3861,-17.3744,-17.3567,-17.0879,-17.0771,-17.0602,-16.7494,-16.7396,-16.724,-16.3789,-16.3706,-16.3562
56,6.46452,-17.5151,-17.5024,-17.4834,-17.2693,-17.2574,-17.2395,-16.979,-16.968,-16.9509,-16.6488,-16.639,-16.6229,-16.2868,-16.2784,-16.2638
57,6.70085,-17.3917,-17.3787,-17.3596,-17.1526,-17.1406,-17.1224,-16.8699,-16.8588,-16.8416,-16.548,-16.538,-16.5218,-16.1943,-16.1857,-16.1709
58,6.94411,-17.2685,-17.2554,-17.2361,-17.0361,-17.0238,-17.0055,-16.7607,-16.7495,-16.7322,-16.4469,-16.4368,-16.4204,-16.1015,-16.0925,-16.0776
59,7.19449,-17.1456,-17.1323,-17.1129,-16.9196,-16.9072,-16.8887,-16.6516,-16.64,-16.6226,-16.3454,-16.3351,-16.3187,-16.0082,-15.999,-15.9838
60,7.45221,-17.0229,-17.0095,-16.9899,-16.8033,-16.7906,-16.772,-16.5423,-16.5304,-16.5129,-16.2437,-16.2332,-16.2166,-15.9145,-15.9051,-15.8895
61,7.71748,-16.9004,-16.8869,-16.8672,-16.6869,-16.674,-16.6553,-16.4329,-16.4208,-16.403,-16.1418,-16.1309,-16.1141,-15.8202,-15.8106,-15.7948
62,7.99052,-16.7782,-16.7646,-16.7447,-16.5706,-16.5575,-16.5387,-16.3233,-16.3111,-16.2929,-16.0395,-16.0283,-16.0113,-15.7254,-15.7157,-15.6998
63,8.27157,-16.6561,-16.6425,-16.6225,-16.4543,-16.4411,-16.4221,-16.2136,-16.2013,-16.1828,-15.9369,-15.9256,-15.9083,-15.6301,-15.6203,-15.6043
64,8.56085,-16.5342,-16.5205,-16.5005,-16.3381,-16.3248,-16.3056,-16.1037,-16.0913,-16.0726,-15.834,-15.8226,-15.805,-15.5345,-15.5245,-15.5083
65,8.85861,-16.4125,-16.3987,-16.3786,-16.2218,-16.2084,-16.189,-15.9936,-15.9812,-15.9623,-15.7307,-15.7192,-15.7014,-15.4385,-15.4281,-15.4118
66,9.16509,-16.2909,-16.277,-16.2569,-16.1055,-16.0921,-16.0724,-15.8833,-15.8708,-15.8519,-15.6271,-15.6155,-15.5977,-15.3419,-15.3314,-15.3149
67,9.48056,-16.1695,-16.1555,-16.1353,-15.9892,-15.9757,-15.9559,-15.7729,-15.7603,-15.7414,-15.5231,-15.5115,-15.4936,-15.2449,-15.2343,-15.2175
68,9.80527,-16.0482,-16.0341,-16.0138,-15.8729,-15.8594,-15.8393,-15.6623,-15.6497,-15.6306,-15.4189,-15.4072,-15.3892,-15.1473,-15.1367,-15.1197
69,10.1395,-15.9271,-15.9128,-15.8926,-15.7565,-15.743,-15.7228,-15.5515,-15.5388,-15.5197,-15.3143,-15.3025,-15.2845,-15.0493,-15.0386,-15.0216
70,10.4835,-15.806,-15.7917,-15.7714,-15.6402,-15.6265,-15.6064,-15.4405,-15.4278,-15.4086,-15.2095,-15.1975,-15.1794,-14.9509,-14.9402,-14.9231
71,10.8376,-15.6851,-15.6706,-15.6503,-15.5238,-15.5101,-15.4899,-15.3295,-15.3166,-15.2974,-15.1044,-15.0922,-15.074,-14.8521,-14.8413,-14.8241
72,11.2021,-15.5642,-15.5497,-15.5294,-15.4074,-15.3937,-15.3734,-15.2184,-15.2052,-15.186,-14.999,-14.9867,-14.9683,-14.753,-14.7419,-14.7247
73,11.5773,-15.4435,-15.4289,-15.4085,-15.291,-15.2773,-15.257,-15.107,-15.0938,-15.0745,-14.8934,-14.881,-14.8625,-14.6534,-14.6421,-14.6249
74,11.9634,-15.3228,-15.3083,-15.2877,-15.1745,-15.1608,-15.1404,-14.9956,-14.9822,-14.9629,-14.7875,-14.7751,-14.7565,-14.5535,-14.5422,-14.5247
75,12.3609,-15.2023,-15.1877,-15.167,-15.058,-15.0442,-15.0239,-14.884,-14.8706,-14.8512,-14.6813,-14.6689,-14.6501,-14.4533,-14.4418,-14.4242
76,12.77,-15.0819,-15.0672,-15.0464,-14.9416,-14.9277,-14.9074,-14.7723,-14.7589,-14.7393,-14.5749,-14.5625,-14.5435,-14.3525,-14.3411,-14.3232
77,13.1911,-14.9615,-14.9468,-14.9259,-14.825,-14.8112,-14.7908,-14.6605,-14.647,-14.6273,-14.4682,-14.4557,-14.4368,-14.2514,-14.2399,-14.2221
78,13.6246,-14.8412,-14.8265,-14.8055,-14.7086,-14.6946,-14.6743,-14.5485,-14.535,-14.5152,-14.3613,-14.3487,-14.3298,-14.15,-14.1384,-14.1205
79,14.0707,-14.721,-14.7063,-14.6853,-14.5921,-14.578,-14.5577,-14.4364,-14.4229,-14.4029,-14.2541,-14.2415,-14.2226,-14.0482,-14.0366,-14.0187
80,14.5299,-14.6009,-14.5861,-14.5651,-14.4756,-14.4615,-14.4412,-14.3242,-14.3106,-14.2906,-14.1467,-14.1341,-14.1151,-13.9461,-13.9344,-13.9165
81,15.0026,-14.4808,-14.4661,-14.445,-14.3591,-14.3449,-14.3246,-14.2119,-14.1983,-14.1783,-14.0391,-14.0264,-14.0074,-13.8437,-13.8319,-13.8139
82,15.4891,-14.3608,-14.3461,-14.325,-14.2426,-14.2283,-14.208,-14.0994,-14.0859,-14.0659,-13.9313,-13.9185,-13.8995,-13.741,-13.729,-13.711
83,15.9899,-14.241,-14.2263,-14.2051,-14.1261,-14.1117,-14.0915,-13.9869,-13.9733,-13.9533,-13.8233,-13.8105,-13.7915,-13.638,-13.6259,-13.6078
84,16.5054,-14.1212,-14.1065,-14.0854,-14.0096,-13.9952,-13.975,-13.8742,-13.8607,-13.8407,-13.7152,-13.7022,-13.6832,-13.5348,-13.5226,-13.5045
85,17.036,-14.0015,-13.9869,-13.9658,-13.8932,-13.8788,-13.8586,-13.7615,-13.748,-13.7281,-13.6069,-13.5937,-13.5748,-13.4312,-13.419,-13.4008
86,17.5821,-13.882,-13.8674,-13.8464,-13.7767,-13.7624,-13.7422,-13.6488,-13.6353,-13.6154,-13.4984,-13.4852,-13.4663,-13.3274,-13.3152,-13.297
87,18.1442,-13.7626,-13.748,-13.7271,-13.6604,-13.6461,-13.6259,-13.536,-13.5225,-13.5027,-13.3898,-13.3767,-13.3577,-13.2233,-13.2112,-13.1929
88,18.7228,-13.6433,-13.6288,-13.6079,-13.5441,-13.5298,-13.5097,-13.4231,-13.4097,-13.39,-13.281,-13.268,-13.249,-13.119,-13.107,-13.0887
89,19.3184,-13.5242,-13.5097,-13.4889,-13.4278,-13.4137,-13.3935,-13.3103,-13.2969,-13.2772,-13.1722,-13.1592,-13.1402,-13.0145,-13.0025,-12.9843
90,19.9314,-13.4053,-13.3908,-13.3701,-13.3117,-13.2976,-13.2775,-13.1975,-13.1841,-13.1645,-13.0633,-13.0504,-13.0312,-12.9098,-12.8979,-12.8797
91,20.5623,-13.2865,-13.2721,-13.2515,-13.1957,-13.1816,-13.1615,-13.0848,-13.0713,-13.0519,-12.9543,-12.9414,-12.9222,-12.805,-12.793,-12.7749
92,21.2118,-13.1679,-13.1536,-13.1331,-13.0799,-13.0658,-13.0457,-12.9721,-12.9586,-12.9393,-12.8453,-12.8324,-12.8133,-12.7,-12.688,-12.6699
93,21.8803,-13.0496,-13.0353,-13.0149,-12.9641,-12.9501,-12.9301,-12.8595,-12.846,-12.8267,-12.7362,-12.7234,-12.7044,-12.5949,-12.5829,-12.5649
94,22.5684,-12.9314,-12.9172,-12.8969,-12.8485,-12.8346,-12.8145,-12.7469,-12.7334,-12.7142,-12.6272,-12.6143,-12.5954,-12.4898,-12.4777,-12.4598
95,23.2766,-12.8135,-12.7993,-12.7791,-12.7331,-12.7192,-12.6991,-12.6344,-12.6208,-12.6018,-12.5181,-12.5053,-12.4864,-12.3846,-12.3724,-12.3546
96,24.0056,-12.6958,-12.6817,-12.6615,-12.6178,-12.6039,-12.584,-12.522,-12.5085,-12.4895,-12.409,-12.3962,-12.3774,-12.2793,-12.267,-12.2493
97,24.756,-12.5783,-12.5643,-12.5442,-12.5027,-12.4888,-12.469,-12.4097,-12.3962,-12.3773,-12.2999,-12.2872,-12.2684,-12.1739,-12.1617,-12.144
98,25.5283,-12.4611,-12.4471,-12.4271,-12.3877,-12.374,-12.3542,-12.2976,-12.2841,-12.2652,-12.1909,-12.1782,-12.1595,-12.0685,-12.0563,-12.0386
99,26.3233,-12.3441,-12.3302,-12.3103,-12.273,-12.2593,-12.2396,-12.1856,-12.1722,-12.1532,-12.0819,-12.0693,-12.0507,-11.9632,-11.9509,-11.9332
100,27.1416,-12.2275,-12.2136,-12.1938,-12.1585,-12.1448,-12.1253,-12.0737,-12.0604,-12.0414,-11.9731,-11.9604,-11.942,-11.8578,-11.8456,-11.8277
101,27.9838,-12.111,-12.0973,-12.0776,-12.0442,-12.0306,-12.0111,-11.962,-11.9487,-11.9298,-11.8643,-11.8517,-11.8333,-11.7524,-11.7402,-11.7223
102,28.8508,-11.9949,-11.9812,-11.9617,-11.9301,-11.9166,-11.8973,-11.8504,-11.8373,-11.8183,-11.7557,-11.743,-11.7248,-11.647,-11.6349,-11.617
103,29.7431,-11.8791,-11.8655,-11.8461,-11.8163,-11.8029,-11.7836,-11.7391,-11.726,-11.7071,-11.6472,-11.6345,-11.6164,-11.5416,-11.5296,-11.5117
104,30.6616,-11.7637,-11.7501,-11.7309,-11.7028,-11.6894,-11.6703,-11.6279,-11.6149,-11.596,-11.5388,-11.5261,-11.5081,-11.4363,-11.4243,-11.4065
105,31.607,-11.6485,-11.6351,-11.6159,-11.5896,-11.5762,-11.5572,-11.517,-11.504,-11.4852,-11.4305,-11.4178,-11.3999,-11.3311,-11.3191,-11.3014
106,32.5802,-11.5338,-11.5203,-11.5013,-11.4766,-11.4633,-11.4445,-11.4063,-11.3933,-11.3746,-11.3224,-11.3098,-11.2919,-11.2259,-11.214,-11.1964
107,33.5818,-11.4193,-11.406,-11.3871,-11.3639,-11.3508,-11.332,-11.2958,-11.2829,-11.2644,-11.2145,-11.2019,-11.1842,-11.1209,-11.109,-11.0915
108,34.6128,-11.3053,-11.292,-11.2732,-11.2516,-11.2385,-11.2199,-11.1856,-11.1728,-11.1543,-11.1068,-11.0943,-11.0766,-11.0159,-11.0041,-10.9867
109,35.674,-11.1916,-11.1784,-11.1598,-11.1396,-11.1266,-11.1082,-11.0757,-11.063,-11.0446,-10.9993,-10.9869,-10.9692,-10.9111,-10.8994,-10.8821
110,36.7663,-11.0783,-11.0652,-11.0467,-11.0279,-11.015,-10.9967,-10.966,-10.9534,-10.9352,-10.892,-10.8797,-10.8621,-10.8065,-10.7948,-10.7777
111,37.8906,-10.9654,-10.9524,-10.934,-10.9166,-10.9038,-10.8857,-10.8567,-10.8442,-10.8261,-10.785,-10.7728,-10.7552,-10.7021,-10.6905,-10.6735
112,39.0479,-10.853,-10.84,-10.8218,-10.8057,-10.793,-10.775,-10.7477,-10.7352,-10.7173,-10.6783,-10.6662,-10.6486,-10.5979,-10.5863,-10.5695
113,40.239,-10.741,-10.7281,-10.7101,-10.6952,-10.6826,-10.6648,-10.6391,-10.6267,-10.6089,-10.5719,-10.5598,-10.5423,-10.4939,-10.4824,-10.4656
114,41.4651,-10.6294,-10.6167,-10.5988,-10.5851,-10.5727,-10.555,-10.5308,-10.5185,-10.5009,-10.4657,-10.4537,-10.4363,-10.3902,-10.3787,-10.3621
115,42.7271,-10.5184,-10.5057,-10.488,-10.4754,-10.4631,-10.4456,-10.4228,-10.4106,-10.3932,-10.3599,-10.348,-10.3306,-10.2867,-10.2752,-10.2587
116,44.0261,-10.4078,-10.3952,-10.3776,-10.3662,-10.354,-10.3366,-10.3153,-10.3032,-10.286,-10.2544,-10.2426,-10.2254,-10.1835,-10.1721,-10.1557
117,45.3631,-10.2977,-10.2852,-10.2678,-10.2575,-10.2454,-10.2281,-10.2082,-10.1962,-10.1792,-10.1492,-10.1375,-10.1205,-10.0807,-10.0693,-10.053
118,46.7394,-10.1881,-10.1757,-10.1585,-10.1492,-10.1372,-10.1201,-10.1015,-10.0896,-10.0728,-10.0445,-10.0329,-10.016,-9.9781,-9.96679,-9.95059
119,48.1559,-10.0791,-10.0668,-10.0497,-10.0415,-10.0296,-10.0126,-9.99529,-9.98352,-9.9668,-9.94008,-9.92857,-9.91185,-9.87587,-9.86464,-9.84849
120,49.614,-9.97065,-9.9584,-9.9415,-9.93429,-9.92244,-9.90563,-9.88955,-9.8779,-9.86133,-9.83614,-9.82471,-9.80818,-9.77399,-9.76284,-9.74676
121,51.1148,-9.86275,-9.85059,-9.83384,-9.8276,-9.81582,-9.79916,-9.7843,-9.77277,-9.75632,-9.73264,-9.7213,-9.70494,-9.67251,-9.66143,-9.64543
122,52.6596,-9.75543,-9.74334,-9.72675,-9.72145,-9.70973,-9.69322,-9.67954,-9.66814,-9.65181,-9.6296,-9.61834,-9.60214,-9.57143,-9.56043,-9.5445
123,54.2497,-9.64869,-9.63669,-9.62023,-9.61585,-9.60419,-9.58782,-9.5753,-9.56401,-9.54781,-9.527,-9.51583,-9.49978,-9.47076,-9.45983,-9.44399
124,55.8863,-9.54255,-9.53063,-9.51431,-9.51081,-9.49922,-9.48299,-9.4716,-9.4604,-9.44432,-9.42488,-9.41381,-9.39789,-9.37049,-9.35964,-9.34392
125,57.5709,-9.43701,-9.42518,-9.40901,-9.40634,-9.39483,-9.37874,-9.36842,-9.35732,-9.34134,-9.32324,-9.31228,-9.2965,-9.27068,-9.25989,-9.24429
126,59.3049,-9.33208,-9.32035,-9.30432,-9.30246,-9.29102,-9.27507,-9.26579,-9.25478,-9.23893,-9.22211,-9.21125,-9.19559,-9.17131,-9.16059,-9.1451
127,61.0897,-9.22778,-9.21616,-9.20026,-9.19916,-9.1878,-9.17201,-9.16371,-9.1528,-9.13708,-9.12148,-9.11075,-9.09522,-9.0724,-9.06176,-9.04639
128,62.9268,-9.12412,-9.1126,-9.09684,-9.09647,-9.0852,-9.06955,-9.0622,-9.05138,-9.03581,-9.02138,-9.01076,-8.99537,-8.97396,-8.96343,-8.9482
129,64.8177,-9.02109,-9.00969,-8.99406,-8.9944,-8.98322,-8.9677,-8.96129,-8.95055,-8.93512,-8.92182,-8.91132,-8.89607,-8.87602,-8.86558,-8.85049
130,66.7641,-8.91873,-8.90741,-8.89194,-8.89295,-8.88186,-8.86649,-8.86098,-8.85031,-8.83502,-8.82282,-8.81242,-8.7973,-8.77859,-8.76824,-8.75327
131,68.7675,-8.81702,-8.8058,-8.79048,-8.79213,-8.78113,-8.76591,-8.76127,-8.75066,-8.73552,-8.72438,-8.71408,-8.69908,-8.68166,-8.67141,-8.65657
132,70.8295,-8.71599,-8.70486,-8.6897,-8.69196,-8.68104,-8.66598,-8.66217,-8.65163,-8.63664,-8.62651,-8.61631,-8.60143,-8.58525,-8.57511,-8.56039
133,72.9521,-8.61563,-8.60461,-8.58959,-8.59244,-8.5816,-8.5667,-8.56368,-8.55322,-8.53838,-8.52923,-8.51913,-8.50437,-8.48937,-8.47934,-8.46477
134,75.1368,-8.51595,-8.50503,-8.49017,-8.49358,-8.48282,-8.46809,-8.46583,-8.45544,-8.44074,-8.43254,-8.42253,-8.40789,-8.39404,-8.38412,-8.36969
135,77.3855,-8.41697,-8.40616,-8.39145,-8.39539,-8.38471,-8.37014,-8.36861,-8.3583,-8.34375,-8.33646,-8.32654,-8.31202,-8.29927,-8.28945,-8.27518
136,79.7002,-8.31869,-8.30799,-8.29342,-8.29788,-8.28729,-8.27288,-8.27204,-8.26181,-8.2474,-8.24098,-8.23117,-8.21677,-8.20507,-8.19536,-8.18123
137,82.0826,-8.22112,-8.21052,-8.19611,-8.20104,-8.19056,-8.17629,-8.17612,-8.16598,-8.15171,-8.14613,-8.13641,-8.12216,-8.11145,-8.10186,-8.08784
138,84.5349,-8.12426,-8.11378,-8.0995,-8.1049,-8.09453,-8.0804,-8.08087,-8.0708,-8.05669,-8.05191,-8.04228,-8.02817,-8.01842,-8.00895,-7.99505
139,87.0591,-8.02813,-8.01775,-8.00362,-8.00946,-7.99919,-7.9852,-7.98629,-7.97629,-7.96234,-7.95834,-7.94879,-7.93482,-7.926,-7.91663,-7.90286
140,89.6572,-7.93272,-7.92246,-7.90846,-7.91473,-7.90456,-7.89071,-7.89238,-7.88247,-7.86868,-7.86543,-7.85595,-7.84213,-7.83418,-7.82493,-7.81129
141,92.3314,-7.83805,-7.8279,-7.81404,-7.8207,-7.81065,-7.79692,-7.79917,-7.78932,-7.77569,-7.77317,-7.76375,-7.7501,-7.74299,-7.73385,-7.72033
142,95.084,-7.74412,-7.73408,-7.72036,-7.7274,-7.71746,-7.70386,-7.70664,-7.69688,-7.68341,-7.68158,-7.67222,-7.65873,-7.65244,-7.64339,-7.63
143,97.9173,-7.65094,-7.64101,-7.62743,-7.63482,-7.62499,-7.61153,-7.61482,-7.60513,-7.59182,-7.59066,-7.58136,-7.56804,-7.56253,-7.55356,-7.54031
144,100.834,-7.55851,-7.54869,-7.53525,-7.54298,-7.53325,-7.51993,-7.5237,-7.51409,-7.50094,-7.50041,-7.49118,-7.47802,-7.47327,-7.46437,-7.45127
145,103.835,-7.46683,-7.45713,-7.44383,-7.45187,-7.44225,-7.42907,-7.43329,-7.42377,-7.41076,-7.41085,-7.40169,-7.38868,-7.38466,-7.37584,-7.36288
146,106.925,-7.37592,-7.36633,-7.35317,-7.3615,-7.352,-7.33895,-7.34359,-7.33418,-7.3213,-7.32199,-7.31289,-7.30004,-7.29671,-7.28797,-7.27517
147,110.105,-7.28577,-7.2763,-7.26328,-7.27188,-7.26249,-7.24957,-7.25462,-7.24531,-7.23257,-7.23381,-7.22479,-7.2121,-7.20943,-7.20077,-7.18812
148,113.379,-7.19639,-7.18703,-7.17415,-7.18302,-7.17373,-7.16095,-7.16639,-7.15718,-7.14456,-7.14635,-7.13739,-7.12486,-7.12283,-7.11424,-7.10174
149,116.748,-7.10779,-7.09854,-7.0858,-7.0949,-7.08573,-7.07309,-7.07889,-7.06978,-7.0573,-7.05959,-7.05071,-7.03832,-7.03691,-7.02839,-7.01605
150,120.216,-7.01996,-7.01082,-6.99822,-7.00755,-6.99848,-6.98598,-6.99213,-6.98312,-6.97077,-6.97354,-6.96473,-6.95249,-6.95167,-6.94323,-6.93104
151,123.786,-6.93291,-6.92388,-6.91142,-6.92097,-6.912,-6.89964,-6.90611,-6.8972,-6.88499,-6.88821,-6.87948,-6.86738,-6.86715,-6.85877,-6.84672
152,127.461,-6.84665,-6.83773,-6.82541,-6.83515,-6.82629,-6.81406,-6.82084,-6.81203,-6.79996,-6.8036,-6.79495,-6.78299,-6.78332,-6.77499,-6.76311
153,131.243,-6.76117,-6.75236,-6.74017,-6.7501,-6.74135,-6.72925,-6.73632,-6.72761,-6.71568,-6.71971,-6.71115,-6.69933,-6.7002,-6.69193,-6.6802
154,135.136,-6.67647,-6.66777,-6.65571,-6.66582,-6.65717,-6.64522,-6.65256,-6.64395,-6.63215,-6.63656,-6.62809,-6.6164,-6.61778,-6.60957,-6.59799
155,139.143,-6.59257,-6.58398,-6.57204,-6.58231,-6.57378,-6.56195,-6.56955,-6.56105,-6.54937,-6.55414,-6.54575,-6.53421,-6.53607,-6.52792,-6.51648
156,143.267,-6.50946,-6.50097,-6.48916,-6.49958,-6.49115,-6.47946,-6.4873,-6.4789,-6.46736,-6.47246,-6.46416,-6.45276,-6.45508,-6.44699,-6.43569
157,147.512,-6.42713,-6.41876,-6.40708,-6.41763,-6.40931,-6.39773,-6.40581,-6.39752,-6.3861,-6.39153,-6.38331,-6.37204,-6.3748,-6.36679,-6.35562
158,151.882,-6.3456,-6.33733,-6.32578,-6.33646,-6.32824,-6.31679,-6.32509,-6.31689,-6.30561,-6.31134,-6.30322,-6.29207,-6.29524,-6.2873,-6.27626
159,156.38,-6.26486,-6.2567,-6.24528,-6.25607,-6.24795,-6.23663,-6.24513,-6.23703,-6.22588,-6.2319,-6.22387,-6.21285,-6.2164,-6.20854,-6.19764
160,161.009,-6.18492,-6.17687,-6.16556,-6.17646,-6.16844,-6.15725,-6.16593,-6.15794,-6.1469,-6.1532,-6.14527,-6.13438,-6.13829,-6.13051,-6.11973
161,165.774,-6.10577,-6.09782,-6.08664,-6.09763,-6.08972,-6.07864,-6.08751,-6.07961,-6.06869,-6.07526,-6.06742,-6.05666,-6.0609,-6.05321,-6.04256
162,170.679,-6.02741,-6.01957,-6.00851,-6.01959,-6.01177,-6.00082,-6.00985,-6.00205,-5.99125,-5.99806,-5.99032,-5.97968,-5.98425,-5.97663,-5.96611
163,175.728,-5.94984,-5.94211,-5.93117,-5.94232,-5.9346,-5.92378,-5.93295,-5.92525,-5.91457,-5.92162,-5.91397,-5.90346,-5.90833,-5.90079,-5.8904
164,180.924,-5.87307,-5.86543,-5.85463,-5.86584,-5.85821,-5.84751,-5.85683,-5.84923,-5.83867,-5.84593,-5.83837,-5.82798,-5.83314,-5.82568,-5.81542
165,186.273,-5.79709,-5.78955,-5.77887,-5.79013,-5.78261,-5.77203,-5.78147,-5.77397,-5.76352,-5.77099,-5.76352,-5.75325,-5.75868,-5.75131,-5.74117
166,191.779,-5.72189,-5.71445,-5.7039,-5.71521,-5.70778,-5.69733,-5.70688,-5.69947,-5.68915,-5.6968,-5.68942,-5.67926,-5.68496,-5.67767,-5.66766
167,197.446,-5.64748,-5.64014,-5.62972,-5.64106,-5.63373,-5.6234,-5.63305,-5.62574,-5.61553,-5.62337,-5.61608,-5.60603,-5.61198,-5.60478,-5.59488
168,203.279,-5.57387,-5.56662,-5.55632,-5.56769,-5.56045,-5.55024,-5.55999,-5.55278,-5.54268,-5.55068,-5.54348,-5.53355,-5.53973,-5.53262,-5.52284
169,209.282,-5.50103,-5.49388,-5.4837,-5.49509,-5.48795,-5.47786,-5.4877,-5.48057,-5.4706,-5.47875,-5.47164,-5.46182,-5.46821,-5.46119,-5.45152
170,215.462,-5.42898,-5.42192,-5.41187,-5.42327,-5.41623,-5.40626,-5.41617,-5.40913,-5.39927,-5.40756,-5.40055,-5.39084,-5.39744,-5.39049,-5.38094
171,221.823,-5.3577,-5.35074,-5.34081,-5.35222,-5.34527,-5.33542,-5.34539,-5.33845,-5.32871,-5.33712,-5.3302,-5.3206,-5.32739,-5.32053,-5.31109
172,228.37,-5.28721,-5.28033,-5.27053,-5.28194,-5.27508,-5.26535,-5.27538,-5.26853,-5.2589,-5.26743,-5.2606,-5.25111,-5.25808,-5.25131,-5.24197
173,235.11,-5.21749,-5.2107,-5.20102,-5.21243,-5.20566,-5.19604,-5.20612,-5.19936,-5.18985,-5.19849,-5.19174,-5.18236,-5.1895,-5.18281,-5.17357
174,242.046,-5.14854,-5.14185,-5.13228,-5.14368,-5.137,-5.1275,-5.13762,-5.13095,-5.12155,-5.13028,-5.12363,-5.11435,-5.12165,-5.11504,-5.10591
175,249.186,-5.08036,-5.07375,-5.06431,-5.07569,-5.06909,-5.05972,-5.06987,-5.06329,-5.054,-5.06282,-5.05625,-5.04708,-5.05452,-5.048,-5.03897
176,256.535,-5.01294,-5.00643,-4.9971,-5.00846,-5.00195,-4.99269,-5.00287,-4.99637,-4.9872,-4.99609,-4.98962,-4.98055,-4.98812,-4.98168,-4.97276
177,264.1,-4.94629,-4.93986,-4.93065,-4.94198,-4.93556,-4.92642,-4.93661,-4.9302,-4.92114,-4.9301,-4.92371,-4.91475,-4.92245,-4.91608,-4.90726
178,271.886,-4.88039,-4.87405,-4.86496,-4.87625,-4.86992,-4.86089,-4.8711,-4.86478,-4.85583,-4.86485,-4.85854,-4.84968,-4.85749,-4.85121,-4.84249
179,279.901,-4.81525,-4.809,-4.80002,-4.81128,-4.80503,-4.79612,-4.80632,-4.80009,-4.79125,-4.80032,-4.7941,-4.78535,-4.79325,-4.78705,-4.77844
180,288.15,-4.75086,-4.74469,-4.73583,-4.74704,-4.74089,-4.73208,-4.74229,-4.73614,-4.72741,-4.73652,-4.73039,-4.72173,-4.72973,-4.72362,-4.7151
181,296.641,-4.68721,-4.68113,-4.67239,-4.68355,-4.67748,-4.66879,-4.67898,-4.67292,-4.6643,-4.67345,-4.6674,-4.65885,-4.66693,-4.6609,-4.65248
182,305.381,-4.62431,-4.61832,-4.60969,-4.6208,-4.61481,-4.60623,-4.61641,-4.61043,-4.60192,-4.61109,-4.60513,-4.59669,-4.60483,-4.59888,-4.59057
183,314.377,-4.56215,-4.55624,-4.54773,-4.55877,-4.55287,-4.54441,-4.55456,-4.54867,-4.54027,-4.54946,-4.54358,-4.53524,-4.54345,-4.53758,-4.52937
184,323.636,-4.50072,-4.4949,-4.48651,-4.49748,-4.49167,-4.48333,-4.49344,-4.48763,-4.47934,-4.48854,-4.48275,-4.47452,-4.48277,-4.47699,-4.46888
185,333.167,-4.44003,-4.4343,-4.42603,-4.43692,-4.4312,-4.42297,-4.43304,-4.42732,-4.41915,-4.42833,-4.42263,-4.41452,-4.42279,-4.4171,-4.4091
186,342.977,-4.38007,-4.37443,-4.36629,-4.37708,-4.37145,-4.36335,-4.37336,-4.36773,-4.35968,-4.36884,-4.36323,-4.35524,-4.36352,-4.35793,-4.35003
187,353.075,-4.32084,-4.31529,-4.3073,-4.31797,-4.31243,-4.30446,-4.3144,-4.30886,-4.30094,-4.31006,-4.30454,-4.29668,-4.30495,-4.29945,-4.29168
188,363.469,-4.26233,-4.25688,-4.24906,-4.25958,-4.25414,-4.24634,-4.25615,-4.25072,-4.24296,-4.25199,-4.24657,-4.23887,-4.24709,-4.24169,-4.23408
189,374.167,-4.20457,-4.19921,-4.19159,-4.20193,-4.19658,-4.18897,-4.19863,-4.1933,-4.18573,-4.19464,-4.18932,-4.18181,-4.18993,-4.18464,-4.17721
190,385.179,-4.14754,-4.14228,-4.13491,-4.14501,-4.13976,-4.1324,-4.14185,-4.13661,-4.12929,-4.13801,-4.1328,-4.12553,-4.1335,-4.12831,-4.12112
191,396.513,-4.09126,-4.08614,-4.07903,-4.08883,-4.08373,-4.07662,-4.08579,-4.08071,-4.07364,-4.08212,-4.07706,-4.07004,-4.07779,-4.07276,-4.06581
192,408.179,-4.03574,-4.03083,-4.02394,-4.03341,-4.02852,-4.02163,-4.0305,-4.02563,-4.01877,-4.02698,-4.02214,-4.0153,-4.02283,-4.01802,-4.01124
193,420.188,-3.98105,-3.97635,-3.96985,-3.97882,-3.97413,-3.96763,-3.97604,-3.97136,-3.96487,-3.97267,-3.96801,-3.96158,-3.9687,-3.96407,-3.95773
194,432.548,-3.92725,-3.92274,-3.91745,-3.92512,-3.92062,-3.91536,-3.92245,-3.91796,-3.91275,-3.91923,-3.91475,-3.90961,-3.91543,-3.91097,-3.90592
195,445.271,-3.87437,-3.87068,-3.86594,-3.87233,-3.86867,-3.86393,-3.86978,-3.86615,-3.86142,-3.8667,-3.86308,-3.85839,-3.86307,-3.85952,-3.85482
196,458.366,-3.82277,-3.82014,-3.81463,-3.82081,-3.81822,-3.81269,-3.81838,-3.81581,-3.81028,-3.81543,-3.81291,-3.80735,-3.81195,-3.80949,-3.80394
197,471.845,-3.77305,-3.76994,-3.76341,-3.7712,-3.76809,-3.76159,-3.76891,-3.76578,-3.75933,-3.76613,-3.76298,-3.7566,-3.76287,-3.75968,-3.75342
198,485.719,-3.72561,-3.72218,-3.71583,-3.72388,-3.72043,-3.71408,-3.72174,-3.71827,-3.71191,-3.71915,-3.71566,-3.7093,-3.71613,-3.7126,-3.70623
199,500,-3.67956,-3.67477,-3.66705,-3.67787,-3.67308,-3.66535,-3.67578,-3.67097,-3.66323,-3.67326,-3.66842,-3.66068,-3.6703,-3.66542,-3.65768
