gridnumber,capital,VF[0],VF[1],VF[2],VF[3],VF[4],VF[5],VF[6]
0,0,-7.81252,-7.81252,-7.81253,-7.81252,-7.81253,-7.81252,-7.81252
1,0.0185364,-7.77756,-7.77721,-7.77688,-7.77653,-7.77619,-7.77583,-7.77549
2,0.0372875,-7.74448,-7.7438,-7.74314,-7.74245,-7.74177,-7.74107,-7.74038
3,0.0562558,-7.71172,-7.71064,-7.70957,-7.7085,-7.70753,-7.70653,-7.70554
4,0.0754439,-7.68008,-7.67873,-7.67739,-7.67602,-7.67465,-7.67326,-7.67189
5,0.0948544,-7.64857,-7.64689,-7.64522,-7.64352,-7.64183,-7.64011,-7.6384
6,0.11449,-7.61729,-7.61522,-7.61316,-7.61114,-7.60919,-7.60721,-7.60524
7,0.134352,-7.58676,-7.58445,-7.58215,-7.57982,-7.57749,-7.57513,-7.57278
8,0.154445,-7.55637,-7.55374,-7.55111,-7.54846,-7.5458,-7.54312,-7.54044
9,0.174771,-7.52604,-7.5231,-7.52017,-7.5172,-7.51423,-7.51124,-7.50825
10,0.195332,-7.49581,-7.4925,-7.48925,-7.48606,-7.48286,-7.47964,-7.47642
11,0.216131,-7.46616,-7.46263,-7.45911,-7.45555,-7.45199,-7.44845,-7.44492
12,0.237172,-7.43658,-7.43275,-7.42892,-7.42505,-7.42119,-7.4173,-7.41346
13,0.258456,-7.40703,-7.4029,-7.39877,-7.3946,-7.39044,-7.38623,-7.38206
14,0.279986,-7.37751,-7.37309,-7.36867,-7.36423,-7.35978,-7.3553,-7.35082
15,0.301766,-7.34802,-7.34331,-7.33869,-7.33403,-7.32937,-7.32466,-7.31996
16,0.323799,-7.31901,-7.31403,-7.30906,-7.30411,-7.29915,-7.29415,-7.28915
17,0.346087,-7.29,-7.28474,-7.27947,-7.27419,-7.26895,-7.26366,-7.25838
18,0.368632,-7.26099,-7.25544,-7.24989,-7.24429,-7.23877,-7.23321,-7.22765
19,0.391439,-7.23198,-7.22616,-7.22033,-7.21447,-7.20863,-7.20282,-7.19701
20,0.414511,-7.20301,-7.19693,-7.19086,-7.18475,-7.17864,-7.17256,-7.16652
21,0.437849,-7.17409,-7.16781,-7.16152,-7.15519,-7.14885,-7.14247,-7.13616
22,0.461458,-7.14542,-7.13884,-7.13228,-7.12567,-7.11906,-7.1124,-7.1058
23,0.485341,-7.11674,-7.10986,-7.10303,-7.09616,-7.08927,-7.08234,-7.07546
24,0.5095,-7.08806,-7.08088,-7.07378,-7.06665,-7.0595,-7.05231,-7.04514
25,0.533939,-7.05937,-7.05194,-7.04455,-7.03717,-7.02979,-7.02236,-7.01493
26,0.558661,-7.03071,-7.02305,-7.01537,-7.00777,-7.00016,-6.99251,-6.98486
27,0.58367,-7.00212,-6.99423,-6.98633,-6.97845,-6.9706,-6.9627,-6.9548
28,0.608968,-6.97358,-6.96545,-6.95732,-6.94917,-6.94106,-6.9329,-6.92474
29,0.634559,-6.94505,-6.93667,-6.92828,-6.91986,-6.9115,-6.90309,-6.89468
30,0.660447,-6.91651,-6.90788,-6.89924,-6.89055,-6.88195,-6.8733,-6.86465
31,0.686635,-6.88795,-6.87908,-6.8702,-6.86127,-6.85242,-6.84355,-6.83467
32,0.713126,-6.85939,-6.8503,-6.84119,-6.83204,-6.82294,-6.81385,-6.80475
33,0.739924,-6.83087,-6.82155,-6.81223,-6.80286,-6.79351,-6.78419,-6.77485
34,0.767033,-6.80242,-6.79284,-6.78329,-6.77369,-6.76409,-6.75452,-6.74495
35,0.794456,-6.77398,-6.76414,-6.75435,-6.74451,-6.73465,-6.72485,-6.71503
36,0.822196,-6.74551,-6.73542,-6.72539,-6.71531,-6.70521,-6.69517,-6.68513
37,0.850258,-6.71701,-6.70667,-6.69641,-6.6861,-6.67578,-6.66551,-6.65525
38,0.878644,-6.68851,-6.67792,-6.66744,-6.65692,-6.64638,-6.63588,-6.62541
39,0.90736,-6.66,-6.64921,-6.63849,-6.62776,-6.61701,-6.60628,-6.59559
40,0.936408,-6.63152,-6.62051,-6.60956,-6.59861,-6.58764,-6.57668,-6.56576
41,0.965793,-6.60304,-6.59182,-6.58064,-6.56946,-6.55826,-6.54707,-6.53592
42,0.995519,-6.57455,-6.56311,-6.55169,-6.54028,-6.52886,-6.51744,-6.50607
43,1.02559,-6.54604,-6.53437,-6.52271,-6.51109,-6.49945,-6.48781,-6.47623
44,1.05601,-6.5175,-6.50561,-6.49373,-6.4819,-6.47005,-6.45819,-6.44642
45,1.08678,-6.48895,-6.47685,-6.46475,-6.45271,-6.44066,-6.42859,-6.41661
46,1.1179,-6.46039,-6.44809,-6.43578,-6.42354,-6.41128,-6.399,-6.38681
47,1.14939,-6.43184,-6.41934,-6.40682,-6.39436,-6.38189,-6.3694,-6.35698
48,1.18124,-6.40328,-6.39058,-6.37785,-6.36517,-6.35248,-6.33977,-6.32715
49,1.21346,-6.37471,-6.36179,-6.34885,-6.33595,-6.32306,-6.31013,-6.29731
50,1.24606,-6.34611,-6.33298,-6.31982,-6.30672,-6.29362,-6.28049,-6.26747
51,1.27903,-6.31748,-6.30415,-6.29079,-6.27748,-6.26419,-6.25086,-6.23765
52,1.31239,-6.28884,-6.2753,-6.26175,-6.24824,-6.23475,-6.22124,-6.20782
53,1.34613,-6.26018,-6.24646,-6.23272,-6.219,-6.20532,-6.1916,-6.17799
54,1.38026,-6.23153,-6.21761,-6.20367,-6.18976,-6.17588,-6.16196,-6.14814
55,1.41479,-6.20288,-6.18875,-6.17461,-6.16049,-6.14641,-6.13229,-6.11828
56,1.44971,-6.1742,-6.15986,-6.14553,-6.1312,-6.11692,-6.10261,-6.08841
57,1.48504,-6.14549,-6.13095,-6.11642,-6.1019,-6.08743,-6.07293,-6.05854
58,1.52078,-6.11676,-6.10202,-6.0873,-6.07259,-6.05793,-6.04325,-6.02868
59,1.55694,-6.08801,-6.07308,-6.05817,-6.04327,-6.02844,-6.01357,-5.99881
60,1.59351,-6.05925,-6.04413,-6.02904,-6.01395,-5.99893,-5.98388,-5.96893
61,1.63051,-6.03048,-6.01517,-5.99989,-5.98462,-5.96941,-5.95417,-5.93904
62,1.66794,-6.0017,-5.9862,-5.97073,-5.95527,-5.93987,-5.92445,-5.90913
63,1.7058,-5.97289,-5.9572,-5.94155,-5.9259,-5.91032,-5.89472,-5.87922
64,1.7441,-5.94406,-5.92818,-5.91235,-5.89651,-5.88076,-5.86498,-5.84931
65,1.78284,-5.91521,-5.89914,-5.88313,-5.86712,-5.85119,-5.83524,-5.8194
66,1.82203,-5.88634,-5.87009,-5.8539,-5.83772,-5.82162,-5.8055,-5.78948
67,1.86167,-5.85746,-5.84103,-5.82467,-5.80832,-5.79204,-5.77575,-5.75956
68,1.90178,-5.82856,-5.81196,-5.79543,-5.7789,-5.76244,-5.74598,-5.72962
69,1.94235,-5.79965,-5.78288,-5.76617,-5.74946,-5.73283,-5.7162,-5.69967
70,1.98339,-5.77073,-5.75377,-5.73689,-5.72001,-5.70321,-5.68642,-5.66972
71,2.0249,-5.74178,-5.72465,-5.70759,-5.69055,-5.67358,-5.65663,-5.63977
72,2.0669,-5.71281,-5.69551,-5.67829,-5.66108,-5.64395,-5.62684,-5.60981
73,2.10938,-5.68382,-5.66635,-5.64897,-5.6316,-5.61431,-5.59704,-5.57985
74,2.15235,-5.65482,-5.63719,-5.61965,-5.60212,-5.58467,-5.56724,-5.54989
75,2.19582,-5.62581,-5.60802,-5.59032,-5.57263,-5.55501,-5.53742,-5.51991
76,2.2398,-5.59679,-5.57884,-5.56097,-5.54312,-5.52534,-5.5076,-5.48993
77,2.28428,-5.56775,-5.54964,-5.53161,-5.5136,-5.49567,-5.47778,-5.45996
78,2.32928,-5.5387,-5.52042,-5.50224,-5.48408,-5.46599,-5.44795,-5.42998
79,2.37481,-5.50963,-5.49119,-5.47285,-5.45454,-5.43631,-5.41812,-5.4
80,2.42085,-5.48055,-5.46196,-5.44347,-5.42501,-5.40662,-5.38829,-5.37002
81,2.46744,-5.45145,-5.43272,-5.41407,-5.39547,-5.37693,-5.35846,-5.34003
82,2.51456,-5.42235,-5.40347,-5.38467,-5.36592,-5.34723,-5.32862,-5.31005
83,2.56223,-5.39324,-5.37421,-5.35526,-5.33637,-5.31753,-5.29877,-5.28006
84,2.61045,-5.36412,-5.34493,-5.32585,-5.3068,-5.28782,-5.26893,-5.25008
85,2.65923,-5.33498,-5.31565,-5.29642,-5.27724,-5.25812,-5.23909,-5.2201
86,2.70857,-5.30584,-5.28637,-5.26699,-5.24767,-5.22841,-5.20925,-5.19012
87,2.75849,-5.27668,-5.25707,-5.23756,-5.21811,-5.19871,-5.17942,-5.16015
88,2.80898,-5.24752,-5.22778,-5.20812,-5.18854,-5.169,-5.14958,-5.13018
89,2.86006,-5.21836,-5.19848,-5.17869,-5.15897,-5.1393,-5.11974,-5.10022
90,2.91173,-5.18919,-5.16917,-5.14924,-5.12939,-5.10959,-5.08991,-5.07027
91,2.964,-5.16001,-5.13986,-5.1198,-5.09982,-5.07988,-5.06009,-5.04032
92,3.01688,-5.13083,-5.11054,-5.09035,-5.07025,-5.05018,-5.03027,-5.01039
93,3.07036,-5.10164,-5.08123,-5.06091,-5.04068,-5.02049,-5.00045,-4.98046
94,3.12447,-5.07245,-5.05191,-5.03146,-5.01112,-4.99081,-4.97064,-4.95053
95,3.1792,-5.04326,-5.0226,-5.00202,-4.98156,-4.96113,-4.94084,-4.92062
96,3.23457,-5.01407,-4.99328,-4.97258,-4.952,-4.93145,-4.91105,-4.89071
97,3.29058,-4.98487,-4.96397,-4.94315,-4.92244,-4.90179,-4.88127,-4.86082
98,3.34724,-4.95568,-4.93465,-4.91371,-4.8929,-4.87213,-4.85149,-4.83094
99,3.40456,-4.92649,-4.90534,-4.88429,-4.86336,-4.84248,-4.82173,-4.80108
100,3.46253,-4.8973,-4.87604,-4.85487,-4.83383,-4.81285,-4.79199,-4.77123
101,3.52119,-4.86811,-4.84674,-4.82545,-4.80431,-4.78322,-4.76225,-4.7414
102,3.58052,-4.83893,-4.81745,-4.79605,-4.7748,-4.75361,-4.73253,-4.71158
103,3.64053,-4.80975,-4.78816,-4.76665,-4.7453,-4.72401,-4.70283,-4.68178
104,3.70125,-4.78058,-4.75889,-4.73727,-4.71581,-4.69443,-4.67314,-4.65199
105,3.76266,-4.75141,-4.72962,-4.70789,-4.68634,-4.66486,-4.64347,-4.62223
106,3.82479,-4.72225,-4.70036,-4.67854,-4.65688,-4.6353,-4.61381,-4.59249
107,3.88764,-4.69311,-4.67111,-4.64919,-4.62744,-4.60577,-4.58418,-4.56277
108,3.95121,-4.66397,-4.64188,-4.61986,-4.59801,-4.57625,-4.55457,-4.53307
109,4.01552,-4.63484,-4.61266,-4.59055,-4.5686,-4.54675,-4.52497,-4.50339
110,4.08058,-4.60573,-4.58345,-4.56125,-4.53921,-4.51727,-4.49541,-4.47374
111,4.14639,-4.57663,-4.55426,-4.53197,-4.50984,-4.48782,-4.46586,-4.44412
112,4.21297,-4.54754,-4.52508,-4.50271,-4.48049,-4.45839,-4.43635,-4.41452
113,4.28031,-4.51847,-4.49592,-4.47347,-4.45116,-4.42898,-4.40687,-4.38496
114,4.34843,-4.48942,-4.46679,-4.44425,-4.42185,-4.3996,-4.37741,-4.35541
115,4.41735,-4.46038,-4.43767,-4.41505,-4.39257,-4.37024,-4.34798,-4.3259
116,4.48706,-4.43137,-4.40857,-4.38588,-4.36331,-4.34091,-4.31858,-4.29643
117,4.55758,-4.40237,-4.3795,-4.35673,-4.33408,-4.31161,-4.28921,-4.26698
118,4.62892,-4.3734,-4.35045,-4.3276,-4.30488,-4.28234,-4.25987,-4.23757
119,4.70108,-4.34444,-4.32142,-4.29851,-4.27571,-4.2531,-4.23057,-4.2082
120,4.77408,-4.31551,-4.29242,-4.26944,-4.24656,-4.22389,-4.2013,-4.17886
121,4.84793,-4.28661,-4.26345,-4.2404,-4.21745,-4.19471,-4.17206,-4.14956
122,4.92263,-4.25773,-4.2345,-4.21139,-4.18837,-4.16557,-4.14287,-4.1203
123,4.99819,-4.22888,-4.20559,-4.18241,-4.15933,-4.13647,-4.11371,-4.09107
124,5.07463,-4.20006,-4.1767,-4.15346,-4.13031,-4.1074,-4.08459,-4.06189
125,5.15196,-4.17127,-4.14785,-4.12455,-4.10135,-4.07837,-4.05551,-4.03276
126,5.23019,-4.1425,-4.11902,-4.09567,-4.07242,-4.04938,-4.02647,-4.00367
127,5.30931,-4.11378,-4.09024,-4.06683,-4.04352,-4.02043,-3.99747,-3.97463
128,5.38936,-4.08508,-4.06149,-4.03803,-4.01467,-3.99153,-3.96852,-3.94564
129,5.47033,-4.05643,-4.03277,-4.00926,-3.98586,-3.96266,-3.93961,-3.9167
130,5.55225,-4.02781,-4.0041,-3.98054,-3.95709,-3.93385,-3.91076,-3.8878
131,5.63511,-3.99922,-3.97546,-3.95186,-3.92837,-3.90507,-3.88195,-3.85895
132,5.71893,-3.97068,-3.94686,-3.92322,-3.89969,-3.87635,-3.85319,-3.83016
133,5.80372,-3.94217,-3.91831,-3.89463,-3.87106,-3.84767,-3.82447,-3.80142
134,5.88949,-3.91371,-3.8898,-3.86608,-3.84247,-3.81905,-3.79582,-3.77273
135,5.97626,-3.88529,-3.86134,-3.83758,-3.81394,-3.79047,-3.76721,-3.7441
136,6.06403,-3.85691,-3.83292,-3.80912,-3.78545,-3.76195,-3.73866,-3.71552
137,6.15282,-3.82858,-3.80454,-3.78072,-3.75702,-3.73348,-3.71017,-3.68701
138,6.24264,-3.80029,-3.77622,-3.75237,-3.72864,-3.70507,-3.68173,-3.65855
139,6.3335,-3.77206,-3.74795,-3.72406,-3.70031,-3.67671,-3.65335,-3.63015
140,6.42541,-3.74387,-3.71973,-3.69582,-3.67204,-3.64842,-3.62503,-3.60181
141,6.51839,-3.71573,-3.69156,-3.66762,-3.64383,-3.62019,-3.59677,-3.57354
142,6.61244,-3.68764,-3.66344,-3.63949,-3.61567,-3.59202,-3.56858,-3.54533
143,6.70758,-3.65961,-3.63538,-3.61141,-3.58758,-3.56391,-3.54045,-3.51719
144,6.80383,-3.63163,-3.60737,-3.58338,-3.55954,-3.53586,-3.51238,-3.48912
145,6.90119,-3.6037,-3.57943,-3.55542,-3.53157,-3.50788,-3.48438,-3.46112
146,6.99968,-3.57584,-3.55155,-3.52752,-3.50366,-3.47996,-3.45645,-3.43318
147,7.0993,-3.54803,-3.52373,-3.49969,-3.47581,-3.45211,-3.42859,-3.40532
148,7.20009,-3.52028,-3.49597,-3.47191,-3.44804,-3.42433,-3.4008,-3.37753
149,7.30204,-3.49259,-3.46827,-3.44421,-3.42032,-3.39662,-3.37308,-3.34981
150,7.40517,-3.46496,-3.44064,-3.41656,-3.39268,-3.36898,-3.34543,-3.32217
151,7.5095,-3.4374,-3.41308,-3.38899,-3.36511,-3.34141,-3.31786,-3.2946
152,7.61503,-3.4099,-3.38558,-3.36149,-3.33761,-3.31391,-3.29037,-3.26711
153,7.72179,-3.38247,-3.35815,-3.33406,-3.31018,-3.28649,-3.26296,-3.2397
154,7.82979,-3.35511,-3.33079,-3.30669,-3.28283,-3.25915,-3.23563,-3.21237
155,7.93903,-3.32782,-3.3035,-3.27941,-3.25555,-3.23188,-3.20838,-3.18513
156,8.04955,-3.30059,-3.27629,-3.25219,-3.22835,-3.20469,-3.18121,-3.15796
157,8.16134,-3.27344,-3.24914,-3.22506,-3.20122,-3.17758,-3.15411,-3.13088
158,8.27443,-3.24636,-3.22208,-3.198,-3.17418,-3.15056,-3.12711,-3.10389
159,8.38882,-3.21936,-3.19509,-3.17101,-3.14722,-3.12361,-3.10019,-3.07698
160,8.50455,-3.19243,-3.16817,-3.14412,-3.12033,-3.09675,-3.07335,-3.05016
161,8.62161,-3.16558,-3.14134,-3.1173,-3.09353,-3.06998,-3.0466,-3.02343
162,8.74003,-3.1388,-3.11459,-3.09057,-3.06682,-3.04329,-3.01994,-2.99679
163,8.85982,-3.11211,-3.08791,-3.06392,-3.04019,-3.01668,-2.99337,-2.97025
164,8.981,-3.08549,-3.06132,-3.03736,-3.01365,-2.99017,-2.96689,-2.9438
165,9.10358,-3.05896,-3.03482,-3.01088,-2.98719,-2.96375,-2.9405,-2.91745
166,9.22759,-3.03251,-3.0084,-2.9845,-2.96083,-2.93742,-2.9142,-2.89119
167,9.35303,-3.00615,-2.98207,-2.9582,-2.93455,-2.91118,-2.888,-2.86503
168,9.47992,-2.97987,-2.95582,-2.93199,-2.90837,-2.88504,-2.8619,-2.83897
169,9.60828,-2.95368,-2.92967,-2.90587,-2.88228,-2.85899,-2.83589,-2.813
170,9.73813,-2.92758,-2.9036,-2.87984,-2.85629,-2.83304,-2.80998,-2.78714
171,9.86949,-2.90157,-2.87763,-2.85391,-2.83039,-2.80718,-2.78417,-2.76138
172,10.0024,-2.87565,-2.85175,-2.82807,-2.80459,-2.78143,-2.75846,-2.73572
173,10.1368,-2.84982,-2.82596,-2.80233,-2.7789,-2.75577,-2.73286,-2.71016
174,10.2728,-2.82409,-2.80027,-2.77668,-2.7533,-2.73021,-2.70735,-2.68471
175,10.4103,-2.79845,-2.77468,-2.75114,-2.7278,-2.70476,-2.68195,-2.65936
176,10.5494,-2.77291,-2.74918,-2.72569,-2.70241,-2.67941,-2.65666,-2.63413
177,10.6902,-2.74746,-2.72379,-2.70035,-2.67712,-2.65417,-2.63147,-2.609
178,10.8326,-2.72211,-2.69849,-2.6751,-2.65193,-2.62903,-2.60639,-2.58398
179,10.9766,-2.69686,-2.6733,-2.64997,-2.62685,-2.604,-2.58142,-2.55907
180,11.1223,-2.67171,-2.6482,-2.62493,-2.60188,-2.57908,-2.55656,-2.53427
181,11.2697,-2.64667,-2.62322,-2.6,-2.57701,-2.55427,-2.53181,-2.50959
182,11.4188,-2.62173,-2.59833,-2.57518,-2.55225,-2.52956,-2.50718,-2.48502
183,11.5696,-2.59689,-2.57356,-2.55047,-2.5276,-2.50497,-2.48265,-2.46056
184,11.7222,-2.57215,-2.54889,-2.52586,-2.50306,-2.4805,-2.45824,-2.43622
185,11.8766,-2.54753,-2.52433,-2.50137,-2.47864,-2.45614,-2.43395,-2.412
186,12.0327,-2.52301,-2.49988,-2.47699,-2.45433,-2.4319,-2.40977,-2.38789
187,12.1906,-2.4986,-2.47554,-2.45272,-2.43013,-2.40777,-2.38571,-2.36391
188,12.3504,-2.4743,-2.45131,-2.42856,-2.40604,-2.38376,-2.36177,-2.34005
189,12.512,-2.45011,-2.42719,-2.40452,-2.38207,-2.35987,-2.33795,-2.3163
190,12.6755,-2.42604,-2.40319,-2.38059,-2.35822,-2.3361,-2.31425,-2.29268
191,12.8409,-2.40208,-2.3793,-2.35678,-2.33449,-2.31245,-2.29067,-2.26918
192,13.0082,-2.37823,-2.35553,-2.33309,-2.31088,-2.28892,-2.26721,-2.24581
193,13.1774,-2.35451,-2.33187,-2.30951,-2.28739,-2.26551,-2.24387,-2.22256
194,13.3486,-2.33089,-2.30834,-2.28606,-2.26401,-2.24222,-2.22066,-2.19943
195,13.5218,-2.3074,-2.28492,-2.26272,-2.24076,-2.21905,-2.19758,-2.17644
196,13.697,-2.28402,-2.26162,-2.23951,-2.21764,-2.19601,-2.17463,-2.15356
197,13.8742,-2.26076,-2.23844,-2.21642,-2.19463,-2.1731,-2.1518,-2.13082
198,14.0535,-2.23762,-2.21538,-2.19345,-2.17175,-2.15031,-2.1291,-2.10821
199,14.2348,-2.21461,-2.19245,-2.1706,-2.149,-2.12765,-2.10653,-2.08572
200,14.4183,-2.19171,-2.16964,-2.14788,-2.12637,-2.10511,-2.08409,-2.06337
201,14.6039,-2.16894,-2.14695,-2.12529,-2.10387,-2.08271,-2.06178,-2.04115
202,14.7916,-2.14629,-2.12439,-2.10282,-2.0815,-2.06043,-2.0396,-2.01906
203,14.9815,-2.12376,-2.10195,-2.08048,-2.05925,-2.03828,-2.01755,-1.9971
204,15.1736,-2.10136,-2.07965,-2.05827,-2.03714,-2.01626,-1.99563,-1.97527
205,15.3679,-2.07909,-2.05747,-2.03618,-2.01515,-1.99438,-1.97385,-1.95358
206,15.5645,-2.05694,-2.03543,-2.01423,-1.9933,-1.97263,-1.9522,-1.93203
207,15.7633,-2.03492,-2.01351,-1.9924,-1.97158,-1.951,-1.93068,-1.91061
208,15.9645,-2.01303,-1.99172,-1.97071,-1.94998,-1.92952,-1.9093,-1.88933
209,16.168,-1.99127,-1.97006,-1.94915,-1.92853,-1.90816,-1.88805,-1.86819
210,16.3738,-1.96964,-1.94853,-1.92772,-1.9072,-1.88695,-1.86694,-1.84718
211,16.5821,-1.94814,-1.92713,-1.90642,-1.88601,-1.86586,-1.84596,-1.82631
212,16.7927,-1.92677,-1.90587,-1.88526,-1.86496,-1.84492,-1.82512,-1.80558
213,17.0058,-1.90553,-1.88474,-1.86423,-1.84404,-1.82411,-1.80442,-1.78499
214,17.2213,-1.88442,-1.86374,-1.84334,-1.82325,-1.80343,-1.78386,-1.76454
215,17.4394,-1.86345,-1.84288,-1.82258,-1.80261,-1.7829,-1.76343,-1.74423
216,17.66,-1.84261,-1.82215,-1.80196,-1.7821,-1.7625,-1.74315,-1.72405
217,17.8831,-1.8219,-1.80156,-1.78148,-1.76172,-1.74224,-1.723,-1.70402
218,18.1088,-1.80133,-1.7811,-1.76114,-1.74149,-1.72212,-1.70299,-1.68413
219,18.3372,-1.7809,-1.76078,-1.74094,-1.72139,-1.70214,-1.68313,-1.66438
220,18.5681,-1.7606,-1.7406,-1.72087,-1.70144,-1.6823,-1.6634,-1.64477
221,18.8018,-1.74044,-1.72055,-1.70094,-1.68162,-1.6626,-1.64382,-1.6253
222,19.0381,-1.72042,-1.70065,-1.68115,-1.66194,-1.64304,-1.62438,-1.60598
223,19.2772,-1.70053,-1.68088,-1.6615,-1.64241,-1.62362,-1.60508,-1.5868
224,19.5191,-1.68078,-1.66125,-1.64199,-1.62301,-1.60434,-1.58592,-1.56776
225,19.7638,-1.66117,-1.64176,-1.62262,-1.60376,-1.58521,-1.56691,-1.54887
226,20.0113,-1.6417,-1.62241,-1.6034,-1.58464,-1.56622,-1.54804,-1.53012
227,20.2617,-1.62237,-1.6032,-1.58431,-1.56567,-1.54737,-1.52931,-1.51151
228,20.5149,-1.60318,-1.58414,-1.56536,-1.54685,-1.52866,-1.51073,-1.49305
229,20.7711,-1.58413,-1.56521,-1.54656,-1.52817,-1.5101,-1.49229,-1.47473
230,21.0303,-1.56522,-1.54642,-1.5279,-1.50963,-1.49168,-1.47399,-1.45656
231,21.2925,-1.54645,-1.52778,-1.50938,-1.49123,-1.4734,-1.45584,-1.43853
232,21.5577,-1.52782,-1.50927,-1.491,-1.47298,-1.45527,-1.43783,-1.42065
233,21.826,-1.50933,-1.49091,-1.47276,-1.45487,-1.43728,-1.41997,-1.40291
234,22.0974,-1.49099,-1.4727,-1.45467,-1.43691,-1.41944,-1.40225,-1.38532
235,22.3719,-1.47279,-1.45462,-1.43673,-1.41909,-1.40174,-1.38468,-1.36788
236,22.6496,-1.45472,-1.43669,-1.41892,-1.40141,-1.38419,-1.36726,-1.35058
237,22.9306,-1.43681,-1.4189,-1.40126,-1.38388,-1.36678,-1.34997,-1.33342
238,23.2148,-1.41903,-1.40125,-1.38375,-1.36649,-1.34951,-1.33284,-1.31641
239,23.5023,-1.4014,-1.38375,-1.36637,-1.34925,-1.3324,-1.31585,-1.29955
240,23.7931,-1.38391,-1.36639,-1.34914,-1.33215,-1.31542,-1.299,-1.28283
241,24.0873,-1.36656,-1.34918,-1.33206,-1.3152,-1.29859,-1.2823,-1.26626
242,24.3848,-1.34936,-1.3321,-1.31512,-1.29839,-1.28191,-1.26575,-1.24983
243,24.6859,-1.3323,-1.31518,-1.29832,-1.28172,-1.26538,-1.24934,-1.23355
244,24.9904,-1.31538,-1.29839,-1.28167,-1.2652,-1.24899,-1.23307,-1.21742
245,25.2985,-1.29861,-1.28175,-1.26516,-1.24882,-1.23274,-1.21695,-1.20143
246,25.6101,-1.28198,-1.26525,-1.2488,-1.23259,-1.21664,-1.20098,-1.18559
247,25.9253,-1.26549,-1.2489,-1.23257,-1.2165,-1.20069,-1.18515,-1.16989
248,26.2442,-1.24915,-1.23269,-1.2165,-1.20056,-1.18488,-1.16946,-1.15433
249,26.5668,-1.23295,-1.21662,-1.20057,-1.18476,-1.16921,-1.15392,-1.13892
250,26.8931,-1.21689,-1.2007,-1.18478,-1.1691,-1.15368,-1.13853,-1.12366
251,27.2232,-1.20097,-1.18492,-1.16913,-1.15359,-1.13831,-1.12327,-1.10853
252,27.5571,-1.1852,-1.16929,-1.15363,-1.13822,-1.12307,-1.10816,-1.09356
253,27.8949,-1.16957,-1.15379,-1.13827,-1.123,-1.10798,-1.0932,-1.07872
254,28.2366,-1.15409,-1.13844,-1.12305,-1.10792,-1.09303,-1.07838,-1.06403
255,28.5823,-1.13875,-1.12323,-1.10798,-1.09298,-1.07822,-1.0637,-1.04948
256,28.932,-1.12355,-1.10817,-1.09305,-1.07818,-1.06356,-1.04917,-1.03507
257,29.2857,-1.10849,-1.09325,-1.07826,-1.06352,-1.04903,-1.03478,-1.02081
258,29.6435,-1.09357,-1.07846,-1.06362,-1.04901,-1.03465,-1.02053,-1.00669
259,30.0055,-1.0788,-1.06383,-1.04911,-1.03464,-1.02041,-1.00642,-0.992709
260,30.3716,-1.06416,-1.04933,-1.03475,-1.02041,-1.00632,-0.992459,-0.97887
261,30.742,-1.04967,-1.03497,-1.02052,-1.00632,-0.992361,-0.978634,-0.965171
262,31.1167,-1.03532,-1.02075,-1.00644,-0.992373,-0.978545,-0.964949,-0.951613
263,31.4958,-1.02111,-1.00668,-0.992501,-0.978564,-0.964869,-0.951404,-0.938194
264,31.8792,-1.00704,-0.992742,-0.978699,-0.964896,-0.951332,-0.937999,-0.924914
265,32.267,-0.993104,-0.978946,-0.965037,-0.951366,-0.937935,-0.924732,-0.911773
266,32.6594,-0.979315,-0.965289,-0.951513,-0.937976,-0.924676,-0.911604,-0.89877
267,33.0563,-0.965665,-0.95177,-0.938129,-0.924724,-0.911555,-0.898613,-0.885905
268,33.4578,-0.952154,-0.93839,-0.924882,-0.91161,-0.898572,-0.88576,-0.873177
269,33.864,-0.938781,-0.925148,-0.911773,-0.898633,-0.885726,-0.873044,-0.860586
270,34.2748,-0.925545,-0.912044,-0.898802,-0.885793,-0.873017,-0.860464,-0.848135
271,34.6904,-0.912446,-0.899076,-0.885967,-0.873089,-0.860443,-0.84802,-0.835818
272,35.1109,-0.899484,-0.886245,-0.873268,-0.860522,-0.848006,-0.83571,-0.823637
273,35.5362,-0.886659,-0.87355,-0.860705,-0.84809,-0.835703,-0.823536,-0.811589
274,35.9664,-0.873969,-0.860991,-0.848277,-0.835792,-0.823534,-0.811496,-0.799675
275,36.4016,-0.861414,-0.848566,-0.835984,-0.823629,-0.8115,-0.799589,-0.787894
276,36.8419,-0.848994,-0.836276,-0.823824,-0.811599,-0.799598,-0.787814,-0.776246
277,37.2872,-0.836708,-0.824119,-0.811798,-0.799702,-0.78783,-0.776172,-0.764729
278,37.7377,-0.824556,-0.812096,-0.799905,-0.787938,-0.776193,-0.764661,-0.753343
279,38.1935,-0.812536,-0.800205,-0.788144,-0.776305,-0.764687,-0.753281,-0.742087
280,38.6545,-0.800649,-0.788448,-0.776514,-0.764803,-0.753312,-0.742031,-0.730961
281,39.1209,-0.788894,-0.776823,-0.765016,-0.753432,-0.742067,-0.730911,-0.719964
282,39.5926,-0.777269,-0.765329,-0.753647,-0.742191,-0.730951,-0.719919,-0.709095
283,40.0698,-0.765776,-0.753964,-0.742409,-0.731078,-0.719963,-0.709055,-0.698354
284,40.5526,-0.754412,-0.74273,-0.731299,-0.720094,-0.709104,-0.698319,-0.687739
285,41.0409,-0.743177,-0.731624,-0.720317,-0.709238,-0.698372,-0.687709,-0.67725
286,41.5349,-0.732071,-0.720646,-0.709463,-0.698509,-0.687766,-0.677225,-0.666887
287,42.0347,-0.721093,-0.709795,-0.698736,-0.687906,-0.677286,-0.666866,-0.656648
288,42.5402,-0.710242,-0.699072,-0.688135,-0.677429,-0.66693,-0.656632,-0.646532
289,43.0516,-0.699518,-0.688474,-0.67766,-0.667076,-0.656699,-0.646521,-0.63654
290,43.5689,-0.68892,-0.678001,-0.667309,-0.656848,-0.646592,-0.636533,-0.62667
291,44.0922,-0.678446,-0.667653,-0.657082,-0.646742,-0.636607,-0.626667,-0.616921
292,44.6215,-0.668097,-0.657428,-0.646978,-0.63676,-0.626743,-0.616922,-0.607293
293,45.157,-0.657872,-0.647326,-0.636996,-0.626898,-0.617001,-0.607297,-0.597784
294,45.6987,-0.647769,-0.637347,-0.627136,-0.617158,-0.607379,-0.597792,-0.588394
295,46.2467,-0.637788,-0.627489,-0.617397,-0.607538,-0.597877,-0.588405,-0.579122
296,46.801,-0.627929,-0.617751,-0.607779,-0.598037,-0.588493,-0.579137,-0.569967
297,47.3617,-0.61819,-0.608134,-0.598281,-0.588655,-0.579227,-0.569985,-0.560929
298,47.9289,-0.608571,-0.598635,-0.588901,-0.57939,-0.570078,-0.56095,-0.552007
299,48.5027,-0.599071,-0.589255,-0.579639,-0.570243,-0.561045,-0.552031,-0.543199
300,49.0832,-0.589689,-0.579992,-0.570493,-0.561211,-0.552127,-0.543226,-0.534505
301,49.6704,-0.580424,-0.570845,-0.561464,-0.552295,-0.543324,-0.534535,-0.525924
302,50.2644,-0.571276,-0.561815,-0.55255,-0.543493,-0.534635,-0.525956,-0.517455
303,50.8652,-0.562244,-0.5529,-0.54375,-0.534805,-0.526058,-0.51749,-0.509097
304,51.473,-0.553326,-0.544099,-0.535063,-0.526229,-0.517594,-0.509134,-0.500849
305,52.0879,-0.544523,-0.535411,-0.526489,-0.517765,-0.50924,-0.500889,-0.492711
306,52.7099,-0.535833,-0.526836,-0.518027,-0.509412,-0.500996,-0.492753,-0.484682
307,53.3391,-0.527255,-0.518372,-0.509675,-0.501169,-0.492862,-0.484726,-0.47676
308,53.9756,-0.518789,-0.510018,-0.501433,-0.493035,-0.484836,-0.476806,-0.468944
309,54.6194,-0.510434,-0.501775,-0.4933,-0.485009,-0.476917,-0.468993,-0.461235
310,55.2707,-0.502188,-0.493641,-0.485275,-0.477091,-0.469105,-0.461285,-0.45363
311,55.9296,-0.494051,-0.485614,-0.477358,-0.469279,-0.461398,-0.453682,-0.446129
312,56.5961,-0.486022,-0.477695,-0.469546,-0.461572,-0.453796,-0.446183,-0.438731
313,57.2703,-0.478099,-0.469881,-0.46184,-0.45397,-0.446298,-0.438787,-0.431436
314,57.9523,-0.470284,-0.462174,-0.454239,-0.446472,-0.438902,-0.431492,-0.424241
315,58.6423,-0.462573,-0.45457,-0.446741,-0.439078,-0.431608,-0.424299,-0.417147
316,59.3402,-0.454967,-0.44707,-0.439346,-0.431786,-0.424416,-0.417206,-0.410152
317,60.0462,-0.447464,-0.439673,-0.432052,-0.424595,-0.417324,-0.410213,-0.403256
318,60.7604,-0.440063,-0.432377,-0.424859,-0.417504,-0.410331,-0.403318,-0.396457
319,61.4828,-0.432765,-0.425182,-0.417767,-0.410512,-0.403436,-0.39652,-0.389755
320,62.2137,-0.425567,-0.418088,-0.410774,-0.403618,-0.396639,-0.389819,-0.383149
321,62.9529,-0.418469,-0.411092,-0.403878,-0.396822,-0.389938,-0.383214,-0.376637
322,63.7008,-0.41147,-0.404194,-0.39708,-0.390122,-0.383333,-0.376703,-0.370219
323,64.4573,-0.404569,-0.397394,-0.390379,-0.383517,-0.376822,-0.370286,-0.363893
324,65.2226,-0.397766,-0.39069,-0.383772,-0.377007,-0.370405,-0.363961,-0.35766
325,65.9968,-0.391058,-0.384081,-0.37726,-0.37059,-0.364081,-0.357729,-0.351517
326,66.7799,-0.384446,-0.377566,-0.370842,-0.364266,-0.357848,-0.351587,-0.345465
327,67.5721,-0.377928,-0.371145,-0.364516,-0.358034,-0.351706,-0.345535,-0.339501
328,68.3735,-0.371504,-0.364817,-0.358282,-0.351892,-0.345654,-0.339572,-0.333626
329,69.1841,-0.365172,-0.35858,-0.352138,-0.34584,-0.339691,-0.333697,-0.327838
330,70.0042,-0.358932,-0.352434,-0.346084,-0.339877,-0.333816,-0.327909,-0.322135
331,70.8337,-0.352782,-0.346377,-0.340119,-0.334001,-0.328028,-0.322207,-0.316518
332,71.6729,-0.346722,-0.340409,-0.334242,-0.328213,-0.322326,-0.316591,-0.310986
333,72.5218,-0.340751,-0.33453,-0.328452,-0.322511,-0.316709,-0.311058,-0.305537
334,73.3805,-0.334868,-0.328737,-0.322747,-0.316894,-0.311176,-0.30561,-0.30017
335,74.2492,-0.329071,-0.32303,-0.317128,-0.311361,-0.305727,-0.300243,-0.294885
336,75.1279,-0.323361,-0.317408,-0.311593,-0.305911,-0.30036,-0.294958,-0.28968
337,76.0168,-0.317735,-0.31187,-0.306141,-0.300544,-0.295076,-0.289754,-0.284556
338,76.916,-0.312194,-0.306415,-0.300772,-0.295258,-0.289872,-0.284629,-0.27951
339,77.8256,-0.306736,-0.301043,-0.295484,-0.290052,-0.284747,-0.279584,-0.274542
340,78.7458,-0.30136,-0.295752,-0.290276,-0.284927,-0.279702,-0.274616,-0.269651
341,79.6766,-0.296066,-0.290542,-0.285148,-0.27988,-0.274734,-0.269725,-0.264837
342,80.6182,-0.290852,-0.285411,-0.280099,-0.27491,-0.269843,-0.26491,-0.260097
343,81.5708,-0.285718,-0.280359,-0.275127,-0.270018,-0.265029,-0.260171,-0.255432
344,82.5343,-0.280662,-0.275384,-0.270233,-0.265202,-0.260289,-0.255505,-0.25084
345,83.509,-0.275684,-0.270487,-0.265414,-0.26046,-0.255624,-0.250913,-0.246321
346,84.495,-0.270783,-0.265665,-0.260671,-0.255793,-0.251032,-0.246394,-0.241873
347,85.4925,-0.265958,-0.260919,-0.256001,-0.2512,-0.246512,-0.241946,-0.237496
348,86.5014,-0.261208,-0.256247,-0.251405,-0.246678,-0.242064,-0.237569,-0.233189
349,87.5221,-0.256532,-0.251648,-0.246882,-0.242228,-0.237686,-0.233261,-0.228951
350,88.5546,-0.25193,-0.247121,-0.242429,-0.237849,-0.233379,-0.229023,-0.224781
351,89.5991,-0.2474,-0.242666,-0.238048,-0.23354,-0.22914,-0.224852,-0.220678
352,90.6556,-0.242942,-0.238282,-0.233736,-0.229299,-0.224969,-0.220749,-0.216642
353,91.7245,-0.238554,-0.233968,-0.229493,-0.225127,-0.220865,-0.216712,-0.212671
354,92.8056,-0.234236,-0.229722,-0.225319,-0.221021,-0.216828,-0.212741,-0.208764
355,93.8993,-0.229987,-0.225544,-0.221211,-0.216982,-0.212856,-0.208834,-0.204922
356,95.0057,-0.225806,-0.221434,-0.21717,-0.213009,-0.208949,-0.204991,-0.201142
357,96.1249,-0.221692,-0.21739,-0.213194,-0.2091,-0.205106,-0.201211,-0.197425
358,97.2571,-0.217644,-0.213411,-0.209283,-0.205255,-0.201325,-0.197494,-0.193769
359,98.4024,-0.213662,-0.209497,-0.205435,-0.201473,-0.197607,-0.193837,-0.190174
360,99.5609,-0.209745,-0.205647,-0.201651,-0.197753,-0.19395,-0.190241,-0.186638
361,100.733,-0.205892,-0.20186,-0.197929,-0.194094,-0.190353,-0.186705,-0.183161
362,101.918,-0.202101,-0.198135,-0.194268,-0.190496,-0.186817,-0.183228,-0.179743
363,103.118,-0.198373,-0.194471,-0.190667,-0.186957,-0.183339,-0.179809,-0.176381
364,104.331,-0.194706,-0.190868,-0.187126,-0.183477,-0.179919,-0.176447,-0.173077
365,105.558,-0.191099,-0.187324,-0.183644,-0.180056,-0.176556,-0.173142,-0.169827
366,106.8,-0.187553,-0.18384,-0.180221,-0.176691,-0.17325,-0.169893,-0.166633
367,108.055,-0.184065,-0.180413,-0.176854,-0.173383,-0.169999,-0.166699,-0.163494
368,109.326,-0.180635,-0.177044,-0.173544,-0.170131,-0.166804,-0.163559,-0.160407
369,110.611,-0.177263,-0.173731,-0.17029,-0.166934,-0.163663,-0.160472,-0.157373
370,111.911,-0.173947,-0.170474,-0.16709,-0.163791,-0.160575,-0.157438,-0.154392
371,113.226,-0.170687,-0.167272,-0.163945,-0.160701,-0.15754,-0.154456,-0.151461
372,114.556,-0.167482,-0.164125,-0.160853,-0.157665,-0.154556,-0.151525,-0.148581
373,115.902,-0.164331,-0.16103,-0.157814,-0.15468,-0.151624,-0.148645,-0.145751
374,117.263,-0.161234,-0.157989,-0.154827,-0.151746,-0.148742,-0.145814,-0.142969
375,118.64,-0.158189,-0.154999,-0.151892,-0.148863,-0.145911,-0.143033,-0.140236
376,120.033,-0.155197,-0.152061,-0.149006,-0.146029,-0.143128,-0.140299,-0.137551
377,121.442,-0.152256,-0.149173,-0.146171,-0.143244,-0.140393,-0.137613,-0.134912
378,122.868,-0.149365,-0.146335,-0.143384,-0.140508,-0.137706,-0.134974,-0.13232
379,124.31,-0.146524,-0.143546,-0.140646,-0.137819,-0.135066,-0.132382,-0.129773
380,125.769,-0.143732,-0.140805,-0.137955,-0.135178,-0.132472,-0.129834,-0.127271
381,127.244,-0.140988,-0.138112,-0.135311,-0.132582,-0.129923,-0.127332,-0.124813
382,128.737,-0.138293,-0.135466,-0.132714,-0.130032,-0.127419,-0.124873,-0.122398
383,130.247,-0.135644,-0.132866,-0.130161,-0.127527,-0.12496,-0.122459,-0.120027
384,131.774,-0.133041,-0.130312,-0.127654,-0.125065,-0.122544,-0.120087,-0.117697
385,133.32,-0.130484,-0.127802,-0.125191,-0.122648,-0.120171,-0.117757,-0.11541
386,134.883,-0.127972,-0.125337,-0.122772,-0.120273,-0.11784,-0.115468,-0.113163
387,136.464,-0.125504,-0.122915,-0.120395,-0.117941,-0.11555,-0.113221,-0.110956
388,138.063,-0.123079,-0.120536,-0.118061,-0.115649,-0.113301,-0.111014,-0.108789
389,139.681,-0.120698,-0.1182,-0.115768,-0.113399,-0.111093,-0.108846,-0.106661
390,141.318,-0.118359,-0.115905,-0.113516,-0.11119,-0.108924,-0.106718,-0.104571
391,142.974,-0.116061,-0.11365,-0.111304,-0.109019,-0.106795,-0.104627,-0.102519
392,144.649,-0.113804,-0.111437,-0.109132,-0.106888,-0.104703,-0.102575,-0.100505
393,146.343,-0.111588,-0.109263,-0.106999,-0.104795,-0.10265,-0.10056,-0.0985267
394,148.057,-0.109412,-0.107128,-0.104905,-0.102741,-0.100634,-0.0985814,-0.0965848
395,149.791,-0.107274,-0.105031,-0.102848,-0.100723,-0.0986539,-0.096639,-0.0946783
396,151.545,-0.105175,-0.102972,-0.100829,-0.0987419,-0.0967104,-0.094732,-0.0928068
397,153.319,-0.103114,-0.100951,-0.0988461,-0.096797,-0.0948023,-0.0928598,-0.0909695
398,155.114,-0.101091,-0.0989664,-0.0968995,-0.0948875,-0.0929291,-0.0910221,-0.0891661
399,156.929,-0.0991036,-0.0970178,-0.0949884,-0.093013,-0.0910903,-0.0892181,-0.0873959
400,158.766,-0.0971528,-0.0951047,-0.0931122,-0.0911728,-0.0892852,-0.0874474,-0.0856585
401,160.624,-0.0952375,-0.0932267,-0.0912704,-0.0893665,-0.0875134,-0.0857093,-0.0839531
402,162.503,-0.0933572,-0.091383,-0.0894625,-0.0875934,-0.0857744,-0.0840034,-0.0822795
403,164.404,-0.0915114,-0.0895732,-0.0876878,-0.085853,-0.0840675,-0.0823292,-0.080637
404,166.328,-0.0896994,-0.0877967,-0.0859459,-0.0841448,-0.0823922,-0.080686,-0.0790253
405,168.273,-0.0879207,-0.0860529,-0.0842362,-0.0824683,-0.0807481,-0.0790735,-0.0774436
406,170.241,-0.0861749,-0.0843414,-0.0825582,-0.0808229,-0.0791346,-0.0774911,-0.0758915
407,172.232,-0.0844613,-0.0826616,-0.0809113,-0.0792082,-0.0775512,-0.0759383,-0.0743685
408,174.246,-0.0827795,-0.081013,-0.0792951,-0.0776236,-0.0759974,-0.0744146,-0.0728741
409,176.283,-0.0811288,-0.079395,-0.077709,-0.0760686,-0.0744727,-0.0729194,-0.0714078
410,178.344,-0.0795089,-0.0778072,-0.0761525,-0.0745427,-0.0729766,-0.0714525,-0.0699692
411,180.428,-0.0779191,-0.0762491,-0.0746253,-0.0730455,-0.0715087,-0.0700132,-0.0685578
412,182.537,-0.0763591,-0.0747202,-0.0731266,-0.0715764,-0.0700685,-0.0686011,-0.0671731
413,184.671,-0.0748282,-0.0732199,-0.0716562,-0.0701351,-0.0686555,-0.0672157,-0.0658147
414,186.829,-0.0733261,-0.0717479,-0.0702135,-0.0687209,-0.0672692,-0.0658566,-0.0644821
415,189.012,-0.0718522,-0.0703035,-0.068798,-0.0673335,-0.0659092,-0.0645233,-0.0631749
416,191.22,-0.070406,-0.0688865,-0.0674092,-0.0659724,-0.0645751,-0.0632155,-0.0618927
417,193.454,-0.0689872,-0.0674962,-0.0660468,-0.0646372,-0.0632663,-0.0619325,-0.0606349
418,195.713,-0.0675951,-0.0661323,-0.0647103,-0.0633274,-0.0619825,-0.0606741,-0.0594013
419,197.999,-0.0662295,-0.0647943,-0.0633992,-0.0620426,-0.0607233,-0.0594398,-0.0581913
420,200.312,-0.0648897,-0.0634817,-0.0621132,-0.0607823,-0.0594881,-0.0582292,-0.0570045
421,202.651,-0.0635755,-0.0621942,-0.0608516,-0.0595461,-0.0582767,-0.0570418,-0.0558407
422,205.017,-0.0622862,-0.0609312,-0.0596142,-0.0583337,-0.0570885,-0.0558774,-0.0546993
423,207.411,-0.0610216,-0.0596924,-0.0584006,-0.0571445,-0.0559232,-0.0547353,-0.0535799
424,209.832,-0.0597812,-0.0584774,-0.0572102,-0.0559782,-0.0547804,-0.0536154,-0.0524822
425,212.282,-0.0585646,-0.0572856,-0.0560428,-0.0548344,-0.0536597,-0.0525171,-0.0514058
426,214.76,-0.0573713,-0.0561168,-0.0548979,-0.0537128,-0.0525606,-0.0514401,-0.0503503
427,217.266,-0.0562009,-0.0549706,-0.053775,-0.0526128,-0.0514829,-0.050384,-0.0493154
428,219.802,-0.0550531,-0.0538464,-0.0526739,-0.0515341,-0.0504261,-0.0493485,-0.0483006
429,222.367,-0.0539275,-0.052744,-0.0515942,-0.0504764,-0.0493898,-0.0483332,-0.0473057
430,224.962,-0.0528236,-0.051663,-0.0505353,-0.0494392,-0.0483737,-0.0473377,-0.0463302
431,227.586,-0.0517411,-0.0506029,-0.0494971,-0.0484223,-0.0473775,-0.0463616,-0.0453738
432,230.242,-0.0506796,-0.0495635,-0.0484791,-0.0474252,-0.0464008,-0.0454047,-0.0444362
433,232.928,-0.0496387,-0.0485443,-0.047481,-0.0464476,-0.0454431,-0.0444665,-0.043517
434,235.645,-0.0486182,-0.0475449,-0.0465024,-0.0454891,-0.0445043,-0.0435468,-0.0426159
435,238.393,-0.0476176,-0.0465651,-0.0455429,-0.0445494,-0.0435839,-0.0426452,-0.0417326
436,241.174,-0.0466365,-0.0456045,-0.0446022,-0.0436282,-0.0426816,-0.0417614,-0.0408667
437,243.986,-0.0456746,-0.0446627,-0.04368,-0.0427251,-0.0417971,-0.040895,-0.0400179
438,246.831,-0.0447316,-0.0437394,-0.042776,-0.0418398,-0.0409301,-0.0400457,-0.039186
439,249.709,-0.0438071,-0.0428342,-0.0418898,-0.040972,-0.0400802,-0.0392133,-0.0383705
440,252.621,-0.0429007,-0.0419469,-0.041021,-0.0401213,-0.0392471,-0.0383973,-0.0375713
441,255.566,-0.0420122,-0.0410771,-0.0401694,-0.0392875,-0.0384306,-0.0375976,-0.036788
442,258.545,-0.0411412,-0.0402245,-0.0393347,-0.0384702,-0.0376302,-0.0368138,-0.0360202
443,261.559,-0.0402875,-0.0393887,-0.0385165,-0.0376691,-0.0368458,-0.0360456,-0.0352678
444,264.608,-0.0394506,-0.0385695,-0.0377146,-0.036884,-0.036077,-0.0352927,-0.0345304
445,267.692,-0.0386303,-0.0377666,-0.0369286,-0.0361145,-0.0353236,-0.0345549,-0.0338078
446,270.812,-0.0378262,-0.0369796,-0.0361583,-0.0353604,-0.0345852,-0.0338318,-0.0330997
447,273.968,-0.0370382,-0.0362083,-0.0354033,-0.0346213,-0.0338616,-0.0331232,-0.0324057
448,277.16,-0.0362658,-0.0354524,-0.0346634,-0.033897,-0.0331524,-0.0324289,-0.0317257
449,280.39,-0.0355088,-0.0347116,-0.0339383,-0.0331872,-0.0324575,-0.0317485,-0.0310594
450,283.657,-0.034767,-0.0339856,-0.0332277,-0.0324916,-0.0317766,-0.0310817,-0.0304065
451,286.962,-0.0340399,-0.0332741,-0.0325314,-0.03181,-0.0311093,-0.0304284,-0.0297668
452,290.305,-0.0333275,-0.0325768,-0.031849,-0.0311421,-0.0304555,-0.0297883,-0.02914
453,293.686,-0.0326293,-0.0318936,-0.0311804,-0.0304877,-0.0298149,-0.0291611,-0.0285259
454,297.107,-0.0319451,-0.0312241,-0.0305252,-0.0298465,-0.0291872,-0.0285466,-0.0279243
455,300.568,-0.0312746,-0.0305681,-0.0298833,-0.0292182,-0.0285722,-0.0279446,-0.0273348
456,304.069,-0.0306177,-0.0299254,-0.0292543,-0.0286026,-0.0279697,-0.0273547,-0.0267573
457,307.61,-0.029974,-0.0292955,-0.028638,-0.0279995,-0.0273793,-0.0267769,-0.0261915
458,311.192,-0.0293433,-0.0286785,-0.0280342,-0.0274086,-0.026801,-0.0262107,-0.0256373
459,314.816,-0.0287253,-0.0280739,-0.0274426,-0.0268297,-0.0262344,-0.0256561,-0.0250944
460,318.482,-0.0281198,-0.0274815,-0.0268631,-0.0262625,-0.0256794,-0.0251129,-0.0245625
461,322.19,-0.0275266,-0.0269012,-0.0262953,-0.0257069,-0.0251356,-0.0245806,-0.0240415
462,325.941,-0.0269455,-0.0263327,-0.0257391,-0.0251627,-0.024603,-0.0240593,-0.0235312
463,329.736,-0.0263761,-0.0257757,-0.0251942,-0.0246295,-0.0240812,-0.0235486,-0.0230313
464,333.574,-0.0258183,-0.0252301,-0.0246604,-0.0241072,-0.0235701,-0.0230484,-0.0225417
465,337.457,-0.0252719,-0.0246956,-0.0241375,-0.0235956,-0.0230695,-0.0225584,-0.0220621
466,341.385,-0.0247366,-0.0241721,-0.0236253,-0.0230945,-0.0225791,-0.0220785,-0.0215923
467,345.359,-0.0242123,-0.0236592,-0.0231236,-0.0226036,-0.0220988,-0.0216085,-0.0211323
468,349.379,-0.0236986,-0.0231568,-0.0226322,-0.0221228,-0.0216284,-0.0211481,-0.0206817
469,353.445,-0.0231955,-0.0226647,-0.0221508,-0.0216519,-0.0211676,-0.0206972,-0.0202404
470,357.558,-0.0227027,-0.0221827,-0.0216794,-0.0211907,-0.0207163,-0.0202556,-0.0198082
471,361.719,-0.02222,-0.0217106,-0.0212176,-0.020739,-0.0202744,-0.0198231,-0.0193849
472,365.928,-0.0217471,-0.0212482,-0.0207653,-0.0202966,-0.0198415,-0.0193996,-0.0189704
473,370.186,-0.0212841,-0.0207954,-0.0203224,-0.0198633,-0.0194176,-0.0189848,-0.0185645
474,374.493,-0.0208305,-0.0203518,-0.0198886,-0.0194389,-0.0190025,-0.0185786,-0.018167
475,378.85,-0.0203863,-0.0199174,-0.0194637,-0.0190234,-0.0185959,-0.0181808,-0.0177778
476,383.258,-0.0199512,-0.019492,-0.0190477,-0.0186164,-0.0181978,-0.0177913,-0.0173966
477,387.717,-0.0195251,-0.0190754,-0.0186402,-0.0182179,-0.0178079,-0.0174099,-0.0170233
478,392.227,-0.0191079,-0.0186674,-0.0182412,-0.0178276,-0.0174262,-0.0170364,-0.0166579
479,396.79,-0.0186992,-0.0182679,-0.0178505,-0.0174455,-0.0170523,-0.0166706,-0.0163
480,401.405,-0.0182991,-0.0178766,-0.0174679,-0.0170713,-0.0166863,-0.0163125,-0.0159496
481,406.074,-0.0179072,-0.0174935,-0.0170932,-0.0167048,-0.0163279,-0.0159619,-0.0156065
482,410.797,-0.0175235,-0.0171183,-0.0167264,-0.016346,-0.0159769,-0.0156186,-0.0152706
483,415.575,-0.0171477,-0.0167509,-0.0163671,-0.0159947,-0.0156333,-0.0152824,-0.0149417
484,420.408,-0.0167798,-0.0163912,-0.0160154,-0.0156508,-0.0152969,-0.0149533,-0.0146197
485,425.297,-0.0164195,-0.016039,-0.015671,-0.015314,-0.0149675,-0.0146311,-0.0143045
486,430.242,-0.0160667,-0.0156941,-0.0153338,-0.0149842,-0.014645,-0.0143156,-0.0139959
487,435.245,-0.0157213,-0.0153564,-0.0150037,-0.0146614,-0.0143292,-0.0140067,-0.0136937
488,440.306,-0.015383,-0.0150258,-0.0146804,-0.0143453,-0.0140201,-0.0137044,-0.0133979
489,445.426,-0.0150519,-0.0147021,-0.0143639,-0.0140358,-0.0137174,-0.0134083,-0.0131083
490,450.605,-0.0147277,-0.0143852,-0.0140541,-0.0137328,-0.0134211,-0.0131185,-0.0128248
491,455.844,-0.0144103,-0.0140749,-0.0137508,-0.0134362,-0.0131311,-0.0128348,-0.0125473
492,461.143,-0.0140995,-0.0137712,-0.0134538,-0.0131459,-0.0128471,-0.0125571,-0.0122756
493,466.504,-0.0137952,-0.0134738,-0.0131631,-0.0128616,-0.0125692,-0.0122853,-0.0120097
494,471.927,-0.0134974,-0.0131827,-0.0128785,-0.0125834,-0.012297,-0.0120191,-0.0117494
495,477.413,-0.0132058,-0.0128976,-0.0125999,-0.012311,-0.0120307,-0.0117586,-0.0114946
496,482.963,-0.0129203,-0.0126186,-0.0123271,-0.0120443,-0.0117699,-0.0115036,-0.0112451
497,488.577,-0.0126409,-0.0123455,-0.0120602,-0.0117833,-0.0115147,-0.011254,-0.011001
498,494.255,-0.0123673,-0.0120782,-0.0117988,-0.0115278,-0.0112649,-0.0110097,-0.010762
499,500,-0.0120995,-0.0118164,-0.011543,-0.0112777,-0.0110203,-0.0107705,-0.0105263
