gridnumber,capital,dist[0],dist[1],dist[2],dist[3],dist[4],dist[5],dist[6],
0,0,1.36167e-007,5.53037e-007,6.94714e-007,2.41765e-007,2.18328e-008,4.78674e-010,2.42345e-012,
1,0.0185364,2.77473e-008,1.28426e-007,1.74636e-007,6.34801e-008,5.85669e-009,1.29655e-010,6.59145e-013,
2,0.0372875,3.51669e-008,2.14331e-007,4.60905e-007,3.11181e-007,6.01059e-008,3.02164e-009,3.6698e-011,
3,0.0562558,3.46716e-008,2.06975e-007,4.38661e-007,2.93567e-007,5.64405e-008,2.83106e-009,3.43495e-011,
4,0.0754439,3.29976e-008,2.03745e-007,4.50972e-007,3.12557e-007,6.13828e-008,3.1125e-009,3.79513e-011,
5,0.0948544,3.19931e-008,2.01055e-007,4.48645e-007,3.11857e-007,6.13012e-008,3.10924e-009,3.7915e-011,
6,0.11449,3.36103e-008,1.99644e-007,4.16414e-007,2.74237e-007,5.21582e-008,2.60121e-009,3.14759e-011,
7,0.134352,2.78703e-008,1.71309e-007,3.69519e-007,2.4961e-007,4.82045e-008,2.42285e-009,2.94223e-011,
8,0.154445,3.01062e-008,1.81134e-007,3.86675e-007,2.60126e-007,5.0163e-008,2.52001e-009,3.05966e-011,
9,0.174771,3.08299e-008,1.86084e-007,3.86278e-007,2.51553e-007,4.74113e-008,2.35218e-009,2.83913e-011,
10,0.195332,2.87738e-008,1.81688e-007,4.05795e-007,2.81928e-007,5.5385e-008,2.80815e-009,3.42374e-011,
11,0.216131,3.03031e-008,1.86841e-007,4.11868e-007,2.84381e-007,5.57168e-008,2.82175e-009,3.43868e-011,
12,0.237172,3.30566e-008,2.05978e-007,4.47777e-007,3.03675e-007,5.87543e-008,2.95554e-009,3.59039e-011,
13,0.258456,3.16406e-008,2.03826e-007,4.68453e-007,3.47733e-007,7.90545e-008,5.33432e-009,1.05102e-010,
14,0.279986,3.26099e-008,2.18101e-007,5.34576e-007,4.39411e-007,1.16377e-007,9.51714e-009,2.24681e-010,
15,0.301766,3.25705e-008,2.14274e-007,5.39346e-007,4.84701e-007,1.47336e-007,1.38492e-008,3.61164e-010,
16,0.323799,3.27654e-008,2.13777e-007,5.40919e-007,4.98127e-007,1.56766e-007,1.51866e-008,4.03548e-010,
17,0.346087,3.51243e-008,2.31841e-007,5.7628e-007,5.16646e-007,1.59016e-007,1.51899e-008,4.00664e-010,
18,0.368632,3.43358e-008,2.36044e-007,6.14025e-007,5.60938e-007,1.71071e-007,1.60449e-008,4.17357e-010,
19,0.391439,3.35558e-008,2.24154e-007,5.62079e-007,4.90767e-007,1.42641e-007,1.2855e-008,3.26028e-010,
20,0.414511,3.4364e-008,2.3183e-007,5.86214e-007,5.13852e-007,1.49317e-007,1.34298e-008,3.39998e-010,
21,0.437849,3.52349e-008,2.38441e-007,6.09949e-007,5.49953e-007,1.66315e-007,1.55248e-008,4.02855e-010,
22,0.461458,3.67042e-008,2.48399e-007,6.27429e-007,5.51066e-007,1.61157e-007,1.46032e-008,3.71709e-010,
23,0.485341,3.73392e-008,2.53533e-007,6.48927e-007,5.83625e-007,1.75732e-007,1.63366e-008,4.22779e-010,
24,0.5095,3.84722e-008,2.67621e-007,7.22896e-007,7.00743e-007,2.27936e-007,2.24926e-008,6.03199e-010,
25,0.533939,3.83732e-008,2.64722e-007,7.04632e-007,6.76223e-007,2.19206e-007,2.16274e-008,5.80285e-010,
26,0.558661,3.93234e-008,2.71746e-007,7.22907e-007,6.94504e-007,2.25771e-007,2.23369e-008,6.00382e-010,
27,0.58367,3.98075e-008,2.792e-007,7.63502e-007,7.58883e-007,2.54411e-007,2.57096e-008,6.99162e-010,
28,0.608968,4.10104e-008,2.86552e-007,7.69906e-007,7.42068e-007,2.40702e-007,2.37322e-008,6.36341e-010,
29,0.634559,4.16086e-008,2.91389e-007,7.81191e-007,7.46781e-007,2.39606e-007,2.34128e-008,6.2439e-010,
30,0.660447,4.16826e-008,2.91985e-007,7.86268e-007,7.57093e-007,2.44753e-007,2.40518e-008,6.43549e-010,
31,0.686635,4.22159e-008,2.96916e-007,8.13788e-007,8.0918e-007,2.71023e-007,2.73592e-008,7.43506e-010,
32,0.713126,4.32421e-008,3.06676e-007,8.52442e-007,8.6366e-007,2.94468e-007,3.00976e-008,8.23556e-010,
33,0.739924,4.45294e-008,3.16428e-007,8.7115e-007,8.63792e-007,2.87469e-007,2.88558e-008,7.81502e-010,
34,0.767033,4.61655e-008,3.33111e-007,9.28222e-007,9.254e-007,3.08124e-007,3.08944e-008,8.35893e-010,
35,0.794456,4.64374e-008,3.33601e-007,9.31487e-007,9.38639e-007,3.16922e-007,3.21297e-008,8.74947e-010,
36,0.822196,4.68593e-008,3.35895e-007,9.44181e-007,9.68798e-007,3.36079e-007,3.54285e-008,1.03621e-009,
37,0.850258,4.77588e-008,3.40244e-007,9.43638e-007,9.53485e-007,3.30633e-007,3.62035e-008,1.17732e-009,
38,0.878644,4.89008e-008,3.50441e-007,9.84245e-007,1.01964e-006,3.71447e-007,4.46464e-008,1.69324e-009,
39,0.90736,5.01092e-008,3.60697e-007,1.0174e-006,1.0585e-006,3.88614e-007,4.74515e-008,1.84405e-009,
40,0.936408,5.13367e-008,3.72841e-007,1.06118e-006,1.10966e-006,4.04988e-007,4.82813e-008,1.79863e-009,
41,0.965793,5.23683e-008,3.83163e-007,1.10685e-006,1.17958e-006,4.34302e-007,5.09388e-008,1.81174e-009,
42,0.995519,5.29957e-008,3.84241e-007,1.09052e-006,1.13806e-006,4.14133e-007,4.90166e-008,1.80265e-009,
43,1.02559,5.38642e-008,3.91312e-007,1.11155e-006,1.1574e-006,4.18707e-007,4.90666e-008,1.7785e-009,
44,1.05601,5.49419e-008,4.01427e-007,1.15036e-006,1.21357e-006,4.47927e-007,5.41835e-008,2.05606e-009,
45,1.08678,5.61891e-008,4.11424e-007,1.18688e-006,1.27131e-006,4.83735e-007,6.16874e-008,2.51893e-009,
46,1.1179,5.75597e-008,4.23548e-007,1.24028e-006,1.36853e-006,5.46711e-007,7.47454e-008,3.30878e-009,
47,1.14939,5.86665e-008,4.35568e-007,1.28329e-006,1.41897e-006,5.66176e-007,7.71632e-008,3.40311e-009,
48,1.18124,5.97381e-008,4.40912e-007,1.28133e-006,1.3948e-006,5.53384e-007,7.62926e-008,3.44182e-009,
49,1.21346,6.10733e-008,4.5103e-007,1.31282e-006,1.42786e-006,5.59398e-007,7.4839e-008,3.24493e-009,
50,1.24606,6.20962e-008,4.60997e-007,1.35575e-006,1.49585e-006,5.95926e-007,8.11679e-008,3.57994e-009,
51,1.27903,6.32721e-008,4.71535e-007,1.3966e-006,1.55215e-006,6.20044e-007,8.40849e-008,3.67492e-009,
52,1.31239,6.45022e-008,4.80839e-007,1.42511e-006,1.59894e-006,6.58861e-007,9.45885e-008,4.42407e-009,
53,1.34613,6.61751e-008,4.92691e-007,1.46144e-006,1.63666e-006,6.6643e-007,9.33646e-008,4.24055e-009,
54,1.38026,6.83258e-008,5.10601e-007,1.53574e-006,1.76109e-006,7.40624e-007,1.07787e-007,5.07781e-009,
55,1.41479,6.9122e-008,5.17998e-007,1.54429e-006,1.73048e-006,7.01682e-007,9.75521e-008,4.3928e-009,
56,1.44971,7.01325e-008,5.26862e-007,1.5782e-006,1.79285e-006,7.47639e-007,1.08383e-007,5.10443e-009,
57,1.48504,7.14992e-008,5.38859e-007,1.62057e-006,1.84414e-006,7.64622e-007,1.09215e-007,5.04992e-009,
58,1.52078,7.29954e-008,5.51044e-007,1.66269e-006,1.90606e-006,8.01352e-007,1.16788e-007,5.51517e-009,
59,1.55694,7.43912e-008,5.63089e-007,1.70038e-006,1.94817e-006,8.20285e-007,1.20201e-007,5.71771e-009,
60,1.59351,7.57707e-008,5.74353e-007,1.73655e-006,1.98734e-006,8.30636e-007,1.19974e-007,5.61309e-009,
61,1.63051,7.922e-008,5.98628e-007,1.80408e-006,2.0832e-006,8.95276e-007,1.35018e-007,6.60375e-009,
62,1.66794,7.93684e-008,6.0648e-007,1.86083e-006,2.17283e-006,9.25533e-007,1.3545e-007,6.3845e-009,
63,1.7058,8.05344e-008,6.14357e-007,1.87935e-006,2.19638e-006,9.4874e-007,1.42926e-007,6.96458e-009,
64,1.7441,8.22095e-008,6.28098e-007,1.92746e-006,2.26771e-006,9.91421e-007,1.51803e-007,7.51326e-009,
65,1.78284,8.41831e-008,6.43527e-007,1.97294e-006,2.29994e-006,9.80897e-007,1.44433e-007,6.86533e-009,
66,1.82203,8.62892e-008,6.61724e-007,2.03652e-006,2.39498e-006,1.04393e-006,1.59256e-007,7.85832e-009,
67,1.86167,8.75594e-008,6.72718e-007,2.07446e-006,2.45161e-006,1.07781e-006,1.66179e-007,8.27838e-009,
68,1.90178,8.99273e-008,6.90314e-007,2.12784e-006,2.5168e-006,1.10829e-006,1.71224e-007,8.55604e-009,
69,1.94235,9.19438e-008,7.05448e-007,2.18477e-006,2.61352e-006,1.17476e-006,1.87007e-007,9.71808e-009,
70,1.98339,9.50475e-008,7.22493e-007,2.2299e-006,2.65419e-006,1.17937e-006,1.8482e-007,9.50691e-009,
71,2.0249,9.53535e-008,7.35302e-007,2.28435e-006,2.72599e-006,1.20924e-006,1.88298e-007,9.59051e-009,
72,2.0669,9.73027e-008,7.52502e-007,2.34765e-006,2.83569e-006,1.29142e-006,2.08521e-007,1.0954e-008,
73,2.10938,9.94048e-008,7.7422e-007,2.44211e-006,2.97589e-006,1.35278e-006,2.157e-007,1.11748e-008,
74,2.15235,1.01088e-007,7.86112e-007,2.46988e-006,2.99071e-006,1.35114e-006,2.15185e-007,1.12908e-008,
75,2.19582,1.02929e-007,8.02603e-007,2.53411e-006,3.09505e-006,1.42029e-006,2.32646e-007,1.28644e-008,
76,2.2398,1.05161e-007,8.20685e-007,2.59232e-006,3.17755e-006,1.47516e-006,2.46461e-007,1.3957e-008,
77,2.28428,1.07551e-007,8.40036e-007,2.65123e-006,3.22994e-006,1.47578e-006,2.40608e-007,1.3275e-008,
78,2.32928,1.0972e-007,8.57577e-007,2.70748e-006,3.29899e-006,1.50715e-006,2.45735e-007,1.35814e-008,
79,2.37481,1.12532e-007,8.79204e-007,2.78392e-006,3.44833e-006,1.63393e-006,2.7958e-007,1.6081e-008,
80,2.42085,1.1706e-007,9.11454e-007,2.86398e-006,3.50437e-006,1.62819e-006,2.73161e-007,1.5711e-008,
81,2.46744,1.16864e-007,9.17571e-007,2.91801e-006,3.59541e-006,1.67339e-006,2.80955e-007,1.623e-008,
82,2.51456,1.20049e-007,9.40822e-007,2.99278e-006,3.69343e-006,1.72505e-006,2.90664e-007,1.67603e-008,
83,2.56223,1.25115e-007,9.68348e-007,3.07695e-006,3.83937e-006,1.83514e-006,3.1808e-007,1.87334e-008,
84,2.61045,1.2575e-007,9.87228e-007,3.14485e-006,3.89524e-006,1.82759e-006,3.09776e-007,1.80857e-008,
85,2.65923,1.28075e-007,1.00729e-006,3.21299e-006,3.99036e-006,1.8821e-006,3.21271e-007,1.8881e-008,
86,2.70857,1.29812e-007,1.02346e-006,3.27811e-006,4.09866e-006,1.95397e-006,3.38171e-007,2.01572e-008,
87,2.75849,1.32497e-007,1.04654e-006,3.3679e-006,4.25508e-006,2.06819e-006,3.67945e-007,2.26726e-008,
88,2.80898,1.35469e-007,1.07602e-006,3.48421e-006,4.40186e-006,2.11396e-006,3.69459e-007,2.25998e-008,
89,2.86006,1.38392e-007,1.10252e-006,3.5798e-006,4.53103e-006,2.17571e-006,3.79211e-007,2.30696e-008,
90,2.91173,1.41392e-007,1.12427e-006,3.63767e-006,4.59461e-006,2.2103e-006,3.8712e-007,2.36465e-008,
91,2.964,1.43986e-007,1.14602e-006,3.73024e-006,4.79838e-006,2.39288e-006,4.39178e-007,2.80206e-008,
92,3.01688,1.46697e-007,1.16904e-006,3.80126e-006,4.83241e-006,2.34837e-006,4.21075e-007,2.71123e-008,
93,3.07036,1.49767e-007,1.19405e-006,3.87888e-006,4.93242e-006,2.40465e-006,4.31919e-007,2.75627e-008,
94,3.12447,1.54307e-007,1.23074e-006,3.99361e-006,5.07462e-006,2.47826e-006,4.47167e-007,2.87144e-008,
95,3.1792,1.62067e-007,1.27641e-006,4.11966e-006,5.25972e-006,2.60705e-006,4.81632e-007,3.19231e-008,
96,3.23457,1.649e-007,1.30141e-006,4.21805e-006,5.42361e-006,2.70845e-006,5.0179e-007,3.30289e-008,
97,3.29058,1.63793e-007,1.31096e-006,4.28613e-006,5.50498e-006,2.72224e-006,4.98597e-007,3.26735e-008,
98,3.34724,1.68097e-007,1.34535e-006,4.39556e-006,5.63136e-006,2.78303e-006,5.14014e-007,3.45126e-008,
99,3.40456,1.71003e-007,1.36749e-006,4.47154e-006,5.74562e-006,2.84754e-006,5.24757e-007,3.47928e-008,
100,3.46253,1.75972e-007,1.41416e-006,4.64551e-006,6.02826e-006,3.04232e-006,5.72767e-007,3.85528e-008,
101,3.52119,1.79021e-007,1.44019e-006,4.75105e-006,6.21271e-006,3.16228e-006,6.00692e-007,4.09111e-008,
102,3.58052,1.81944e-007,1.46327e-006,4.8172e-006,6.25496e-006,3.14176e-006,5.87695e-007,3.96027e-008,
103,3.64053,1.85722e-007,1.4977e-006,4.94068e-006,6.4306e-006,3.25378e-006,6.18781e-007,4.28505e-008,
104,3.70125,1.91207e-007,1.55389e-006,5.14573e-006,6.68147e-006,3.3566e-006,6.30537e-007,4.27877e-008,
105,3.76266,1.94072e-007,1.56832e-006,5.18697e-006,6.76089e-006,3.42112e-006,6.51654e-007,4.54586e-008,
106,3.82479,1.99114e-007,1.61741e-006,5.39631e-006,7.14903e-006,3.70156e-006,7.1724e-007,4.97781e-008,
107,3.88764,2.04607e-007,1.6451e-006,5.45263e-006,7.16244e-006,3.66023e-006,7.02328e-007,4.90453e-008,
108,3.95121,2.08953e-007,1.67755e-006,5.55747e-006,7.30565e-006,3.74897e-006,7.26613e-007,5.16119e-008,
109,4.01552,2.11903e-007,1.7145e-006,5.69169e-006,7.46858e-006,3.81727e-006,7.35786e-007,5.19092e-008,
110,4.08058,2.21269e-007,1.78617e-006,5.89139e-006,7.70051e-006,3.9414e-006,7.678e-007,5.55296e-008,
111,4.14639,2.2462e-007,1.81649e-006,6.01979e-006,7.92999e-006,4.08887e-006,7.95013e-007,5.63958e-008,
112,4.21297,2.26183e-007,1.84558e-006,6.22078e-006,8.38736e-006,4.44949e-006,8.90576e-007,6.46584e-008,
113,4.28031,2.30273e-007,1.87507e-006,6.2673e-006,8.29653e-006,4.28997e-006,8.39619e-007,6.04889e-008,
114,4.34843,2.3565e-007,1.91852e-006,6.41659e-006,8.51215e-006,4.42462e-006,8.74778e-007,6.40217e-008,
115,4.41735,2.41723e-007,1.97128e-006,6.61963e-006,8.81434e-006,4.58502e-006,9.05123e-007,6.61986e-008,
116,4.48706,2.47656e-007,2.02237e-006,6.81665e-006,9.13678e-006,4.78243e-006,9.45585e-007,6.87996e-008,
117,4.55758,2.52634e-007,2.05957e-006,6.90579e-006,9.22643e-006,4.85008e-006,9.72983e-007,7.24945e-008,
118,4.62892,2.57529e-007,2.1056e-006,7.09985e-006,9.56234e-006,5.06612e-006,1.0172e-006,7.49691e-008,
119,4.70108,2.63591e-007,2.15451e-006,7.27648e-006,9.81285e-006,5.22117e-006,1.06396e-006,8.08865e-008,
120,4.77408,2.72959e-007,2.21763e-006,7.45413e-006,9.96676e-006,5.22877e-006,1.0448e-006,7.75799e-008,
121,4.84793,2.7506e-007,2.26183e-006,7.65732e-006,1.03212e-005,5.49071e-006,1.12438e-006,8.66395e-008,
122,4.92263,2.80549e-007,2.29808e-006,7.77235e-006,1.04883e-005,5.57415e-006,1.12964e-006,8.51594e-008,
123,4.99819,2.87707e-007,2.35436e-006,7.94191e-006,1.06834e-005,5.67073e-006,1.15685e-006,8.88547e-008,
124,5.07463,2.93937e-007,2.4112e-006,8.15486e-006,1.10089e-005,5.87748e-006,1.21202e-006,9.47816e-008,
125,5.15196,3.04526e-007,2.49492e-006,8.43049e-006,1.14061e-005,6.08606e-006,1.23771e-006,9.38048e-008,
126,5.23019,3.13139e-007,2.57467e-006,8.74646e-006,1.19642e-005,6.51327e-006,1.36342e-006,1.0677e-007,
127,5.30931,3.1309e-007,2.58373e-006,8.7959e-006,1.196e-005,6.43076e-006,1.33002e-006,1.03626e-007,
128,5.38936,3.19919e-007,2.63896e-006,8.98397e-006,1.22219e-005,6.57321e-006,1.35875e-006,1.05823e-007,
129,5.47033,3.27579e-007,2.70857e-006,9.23025e-006,1.25619e-005,6.78728e-006,1.42667e-006,1.14773e-007,
130,5.55225,3.33604e-007,2.75609e-006,9.40254e-006,1.28222e-005,6.90825e-006,1.42806e-006,1.11103e-007,
131,5.63511,3.43123e-007,2.85181e-006,9.7481e-006,1.32661e-005,7.14955e-006,1.49611e-006,1.19783e-007,
132,5.71893,3.55652e-007,2.92365e-006,9.96765e-006,1.35872e-005,7.35437e-006,1.55054e-006,1.25539e-007,
133,5.80372,3.61946e-007,2.97304e-006,1.01531e-005,1.39023e-005,7.52587e-006,1.56662e-006,1.23579e-007,
134,5.88949,3.67195e-007,3.04552e-006,1.04969e-005,1.4618e-005,8.12271e-006,1.73596e-006,1.3908e-007,
135,5.97626,3.74006e-007,3.09931e-006,1.06352e-005,1.46651e-005,8.06311e-006,1.72562e-006,1.41492e-007,
136,6.06403,3.82627e-007,3.17779e-006,1.0906e-005,1.49808e-005,8.16945e-006,1.72685e-006,1.39583e-007,
137,6.15282,3.91817e-007,3.25083e-006,1.11611e-005,1.53579e-005,8.40721e-006,1.79075e-006,1.46618e-007,
138,6.24264,3.99781e-007,3.31996e-006,1.14082e-005,1.57236e-005,8.64291e-006,1.85826e-006,1.54425e-007,
139,6.3335,4.08903e-007,3.40063e-006,1.16932e-005,1.61177e-005,8.83331e-006,1.87883e-006,1.53291e-007,
140,6.42541,4.16941e-007,3.47166e-006,1.19691e-005,1.65511e-005,9.10328e-006,1.94793e-006,1.60511e-007,
141,6.51839,4.35588e-007,3.60837e-006,1.23791e-005,1.71696e-005,9.57208e-006,2.09842e-006,1.78461e-007,
142,6.61244,4.42334e-007,3.67281e-006,1.26297e-005,1.74965e-005,9.67039e-006,2.07602e-006,1.71235e-007,
143,6.70758,4.47645e-007,3.73274e-006,1.29126e-005,1.79589e-005,9.94473e-006,2.14019e-006,1.77627e-007,
144,6.80383,4.58244e-007,3.82334e-006,1.32612e-005,1.86009e-005,1.04816e-005,2.31209e-006,1.96594e-007,
145,6.90119,4.69684e-007,3.90898e-006,1.3498e-005,1.8753e-005,1.0415e-005,2.26508e-006,1.91457e-007,
146,6.99968,4.86409e-007,4.01792e-006,1.38472e-005,1.92364e-005,1.06813e-005,2.32191e-006,1.96398e-007,
147,7.0993,4.902e-007,4.0942e-006,1.41853e-005,1.97898e-005,1.10444e-005,2.41624e-006,2.06076e-007,
148,7.20009,5.01429e-007,4.19221e-006,1.45444e-005,2.03649e-005,1.1465e-005,2.55078e-006,2.22533e-007,
149,7.30204,5.12298e-007,4.29155e-006,1.49063e-005,2.08334e-005,1.16331e-005,2.54081e-006,2.16079e-007,
150,7.40517,5.24801e-007,4.39957e-006,1.5312e-005,2.14536e-005,1.20155e-005,2.62895e-006,2.23261e-007,
151,7.5095,5.39144e-007,4.51106e-006,1.56735e-005,2.1945e-005,1.23311e-005,2.73171e-006,2.37848e-007,
152,7.61503,5.52725e-007,4.61206e-006,1.59915e-005,2.23988e-005,1.26241e-005,2.81838e-006,2.48147e-007,
153,7.72179,5.65715e-007,4.73001e-006,1.64275e-005,2.30374e-005,1.29627e-005,2.87219e-006,2.49733e-007,
154,7.82979,5.75297e-007,4.84114e-006,1.6921e-005,2.38169e-005,1.34024e-005,2.95879e-006,2.56532e-007,
155,7.93903,5.89345e-007,4.97712e-006,1.74549e-005,2.47339e-005,1.40996e-005,3.15723e-006,2.75671e-007,
156,8.04955,5.99355e-007,5.04254e-006,1.76286e-005,2.48964e-005,1.41684e-005,3.19687e-006,2.84327e-007,
157,8.16134,6.13228e-007,5.1597e-006,1.80422e-005,2.54515e-005,1.43948e-005,3.20292e-006,2.8106e-007,
158,8.27443,6.38324e-007,5.34919e-006,1.86204e-005,2.62283e-005,1.48457e-005,3.3119e-006,2.91114e-007,
159,8.38882,6.58783e-007,5.56176e-006,1.93861e-005,2.71854e-005,1.53172e-005,3.41241e-006,3.0087e-007,
160,8.50455,6.66074e-007,5.5734e-006,1.95031e-005,2.76849e-005,1.5905e-005,3.64873e-006,3.33407e-007,
161,8.62161,6.77495e-007,5.69371e-006,1.99484e-005,2.82991e-005,1.61763e-005,3.65308e-006,3.24864e-007,
162,8.74003,6.89896e-007,5.81496e-006,2.03805e-005,2.88659e-005,1.6442e-005,3.70152e-006,3.31019e-007,
163,8.85982,7.06658e-007,5.95947e-006,2.09076e-005,2.96412e-005,1.68916e-005,3.8007e-006,3.38115e-007,
164,8.981,7.24122e-007,6.11423e-006,2.14843e-005,3.0541e-005,1.75261e-005,4.00738e-006,3.66383e-007,
165,9.10358,7.41495e-007,6.26431e-006,2.20273e-005,3.13631e-005,1.80495e-005,4.13635e-006,3.77316e-007,
166,9.22759,7.58229e-007,6.40412e-006,2.25133e-005,3.2029e-005,1.8363e-005,4.16898e-006,3.75966e-007,
167,9.35303,7.75702e-007,6.55626e-006,2.30665e-005,3.2825e-005,1.88125e-005,4.27696e-006,3.88047e-007,
168,9.47992,7.9393e-007,6.72219e-006,2.37219e-005,3.3904e-005,1.95118e-005,4.44015e-006,4.00949e-007,
169,9.60828,8.13258e-007,6.88891e-006,2.43547e-005,3.49936e-005,2.03646e-005,4.7125e-006,4.34339e-007,
170,9.73813,8.33811e-007,7.05185e-006,2.48638e-005,3.55634e-005,2.06247e-005,4.78793e-006,4.45043e-007,
171,9.86949,8.55197e-007,7.22511e-006,2.54476e-005,3.63239e-005,2.09425e-005,4.80555e-006,4.41954e-007,
172,10.0024,8.76715e-007,7.40874e-006,2.61041e-005,3.72914e-005,2.15012e-005,4.92313e-006,4.50299e-007,
173,10.1368,8.95929e-007,7.59322e-006,2.68205e-005,3.84242e-005,2.22286e-005,5.10607e-006,4.68922e-007,
174,10.2728,9.14873e-007,7.76933e-006,2.75022e-005,3.95033e-005,2.29789e-005,5.33406e-006,4.96615e-007,
175,10.4103,9.36427e-007,7.94965e-006,2.81205e-005,4.038e-005,2.35682e-005,5.53228e-006,5.22912e-007,
176,10.5494,9.68633e-007,8.15984e-006,2.87897e-005,4.12469e-005,2.3892e-005,5.51899e-006,5.1431e-007,
177,10.6902,9.97931e-007,8.41975e-006,2.96437e-005,4.2439e-005,2.46028e-005,5.68181e-006,5.25224e-007,
178,10.8326,1.02149e-006,8.63873e-006,3.04372e-005,4.36395e-005,2.53906e-005,5.90989e-006,5.56681e-007,
179,10.9766,1.03261e-006,8.77138e-006,3.10801e-005,4.47122e-005,2.60356e-005,6.03853e-006,5.60483e-007,
180,11.1223,1.05798e-006,8.99024e-006,3.18558e-005,4.58321e-005,2.6754e-005,6.26836e-006,5.95548e-007,
181,11.2697,1.08391e-006,9.2173e-006,3.2683e-005,4.70679e-005,2.75449e-005,6.48603e-006,6.17873e-007,
182,11.4188,1.11119e-006,9.45786e-006,3.35533e-005,4.83301e-005,2.82393e-005,6.61348e-006,6.25917e-007,
183,11.5696,1.13606e-006,9.68326e-006,3.44011e-005,4.95834e-005,2.8963e-005,6.77864e-006,6.43647e-007,
184,11.7222,1.16441e-006,9.92447e-006,3.52918e-005,5.09137e-005,2.97216e-005,6.92805e-006,6.50766e-007,
185,11.8766,1.19669e-006,1.01876e-005,3.62499e-005,5.25012e-005,3.08211e-005,7.22735e-006,6.8654e-007,
186,12.0327,1.22353e-006,1.04425e-005,3.72359e-005,5.40763e-005,3.18982e-005,7.51779e-006,7.11697e-007,
187,12.1906,1.25328e-006,1.07237e-005,3.82069e-005,5.52608e-005,3.25893e-005,7.78278e-006,7.56233e-007,
188,12.3504,1.27918e-006,1.09187e-005,3.89175e-005,5.63626e-005,3.30957e-005,7.79316e-006,7.48689e-007,
189,12.512,1.31275e-006,1.12072e-005,4.00225e-005,5.81309e-005,3.4203e-005,8.03397e-006,7.5972e-007,
190,12.6755,1.35773e-006,1.16574e-005,4.16138e-005,6.01599e-005,3.52994e-005,8.31314e-006,7.94869e-007,
191,12.8409,1.37828e-006,1.1777e-005,4.20239e-005,6.1e-005,3.59737e-005,8.51792e-006,8.21901e-007,
192,13.0082,1.41066e-006,1.20614e-005,4.30643e-005,6.25321e-005,3.68729e-005,8.71819e-006,8.33657e-007,
193,13.1774,1.44501e-006,1.237e-005,4.42273e-005,6.43504e-005,3.80969e-005,9.08091e-006,8.81856e-007,
194,13.3486,1.49303e-006,1.27064e-005,4.53551e-005,6.60331e-005,3.92361e-005,9.43268e-006,9.28121e-007,
195,13.5218,1.53152e-006,1.30274e-005,4.64646e-005,6.75388e-005,3.99072e-005,9.46465e-006,9.10763e-007,
196,13.697,1.56234e-006,1.33593e-005,4.77266e-005,6.94438e-005,4.11169e-005,9.79723e-006,9.52023e-007,
197,13.8742,1.59571e-006,1.36765e-005,4.89669e-005,7.13646e-005,4.2349e-005,1.01279e-005,9.89566e-007,
198,14.0535,1.63408e-006,1.40007e-005,5.01278e-005,7.30605e-005,4.3327e-005,1.03372e-005,1.0038e-006,
199,14.2348,1.68442e-006,1.44076e-005,5.14928e-005,7.49905e-005,4.44502e-005,1.06033e-005,1.03237e-006,
200,14.4183,1.7453e-006,1.48848e-005,5.30169e-005,7.71267e-005,4.57724e-005,1.09568e-005,1.0756e-006,
201,14.6039,1.76269e-006,1.51116e-005,5.41594e-005,7.91451e-005,4.72552e-005,1.1428e-005,1.12752e-006,
202,14.7916,1.80684e-006,1.54964e-005,5.55482e-005,8.11186e-005,4.82861e-005,1.16e-005,1.13655e-006,
203,14.9815,1.85282e-006,1.58967e-005,5.70154e-005,8.33162e-005,4.96343e-005,1.1966e-005,1.19204e-006,
204,15.1736,1.90052e-006,1.6313e-005,5.85426e-005,8.56275e-005,5.10404e-005,1.22637e-005,1.20218e-006,
205,15.3679,1.94854e-006,1.67381e-005,6.00885e-005,8.78542e-005,5.23059e-005,1.2543e-005,1.22628e-006,
206,15.5645,1.99725e-006,1.71625e-005,6.16543e-005,9.02291e-005,5.38027e-005,1.29534e-005,1.2802e-006,
207,15.7633,2.04822e-006,1.76084e-005,6.33281e-005,9.27932e-005,5.53686e-005,1.33432e-005,1.32475e-006,
208,15.9645,2.10106e-006,1.80729e-005,6.51267e-005,9.5879e-005,5.75466e-005,1.38732e-005,1.36027e-006,
209,16.168,2.15376e-006,1.85226e-005,6.66494e-005,9.78132e-005,5.85719e-005,1.41698e-005,1.4007e-006,
210,16.3738,2.20867e-006,1.90017e-005,6.84224e-005,0.000100588,6.05395e-005,1.48303e-005,1.50049e-006,
211,16.5821,2.2669e-006,1.94985e-005,7.02322e-005,0.000103273,6.19621e-005,1.50023e-005,1.48832e-006,
212,16.7927,2.3284e-006,2.00133e-005,7.20453e-005,0.000105859,6.34592e-005,1.5355e-005,1.52e-006,
213,17.0058,2.38589e-006,2.05324e-005,7.39717e-005,0.00010879,6.52892e-005,1.58144e-005,1.5692e-006,
214,17.2213,2.44697e-006,2.10648e-005,7.58989e-005,0.000111605,6.69934e-005,1.62766e-005,1.63389e-006,
215,17.4394,2.51632e-006,2.16332e-005,7.79232e-005,0.000114584,6.87797e-005,1.66924e-005,1.66499e-006,
216,17.66,2.5978e-006,2.22473e-005,8.00571e-005,0.000117752,7.07475e-005,1.71891e-005,1.71287e-006,
217,17.8831,2.64755e-006,2.27971e-005,8.21877e-005,0.000120942,7.26699e-005,1.76573e-005,1.75941e-006,
218,18.1088,2.71703e-006,2.34075e-005,8.44358e-005,0.000124344,7.48497e-005,1.8288e-005,1.84897e-006,
219,18.3372,2.78999e-006,2.40389e-005,8.67525e-005,0.000127937,7.73552e-005,1.90714e-005,1.94495e-006,
220,18.5681,2.86647e-006,2.46905e-005,8.90927e-005,0.000131297,7.91058e-005,1.93188e-005,1.94031e-006,
221,18.8018,2.94283e-006,2.53629e-005,9.15581e-005,0.000135005,8.13364e-005,1.98284e-005,1.98601e-006,
222,19.0381,3.01812e-006,2.60382e-005,9.40587e-005,0.000138753,8.36391e-005,2.04098e-005,2.04867e-006,
223,19.2772,3.10505e-006,2.67517e-005,9.66097e-005,0.000142511,8.5941e-005,2.10408e-005,2.13847e-006,
224,19.5191,3.19734e-006,2.75363e-005,9.93458e-005,0.000146501,8.83268e-005,2.15675e-005,2.16745e-006,
225,19.7638,3.26977e-006,2.82475e-005,0.000102111,0.000150668,9.08629e-005,2.22032e-005,2.23371e-006,
226,20.0113,3.34914e-006,2.89509e-005,0.000104782,0.00015481,9.35229e-005,2.2929e-005,2.31994e-006,
227,20.2617,3.49764e-006,3.00591e-005,0.000108092,0.000159252,9.61719e-005,2.36023e-005,2.40047e-006,
228,20.5149,3.54032e-006,3.06452e-005,0.00011092,0.000163806,9.89146e-005,2.42574e-005,2.46566e-006,
229,20.7711,3.6187e-006,3.13219e-005,0.000113578,0.000168168,0.000101702,2.49125e-005,2.51502e-006,
230,21.0303,3.73472e-006,3.24406e-005,0.000117657,0.000173956,0.00010552,2.6144e-005,2.6766e-006,
231,21.2925,3.81159e-006,3.2991e-005,0.000119636,0.000177277,0.000107445,2.64067e-005,2.67434e-006,
232,21.5577,3.91325e-006,3.38857e-005,0.000122977,0.000182487,0.000110806,2.72899e-005,2.77774e-006,
233,21.826,4.0174e-006,3.47908e-005,0.000126243,0.000187254,0.000113703,2.8074e-005,2.88097e-006,
234,22.0974,4.12436e-006,3.57283e-005,0.000129689,0.000192445,0.000116881,2.88175e-005,2.93642e-006,
235,22.3719,4.23453e-006,3.66938e-005,0.000133226,0.000197727,0.000120094,2.95983e-005,3.01018e-006,
236,22.6496,4.34775e-006,3.76904e-005,0.000136898,0.000203273,0.000123589,3.05211e-005,3.11124e-006,
237,22.9306,4.46377e-006,3.87116e-005,0.00014066,0.000208926,0.00012707,3.1404e-005,3.20738e-006,
238,23.2148,4.58173e-006,3.97667e-005,0.000144586,0.000214854,0.000130762,3.24159e-005,3.35194e-006,
239,23.5023,4.70419e-006,4.08364e-005,0.000148577,0.000220944,0.000134468,3.32425e-005,3.39817e-006,
240,23.7931,4.83013e-006,4.19434e-005,0.000152819,0.000227889,0.000139131,3.44343e-005,3.51437e-006,
241,24.0873,4.95168e-006,4.30325e-005,0.000156839,0.000233897,0.000142806,3.53578e-005,3.61263e-006,
242,24.3848,5.09417e-006,4.41935e-005,0.000161013,0.000240208,0.000146919,3.65355e-005,3.75185e-006,
243,24.6859,5.2389e-006,4.53935e-005,0.000165353,0.000246822,0.000151296,3.7823e-005,3.91661e-006,
244,24.9904,5.35528e-006,4.65486e-005,0.000169741,0.000253359,0.000155043,3.8654e-005,4.01951e-006,
245,25.2985,5.49821e-006,4.7799e-005,0.000174349,0.000260349,0.000159331,3.96184e-005,4.07391e-006,
246,25.6101,5.64551e-006,4.90844e-005,0.000179042,0.00026735,0.000163674,4.0755e-005,4.20058e-006,
247,25.9253,5.79719e-006,5.0413e-005,0.000183927,0.000274715,0.000168236,4.19043e-005,4.31856e-006,
248,26.2442,5.95348e-006,5.17823e-005,0.000188965,0.000282331,0.000173022,4.31584e-005,4.45597e-006,
249,26.5668,6.11458e-006,5.31935e-005,0.00019416,0.00029018,0.000177912,4.44102e-005,4.59032e-006,
250,26.8931,6.28055e-006,5.46476e-005,0.000199513,0.00029826,0.000182958,4.57799e-005,4.77883e-006,
251,27.2232,6.45159e-006,5.6146e-005,0.000205027,0.000306574,0.00018806,4.70018e-005,4.88368e-006,
252,27.5571,6.62788e-006,5.76906e-005,0.000210712,0.000315151,0.000193349,4.82915e-005,5.00048e-006,
253,27.8949,6.80956e-006,5.92832e-005,0.000216569,0.000323979,0.000198832,4.96928e-005,5.15127e-006,
254,28.2366,6.99666e-006,6.09257e-005,0.000222615,0.0003331,0.000204507,5.11563e-005,5.31439e-006,
255,28.5823,7.18926e-006,6.26195e-005,0.000228864,0.000342545,0.000210397,5.26718e-005,5.4793e-006,
256,28.932,7.38728e-006,6.43641e-005,0.000235317,0.000352302,0.000216413,5.41611e-005,5.62705e-006,
257,29.2857,7.59067e-006,6.61576e-005,0.00024199,0.000362573,0.00022315,5.61331e-005,5.89748e-006,
258,29.6435,7.79995e-006,6.79973e-005,0.000248829,0.000373176,0.000230168,5.80871e-005,6.10718e-006,
259,30.0055,8.01574e-006,6.98869e-005,0.000255789,0.00038356,0.000236062,5.91893e-005,6.16116e-006,
260,30.3716,8.23827e-006,7.18336e-005,0.000262965,0.000394445,0.000242877,6.0941e-005,6.35094e-006,
261,30.742,8.46926e-006,7.38522e-005,0.000270352,0.000405511,0.00024972,6.26979e-005,6.54289e-006,
262,31.1167,8.70587e-006,7.59169e-005,0.000277979,0.000417131,0.00025709,6.46372e-005,6.752e-006,
263,31.4958,8.9574e-006,7.81e-005,0.000285911,0.000429054,0.000264526,6.6539e-005,6.95374e-006,
264,31.8792,9.19937e-006,8.02589e-005,0.00029389,0.000441138,0.000271983,6.83811e-005,7.14322e-006,
265,32.267,9.50175e-006,8.2739e-005,0.000302389,0.000453635,0.000279922,7.06413e-005,7.46887e-006,
266,32.6594,9.69032e-006,8.46091e-005,0.000310193,0.000466156,0.000287767,7.24768e-005,7.59449e-006,
267,33.0563,9.95995e-006,8.6978e-005,0.00031894,0.000479428,0.000296092,7.46433e-005,7.83698e-006,
268,33.4578,1.0237e-005,8.94141e-005,0.000327939,0.00049306,0.000304576,7.67943e-005,8.06259e-006,
269,33.864,1.05223e-005,9.19237e-005,0.000337221,0.000507164,0.000313408,7.90453e-005,8.294e-006,
270,34.2748,1.08163e-005,9.45105e-005,0.000346785,0.000521672,0.000322457,8.13514e-005,8.53996e-006,
271,34.6904,1.1119e-005,9.71752e-005,0.000356643,0.000536639,0.000331803,8.37395e-005,8.79601e-006,
272,35.1109,1.14308e-005,9.9921e-005,0.000366802,0.000552065,0.000341447,8.62083e-005,9.06073e-006,
273,35.5362,1.17515e-005,0.000102749,0.000377273,0.000567977,0.000351456,8.88634e-005,9.38066e-006,
274,35.9664,1.20814e-005,0.000105663,0.00038808,0.000584419,0.000361814,9.16299e-005,9.72179e-006,
275,36.4016,1.24194e-005,0.000108658,0.000399241,0.000601432,0.000372317,9.4108e-005,9.90969e-006,
276,36.8419,1.27673e-005,0.000111731,0.000410751,0.000619514,0.00038475,9.78806e-005,1.03776e-005,
277,37.2872,1.31235e-005,0.000114865,0.000422412,0.00063728,0.000395435,0.000100268,1.05876e-005,
278,37.7377,1.34967e-005,0.000118106,0.000434337,0.000655337,0.000406564,0.000103003,1.08662e-005,
279,38.1935,1.38785e-005,0.000121424,0.000446578,0.000673898,0.000418154,0.000105978,1.11872e-005,
280,38.6545,1.42983e-005,0.000124909,0.000459278,0.000693267,0.000430545,0.000109306,1.15612e-005,
281,39.1209,1.46519e-005,0.000128324,0.00047227,0.000713128,0.000442912,0.000112424,1.18928e-005,
282,39.5926,1.50642e-005,0.000131957,0.000485729,0.000733593,0.000455708,0.000115709,1.22526e-005,
283,40.0698,1.54885e-005,0.000135699,0.000499612,0.000754758,0.000469144,0.000119387,1.27315e-005,
284,40.5526,1.5925e-005,0.000139552,0.000513922,0.000776614,0.000482873,0.000122862,1.30774e-005,
285,41.0409,1.63746e-005,0.000143518,0.00052864,0.000799044,0.00049686,0.00012632,1.33993e-005,
286,41.5349,1.68375e-005,0.000147602,0.000543797,0.000822152,0.000511394,0.000130069,1.38012e-005,
287,42.0347,1.73139e-005,0.000151808,0.000559417,0.000846002,0.000526434,0.000133971,1.42263e-005,
288,42.5402,1.7804e-005,0.000156137,0.000575499,0.000870541,0.00054184,0.000137926,1.46525e-005,
289,43.0516,1.83082e-005,0.000160594,0.000592059,0.000895802,0.000557695,0.000141994,1.50885e-005,
290,43.5689,1.88255e-005,0.000165179,0.000609123,0.000921864,0.000574113,0.00014626,1.556e-005,
291,44.0922,1.93568e-005,0.000169896,0.000626708,0.000948753,0.000591045,0.000150634,1.60349e-005,
292,44.6215,1.98953e-005,0.00017473,0.000644817,0.000976484,0.000608477,0.000155096,1.65058e-005,
293,45.157,2.04465e-005,0.000179703,0.000663515,0.00100516,0.000626523,0.000159739,1.7004e-005,
294,45.6987,2.0975e-005,0.000184691,0.000682809,0.00103505,0.000645552,0.000164959,1.76895e-005,
295,46.2467,2.15146e-005,0.0001899,0.000703068,0.00106608,0.000664821,0.000169716,1.81269e-005,
296,46.801,2.19805e-005,0.00019379,0.000718395,0.0010933,0.000684419,0.000175002,1.8654e-005,
297,47.3617,2.25128e-005,0.000198549,0.000736661,0.00112282,0.000704317,0.00018042,1.92535e-005,
298,47.9289,2.30575e-005,0.000203367,0.000754425,0.00114956,0.000721123,0.000184929,1.97779e-005,
299,48.5027,2.36139e-005,0.000208352,0.000773129,0.00117826,0.000739439,0.000189857,2.03439e-005,
300,49.0832,2.41766e-005,0.000213415,0.000792467,0.00120936,0.000761522,0.000196845,2.12513e-005,
301,49.6704,2.47473e-005,0.000218512,0.000811791,0.00123944,0.000779826,0.00020089,2.16099e-005,
302,50.2644,2.53308e-005,0.000223704,0.000831203,0.00126921,0.000798606,0.000205752,2.2143e-005,
303,50.8652,2.59267e-005,0.00022902,0.000851196,0.00130032,0.000819067,0.000211493,2.28258e-005,
304,51.473,2.65344e-005,0.000234441,0.000871596,0.00133192,0.000839115,0.000216631,2.33807e-005,
305,52.0879,2.71545e-005,0.000239972,0.000892371,0.00136403,0.000859614,0.000222026,2.3982e-005,
306,52.7099,2.77864e-005,0.000245618,0.000913625,0.00139702,0.000880946,0.000227848,2.46846e-005,
307,53.3391,2.84296e-005,0.000251368,0.000935307,0.00143075,0.000902918,0.000234112,2.55614e-005,
308,53.9756,2.90841e-005,0.000257215,0.000957353,0.00146499,0.000924573,0.000239296,2.59334e-005,
309,54.6194,2.97505e-005,0.000263168,0.000979763,0.00149978,0.000947015,0.000245325,2.66242e-005,
310,55.2707,3.04287e-005,0.000269228,0.00100261,0.0015353,0.000969903,0.0002514,2.72982e-005,
311,55.9296,3.1119e-005,0.000275394,0.00102583,0.00157132,0.000992945,0.000257441,2.79673e-005,
312,56.5961,3.18215e-005,0.000281672,0.00104948,0.00160804,0.0010166,0.000263777,2.86976e-005,
313,57.2703,3.25361e-005,0.00028806,0.00107356,0.00164545,0.00104066,0.000270161,2.94144e-005,
314,57.9523,3.32628e-005,0.000294556,0.00109804,0.00168349,0.00106508,0.00027657,3.01081e-005,
315,58.6423,3.40016e-005,0.000301161,0.00112295,0.0017222,0.00108999,0.000283189,3.08505e-005,
316,59.3402,3.47523e-005,0.000307875,0.00114827,0.00176156,0.00111531,0.000289893,3.15975e-005,
317,60.0462,3.55152e-005,0.000314698,0.001174,0.00180157,0.00114106,0.000296726,3.23632e-005,
318,60.7604,3.629e-005,0.000321629,0.00120015,0.00184224,0.00116725,0.000303679,3.31425e-005,
319,61.4828,3.70767e-005,0.00032867,0.00122672,0.00188357,0.00119385,0.000310727,3.39268e-005,
320,62.2137,3.78748e-005,0.000335817,0.0012537,0.00192557,0.00122091,0.000317908,3.47296e-005,
321,62.9529,3.86836e-005,0.000343068,0.00128111,0.00196825,0.00124841,0.000325207,3.55458e-005,
322,63.7008,3.95018e-005,0.000350411,0.00130891,0.00201172,0.00127687,0.000333339,3.66678e-005,
323,64.4573,4.03288e-005,0.000357833,0.00133703,0.00205565,0.00130501,0.000340419,3.73075e-005,
324,65.2226,4.11649e-005,0.000365333,0.00136543,0.00210004,0.00133378,0.000348048,3.81252e-005,
325,65.9968,4.20108e-005,0.000372913,0.00139412,0.00214485,0.00136274,0.000355746,3.89872e-005,
326,66.7799,4.2869e-005,0.000380578,0.00142308,0.00219007,0.001392,0.000363571,3.98768e-005,
327,67.5721,4.37426e-005,0.000388345,0.00145228,0.0022356,0.00142157,0.000371542,4.07986e-005,
328,68.3735,4.46698e-005,0.000396405,0.0014815,0.00228065,0.00145091,0.0003794,4.16671e-005,
329,69.1841,4.53586e-005,0.000403023,0.00150837,0.00232446,0.00148,0.000387315,4.25689e-005,
330,70.0042,4.61269e-005,0.000410145,0.00153629,0.00236905,0.00150927,0.000395237,4.34741e-005,
331,70.8337,4.69545e-005,0.000417638,0.00156492,0.00241417,0.00153878,0.000403221,4.43897e-005,
332,71.6729,4.77775e-005,0.000425113,0.00159353,0.00245934,0.00156835,0.000411222,4.53052e-005,
333,72.5218,4.85885e-005,0.000432541,0.00162216,0.00250471,0.00159804,0.000419237,4.62195e-005,
334,73.3805,4.93762e-005,0.000439802,0.00165077,0.00255232,0.00163268,0.000430167,4.76114e-005,
335,74.2492,5.01493e-005,0.00044682,0.00167777,0.00259489,0.00165893,0.000436104,4.81614e-005,
336,75.1279,5.09182e-005,0.000453777,0.00170439,0.00263721,0.0016874,0.000444265,4.91511e-005,
337,76.0168,5.16846e-005,0.000460706,0.00173086,0.00267889,0.00171436,0.000451367,4.99505e-005,
338,76.916,5.24481e-005,0.000467615,0.00175728,0.00272071,0.0017421,0.00045918,5.0926e-005,
339,77.8256,5.32075e-005,0.000474491,0.00178359,0.00276229,0.00176929,0.000466446,5.17299e-005,
340,78.7458,5.39611e-005,0.000481322,0.00180977,0.00280382,0.00179679,0.00047413,5.26769e-005,
341,79.6766,5.47096e-005,0.000488086,0.00183573,0.00284516,0.00182448,0.000482256,5.38327e-005,
342,80.6182,5.54664e-005,0.000494779,0.00186123,0.00288567,0.00185093,0.000488884,5.43561e-005,
343,81.5708,5.62413e-005,0.000501365,0.00188616,0.0029254,0.0018774,0.000496213,5.52101e-005,
344,82.5343,5.68393e-005,0.000507498,0.00191054,0.00296438,0.00190312,0.000503238,5.60379e-005,
345,83.509,5.75326e-005,0.000513804,0.00193479,0.003003,0.00192875,0.000510356,5.68944e-005,
346,84.495,5.82131e-005,0.000519998,0.00195864,0.00304096,0.00195383,0.000517144,5.76497e-005,
347,85.4925,5.8881e-005,0.000526079,0.00198205,0.00307829,0.00197859,0.000523964,5.84484e-005,
348,86.5014,5.95352e-005,0.000532039,0.00200502,0.0031149,0.00200286,0.000530635,5.92284e-005,
349,87.5221,6.01747e-005,0.000537868,0.0020275,0.00315078,0.0020267,0.000537207,5.99982e-005,
350,88.5546,6.07983e-005,0.000543557,0.00204946,0.00318587,0.00205002,0.000543627,6.07457e-005,
351,89.5991,6.14049e-005,0.000549097,0.00207086,0.00322012,0.00207282,0.000549925,6.14846e-005,
352,90.6556,6.19934e-005,0.000554477,0.00209167,0.00325345,0.00209504,0.000556071,6.22066e-005,
353,91.7245,6.25626e-005,0.000559686,0.00211185,0.00328582,0.00211666,0.00056206,6.29113e-005,
354,92.8056,6.31112e-005,0.000564713,0.00213135,0.00331715,0.00213762,0.00056788,6.35974e-005,
355,93.8993,6.3638e-005,0.000569547,0.00215013,0.00334739,0.00215789,0.000573521,6.42645e-005,
356,95.0057,6.41416e-005,0.000574177,0.00216815,0.00337645,0.00217742,0.000578971,6.49108e-005,
357,96.1249,6.46207e-005,0.000578589,0.00218536,0.00340428,0.00219617,0.000584218,6.55348e-005,
358,97.2571,6.50738e-005,0.000582771,0.00220172,0.0034308,0.00221409,0.000589249,6.61355e-005,
359,98.4024,6.54995e-005,0.00058671,0.00221716,0.00345592,0.00223112,0.000594051,6.67113e-005,
360,99.5609,6.58963e-005,0.000590394,0.00223165,0.00347957,0.00224723,0.00059861,6.72605e-005,
361,100.733,6.62631e-005,0.000593808,0.00224513,0.00350167,0.00226235,0.000602914,6.77818e-005,
362,101.918,6.65988e-005,0.000596944,0.00225756,0.00352213,0.00227642,0.000606947,6.82744e-005,
363,103.118,6.69023e-005,0.000599795,0.00226891,0.00354091,0.00228941,0.000610687,6.87337e-005,
364,104.331,6.71716e-005,0.00060235,0.00227918,0.00355802,0.0023013,0.000614133,6.91591e-005,
365,105.558,6.74021e-005,0.000604577,0.00228833,0.00357372,0.00231298,0.000618325,6.99644e-005,
366,106.8,6.75911e-005,0.000606422,0.00229601,0.00358702,0.0023223,0.000620523,6.99998e-005,
367,108.055,6.77401e-005,0.000607895,0.0023022,0.00359785,0.00233019,0.000622872,7.02812e-005,
368,109.326,6.78506e-005,0.000609019,0.00230705,0.00360654,0.00233673,0.000625007,7.06074e-005,
369,110.611,6.79224e-005,0.000609793,0.00231056,0.00361313,0.00234182,0.000626563,7.07848e-005,
370,111.911,6.79552e-005,0.000610214,0.00231273,0.00361759,0.00234556,0.00062784,7.09668e-005,
371,113.226,6.79484e-005,0.00061028,0.00231355,0.00361994,0.00234794,0.000628766,7.11154e-005,
372,114.556,6.79013e-005,0.000609984,0.00231299,0.00362014,0.0023489,0.000629291,7.12083e-005,
373,115.902,6.78132e-005,0.000609319,0.00231104,0.00361814,0.00234845,0.000629447,7.12644e-005,
374,117.263,6.76835e-005,0.00060828,0.00230766,0.00361392,0.00234655,0.000629215,7.12769e-005,
375,118.64,6.75115e-005,0.00060686,0.00230284,0.00360743,0.00234318,0.000628586,7.12433e-005,
376,120.033,6.72967e-005,0.000605055,0.00229655,0.00359864,0.00233831,0.000627557,7.11648e-005,
377,121.442,6.70386e-005,0.00060286,0.00228878,0.00358752,0.00233192,0.000626119,7.104e-005,
378,122.868,6.67366e-005,0.00060027,0.00227951,0.00357405,0.002324,0.000624268,7.0868e-005,
379,124.31,6.63904e-005,0.000597281,0.00226872,0.00355819,0.00231453,0.000621999,7.06485e-005,
380,125.769,6.59997e-005,0.000593891,0.0022564,0.00353993,0.00230348,0.000619307,7.03807e-005,
381,127.244,6.55639e-005,0.000590096,0.00224254,0.00351924,0.00229086,0.000616188,7.00643e-005,
382,128.737,6.5083e-005,0.000585893,0.00222713,0.00349611,0.00227664,0.000612638,6.96987e-005,
383,130.247,6.45564e-005,0.000581279,0.00221016,0.00347053,0.00226082,0.000608656,6.92837e-005,
384,131.774,6.3984e-005,0.000576252,0.00219162,0.00344247,0.00224338,0.000604239,6.88189e-005,
385,133.32,6.33653e-005,0.000570809,0.00217149,0.00341193,0.00222433,0.000599383,6.83041e-005,
386,134.883,6.26996e-005,0.000564945,0.00214976,0.00337889,0.00220364,0.000594088,6.77391e-005,
387,136.464,6.19862e-005,0.000558653,0.00212642,0.00334331,0.0021813,0.00058835,6.71235e-005,
388,138.063,6.12237e-005,0.000551923,0.00210143,0.00330517,0.00215731,0.000582166,6.64573e-005,
389,139.681,6.04101e-005,0.000544741,0.00207474,0.0032644,0.00213162,0.000575531,6.57399e-005,
390,141.318,5.95417e-005,0.000537081,0.00204629,0.00322092,0.0021042,0.000568436,6.49708e-005,
391,142.974,5.8611e-005,0.000528901,0.00201598,0.00317465,0.00207501,0.000560872,6.41492e-005,
392,144.649,5.76005e-005,0.000520084,0.00198378,0.00312684,0.00204653,0.000554189,6.34855e-005,
393,146.343,5.65003e-005,0.000510383,0.00194794,0.00307267,0.00201288,0.000545578,6.25533e-005,
394,148.057,5.53396e-005,0.000500025,0.001909,0.00301233,0.00197391,0.000535157,6.14137e-005,
395,149.791,5.41457e-005,0.000489347,0.00186874,0.00294974,0.00193369,0.000524567,6.02612e-005,
396,151.545,5.29238e-005,0.000478413,0.00182747,0.00288554,0.00189238,0.000513628,5.9044e-005,
397,153.319,5.16754e-005,0.000467233,0.00178524,0.00281978,0.00184999,0.000502383,5.77904e-005,
398,155.114,5.04026e-005,0.000455831,0.00174214,0.00275258,0.00180661,0.000490842,5.64976e-005,
399,156.929,4.91057e-005,0.000444218,0.00169828,0.00268429,0.00176276,0.000479468,5.53342e-005,
400,158.766,4.77837e-005,0.000432372,0.00165352,0.00261456,0.00171775,0.000467387,5.39259e-005,
401,160.624,4.64407e-005,0.000420316,0.00160785,0.00254321,0.00167148,0.000454913,5.24753e-005,
402,162.503,4.50835e-005,0.000408118,0.00156158,0.00247076,0.00162445,0.000442295,5.10428e-005,
403,164.404,4.3717e-005,0.000395828,0.00151492,0.00239762,0.00157692,0.000429525,4.95901e-005,
404,166.328,4.23444e-005,0.000383476,0.00146799,0.002324,0.00152903,0.000416657,4.8129e-005,
405,168.273,4.09686e-005,0.000371088,0.00142089,0.00225008,0.0014809,0.000403711,4.66569e-005,
406,170.241,3.9592e-005,0.000358688,0.00137373,0.002176,0.00143263,0.000390716,4.51781e-005,
407,172.232,3.82171e-005,0.000346299,0.00132659,0.0021019,0.00138432,0.000377697,4.36948e-005,
408,174.246,3.68464e-005,0.000333943,0.00127954,0.00202792,0.00133604,0.000364677,4.22099e-005,
409,176.283,3.54823e-005,0.000321641,0.00123269,0.0019542,0.0012879,0.000351682,4.07263e-005,
410,178.344,3.4127e-005,0.000309415,0.0011861,0.00188085,0.00123998,0.000338735,3.92466e-005,
411,180.428,3.27829e-005,0.000297285,0.00113985,0.00180801,0.00119236,0.00032586,3.77737e-005,
412,182.537,3.14522e-005,0.000285271,0.00109403,0.0017358,0.00114512,0.000313078,3.63101e-005,
413,184.671,3.01369e-005,0.000273393,0.00104871,0.00166435,0.00109834,0.000300412,3.48584e-005,
414,186.829,2.88392e-005,0.00026167,0.00100397,0.00159376,0.00105211,0.000287884,3.34213e-005,
415,189.012,2.75611e-005,0.000250119,0.000959862,0.00152416,0.00100649,0.000275514,3.20009e-005,
416,191.22,2.63043e-005,0.000238758,0.000916466,0.00145564,0.000961561,0.000263321,3.05999e-005,
417,193.454,2.50708e-005,0.000227604,0.000873841,0.00138831,0.000917385,0.000251325,2.92202e-005,
418,195.713,2.38621e-005,0.000216671,0.000832049,0.00132226,0.000874028,0.000239544,2.78641e-005,
419,197.999,2.26799e-005,0.000205974,0.000791144,0.00125759,0.000831551,0.000227994,2.65336e-005,
420,200.312,2.15256e-005,0.000195527,0.000751178,0.00119437,0.00079001,0.000216691,2.52305e-005,
421,202.651,2.04005e-005,0.000185341,0.000712199,0.0011327,0.000749457,0.00020565,2.39566e-005,
422,205.017,1.93058e-005,0.000175427,0.000674251,0.00107262,0.000709939,0.000194885,2.27135e-005,
423,207.411,1.82427e-005,0.000165796,0.000637372,0.00101422,0.000671501,0.000184407,2.15028e-005,
424,209.832,1.7212e-005,0.000156457,0.000601597,0.000957545,0.000634181,0.000174227,2.03256e-005,
425,212.282,1.62145e-005,0.000147417,0.000566957,0.000902644,0.000598013,0.000164356,1.91833e-005,
426,214.76,1.5251e-005,0.000138682,0.000533477,0.000849561,0.000563025,0.000154801,1.80768e-005,
427,217.266,1.43221e-005,0.000130258,0.000501177,0.00079833,0.000529243,0.000145571,1.70071e-005,
428,219.802,1.3428e-005,0.000122148,0.000470074,0.000748979,0.000496685,0.000136669,1.59748e-005,
429,222.367,1.25692e-005,0.000114356,0.00044018,0.000701529,0.000465367,0.000128102,1.49806e-005,
430,224.962,1.17458e-005,0.000106883,0.000411502,0.000655992,0.000435298,0.000119873,1.40249e-005,
431,227.586,1.09578e-005,9.97306e-005,0.000384044,0.000612377,0.000406485,0.000111982,1.3108e-005,
432,230.242,1.02052e-005,9.28971e-005,0.000357804,0.000570681,0.000378928,0.000104431,1.223e-005,
433,232.928,9.48778e-006,8.63814e-005,0.000332777,0.0005309,0.000352625,9.72203e-005,1.13909e-005,
434,235.645,8.80522e-006,8.01809e-005,0.000308954,0.000493018,0.000327568,9.03472e-005,1.05906e-005,
435,238.393,8.15711e-006,7.4292e-005,0.000286322,0.000457019,0.000303745,8.38092e-005,9.82885e-006,
436,241.174,7.54296e-006,6.87104e-005,0.000264865,0.000422876,0.000281141,7.76027e-005,9.10526e-006,
437,243.986,6.96217e-006,6.34307e-005,0.000244563,0.000390561,0.000259738,7.17227e-005,8.41932e-006,
438,246.831,6.41403e-006,5.84468e-005,0.000225393,0.000360037,0.000239514,6.61638e-005,7.77042e-006,
439,249.709,5.8978e-006,5.37518e-005,0.00020733,0.000331266,0.000220443,6.09192e-005,7.15784e-006,
440,252.621,5.41263e-006,4.93384e-005,0.000190345,0.000304205,0.000202498,5.59817e-005,6.58077e-006,
441,255.566,4.95761e-006,4.51984e-005,0.000174408,0.000278804,0.000185648,5.13433e-005,6.03832e-006,
442,258.545,4.53179e-006,4.13232e-005,0.000159487,0.000255015,0.00016986,4.69951e-005,5.52951e-006,
443,261.559,4.13416e-006,3.77037e-005,0.000145547,0.000232783,0.0001551,4.29279e-005,5.05331e-006,
444,264.608,3.76367e-006,3.43305e-005,0.000132552,0.000212052,0.000141331,3.9132e-005,4.6086e-006,
445,267.692,3.41922e-006,3.11938e-005,0.000120465,0.000192763,0.000128515,3.55972e-005,4.19424e-006,
446,270.812,3.09971e-006,2.82836e-005,0.000109248,0.000174858,0.000116613,3.23129e-005,3.80903e-006,
447,273.968,2.80401e-006,2.55897e-005,9.88622e-005,0.000158273,0.000105586,2.92685e-005,3.45174e-006,
448,277.16,2.53097e-006,2.31017e-005,8.92681e-005,0.000142949,9.53919e-005,2.64529e-005,3.12111e-006,
449,280.39,2.27945e-006,2.08094e-005,8.04259e-005,0.000128821,8.59907e-005,2.3855e-005,2.81588e-006,
450,283.657,2.04829e-006,1.87022e-005,7.22961e-005,0.000115828,7.73412e-005,2.14637e-005,2.53476e-006,
451,286.962,1.83635e-006,1.67698e-005,6.48391e-005,0.000103906,6.94022e-005,1.92678e-005,2.27647e-006,
452,290.305,1.64251e-006,1.5002e-005,5.80156e-005,9.2994e-005,6.2133e-005,1.72563e-005,2.03974e-006,
453,293.686,1.46563e-006,1.33887e-005,5.1787e-005,8.30306e-005,5.54932e-005,1.54181e-005,1.8233e-006,
454,297.107,1.30462e-006,1.19199e-005,4.61151e-005,7.39554e-005,4.94434e-005,1.37426e-005,1.6259e-006,
455,300.568,1.15842e-006,1.05859e-005,4.09627e-005,6.57092e-005,4.39443e-005,1.22189e-005,1.4463e-006,
456,304.069,1.02596e-006,9.37718e-006,3.62931e-005,5.8234e-005,3.89579e-005,1.08368e-005,1.28331e-006,
457,307.61,9.06249e-007,8.28458e-006,3.20715e-005,5.14742e-005,3.44473e-005,9.58608e-006,1.13575e-006,
458,311.192,7.98288e-007,7.29934e-006,2.82654e-005,4.53817e-005,3.03859e-005,8.46382e-006,1.00471e-006,
459,314.816,7.01062e-007,6.41159e-006,2.48337e-005,3.98839e-005,2.67133e-005,7.44163e-006,8.82767e-007,
460,318.482,6.13936e-007,5.61566e-006,2.1755e-005,3.49479e-005,2.34139e-005,6.52408e-006,7.73957e-007,
461,322.19,5.3621e-007,4.90541e-006,1.90069e-005,3.054e-005,2.04665e-005,5.70472e-006,6.77002e-007,
462,325.941,4.67095e-007,4.27373e-006,1.65622e-005,2.66176e-005,1.78428e-005,4.97515e-006,5.90667e-007,
463,329.736,4.05813e-007,3.71353e-006,1.43937e-005,2.31375e-005,1.55142e-005,4.32738e-006,5.13977e-007,
464,333.574,3.51626e-007,3.21813e-006,1.24756e-005,2.00584e-005,1.34533e-005,3.75383e-006,4.46043e-007,
465,337.457,3.03849e-007,2.78124e-006,1.07837e-005,1.73419e-005,1.16345e-005,3.24745e-006,3.86035e-007,
466,341.385,2.61842e-007,2.39706e-006,9.29564e-006,1.4952e-005,1.00339e-005,2.80165e-006,3.33179e-007,
467,345.359,2.25015e-007,2.06019e-006,7.9906e-006,1.28555e-005,8.62932e-006,2.4103e-006,2.86758e-007,
468,349.379,1.92822e-007,1.76567e-006,6.84939e-006,1.10218e-005,7.40041e-006,2.06775e-006,2.46107e-007,
469,353.445,1.64762e-007,1.50893e-006,5.85437e-006,9.42258e-006,6.32835e-006,1.76881e-006,2.10613e-007,
470,357.558,1.40378e-007,1.28578e-006,4.9894e-006,8.03206e-006,5.39589e-006,1.50869e-006,1.79716e-007,
471,361.719,1.19252e-007,1.09242e-006,4.23973e-006,6.82662e-006,4.5873e-006,1.28305e-006,1.529e-007,
472,365.928,1.01003e-007,9.2537e-007,3.59198e-006,5.78481e-006,3.88827e-006,1.0879e-006,1.29698e-007,
473,370.186,8.52894e-008,7.81502e-007,3.03401e-006,4.8872e-006,3.2858e-006,9.19649e-007,1.09684e-007,
474,374.493,7.18001e-008,6.57984e-007,2.55488e-006,4.11623e-006,2.76819e-006,7.75039e-007,9.24754e-008,
475,378.85,6.02569e-008,5.52271e-007,2.14474e-006,3.45614e-006,2.32489e-006,6.51143e-007,7.77245e-008,
476,383.258,5.04106e-008,4.62084e-007,1.79478e-006,2.89277e-006,1.94643e-006,5.45332e-007,6.51211e-008,
477,387.717,4.20388e-008,3.85393e-007,1.49713e-006,2.41352e-006,1.62439e-006,4.55259e-007,5.43874e-008,
478,392.227,3.49439e-008,3.2039e-007,1.24481e-006,2.00715e-006,1.35124e-006,3.78834e-007,4.52761e-008,
479,396.79,2.89511e-008,2.65476e-007,1.03161e-006,1.66371e-006,1.12033e-006,3.14203e-007,3.75675e-008,
480,401.405,2.3906e-008,2.19241e-007,8.52074e-007,1.37445e-006,9.25787e-007,2.59731e-007,3.10676e-008,
481,406.074,1.96731e-008,1.80444e-007,7.014e-007,1.13163e-006,7.62434e-007,2.13976e-007,2.56053e-008,
482,410.797,1.61339e-008,1.48001e-007,5.7538e-007,9.28497e-007,6.25743e-007,1.75675e-007,2.1031e-008,
483,415.575,1.3185e-008,1.20964e-007,4.70345e-007,7.59157e-007,5.11758e-007,1.43724e-007,1.72134e-008,
484,420.408,1.07364e-008,9.85131e-008,3.83108e-007,6.18482e-007,4.17042e-007,1.17166e-007,1.40387e-008,
485,425.297,8.71061e-009,7.99355e-008,3.10913e-007,5.02037e-007,3.38618e-007,9.51676e-008,1.1408e-008,
486,430.242,7.04062e-009,6.4619e-008,2.5138e-007,4.05996e-007,2.73919e-007,7.70126e-008,9.23589e-009,
487,435.245,5.66903e-009,5.20376e-008,2.0247e-007,3.27076e-007,2.20737e-007,6.20843e-008,7.44904e-009,
488,440.306,4.54684e-009,4.17423e-008,1.62441e-007,2.6247e-007,1.77189e-007,4.98553e-008,5.98462e-009,
489,445.426,3.6324e-009,3.33516e-008,1.29809e-007,2.0979e-007,1.41668e-007,3.98764e-008,4.78906e-009,
490,450.605,2.89059e-009,2.65432e-008,1.03324e-007,1.67019e-007,1.12816e-007,3.17672e-008,3.81695e-009,
491,455.844,2.29208e-009,2.10477e-008,8.19367e-008,1.32463e-007,8.94937e-008,2.52077e-008,3.03004e-009,
492,461.143,1.81277e-009,1.66435e-008,6.47827e-008,1.04723e-007,7.07535e-008,1.99317e-008,2.39639e-009,
493,466.504,1.43357e-009,1.31537e-008,5.11675e-008,8.2668e-008,5.58273e-008,1.57216e-008,1.88977e-009,
494,471.927,1.14058e-009,1.04472e-008,4.05688e-008,6.54341e-008,4.41194e-008,1.24064e-008,1.48928e-009,
495,477.413,9.26463e-010,8.44925e-009,3.26661e-008,5.24594e-008,3.52234e-008,9.86479e-009,1.17951e-009,
496,482.963,7.952e-010,7.17581e-009,2.74469e-008,4.36164e-008,2.89907e-008,8.03925e-009,9.51822e-010,
497,488.577,7.79134e-010,6.86469e-009,2.56072e-008,3.97009e-008,2.57814e-008,6.99047e-009,8.09144e-010,
498,494.255,9.92445e-010,8.51828e-009,3.06463e-008,4.54889e-008,2.81733e-008,7.26639e-009,7.97557e-010,
499,500,1.61523e-009,1.56361e-008,6.39941e-008,1.07949e-007,7.53206e-008,2.17147e-008,2.65421e-009,
