gridnumber,capital,policy[0],policy[1],policy[2],policy[3],policy[4],policy[5],policy[6],
0,0,0,0,0,0.100919,0.299036,0.573507,0.926436,
1,0.0185364,0,0,0,0.115046,0.315743,0.591067,0.944389,
2,0.0372875,0,0,0.000704461,0.129769,0.332694,0.608853,0.962563,
3,0.0562558,0,0,0.0150022,0.144924,0.349868,0.626833,0.980953,
4,0.0754439,0,0,0.0276394,0.16047,0.36726,0.645033,0.999566,
5,0.0948544,0,0,0.0400396,0.17638,0.384889,0.663463,1.01843,
6,0.11449,0,0,0.0534059,0.192677,0.402797,0.682159,1.03753,
7,0.134352,0,0,0.0673145,0.209347,0.421002,0.70109,1.05686,
8,0.154445,0,0,0.0815872,0.226465,0.439512,0.720255,1.07643,
9,0.174771,0,0.00524003,0.0961529,0.243962,0.458301,0.739656,1.09622,
10,0.195332,0,0.019856,0.110826,0.261715,0.47735,0.759323,1.11626,
11,0.216131,0,0.0320785,0.12604,0.27968,0.496649,0.779246,1.13655,
12,0.237172,0,0.0449959,0.141763,0.298105,0.516193,0.799429,1.15709,
13,0.258456,0,0.0585514,0.158019,0.31693,0.535985,0.81988,1.17789,
14,0.279986,0.0101534,0.0726801,0.17486,0.336054,0.556077,0.840601,1.19893,
15,0.301766,0.0240458,0.0871812,0.192261,0.355438,0.576507,0.86158,1.22021,
16,0.323799,0.0363043,0.101877,0.210097,0.375089,0.597224,0.882815,1.2417,
17,0.346087,0.0494442,0.116789,0.22854,0.395047,0.618197,0.904297,1.26344,
18,0.368632,0.0630166,0.132288,0.247413,0.415374,0.639418,0.926045,1.28547,
19,0.391439,0.0770008,0.148383,0.266558,0.436104,0.660911,0.948058,1.30782,
20,0.414511,0.0913716,0.165215,0.286066,0.45716,0.682728,0.970337,1.33044,
21,0.437849,0.105891,0.182772,0.306119,0.478514,0.704834,0.992888,1.35333,
22,0.461458,0.12075,0.20093,0.326631,0.500158,0.727229,1.01575,1.37648,
23,0.485341,0.136085,0.219651,0.347434,0.522097,0.749924,1.03891,1.39992,
24,0.5095,0.152004,0.239165,0.368528,0.544366,0.772928,1.06235,1.42362,
25,0.533939,0.168968,0.258952,0.389989,0.567007,0.796243,1.08608,1.44759,
26,0.558661,0.186751,0.279114,0.411891,0.590022,0.819871,1.1101,1.47185,
27,0.58367,0.205151,0.300025,0.434252,0.613355,0.843813,1.13443,1.49642,
28,0.608968,0.224268,0.321476,0.457001,0.636967,0.868065,1.15906,1.52129,
29,0.634559,0.244115,0.343236,0.480085,0.660893,0.892621,1.18399,1.54647,
30,0.660447,0.264316,0.36533,0.503499,0.685186,0.917482,1.20923,1.57195,
31,0.686635,0.285168,0.387835,0.52726,0.709823,0.942654,1.23472,1.59774,
32,0.713126,0.306902,0.410835,0.551429,0.734806,0.968134,1.26051,1.62383,
33,0.739924,0.329096,0.434369,0.576046,0.760146,0.993932,1.28664,1.65021,
34,0.767033,0.351592,0.45835,0.601067,0.785837,1.02009,1.31314,1.67688,
35,0.794456,0.374514,0.482691,0.626419,0.811873,1.0466,1.33997,1.70386,
36,0.822196,0.397922,0.507402,0.652107,0.83826,1.07343,1.36711,1.7312,
37,0.850258,0.421907,0.532518,0.67818,0.865004,1.10061,1.39459,1.75887,
38,0.878644,0.446472,0.55812,0.704654,0.892104,1.12813,1.42239,1.78689,
39,0.90736,0.471468,0.584248,0.731529,0.919557,1.15599,1.45051,1.81524,
40,0.936408,0.496844,0.610808,0.758806,0.947362,1.18421,1.47897,1.84392,
41,0.965793,0.522665,0.637716,0.786469,0.975515,1.21277,1.5078,1.87295,
42,0.995519,0.549003,0.66501,0.814507,1.00404,1.24164,1.53699,1.90232,
43,1.02559,0.575917,0.692747,0.842934,1.03296,1.27086,1.56653,1.93204,
44,1.05601,0.603357,0.72094,0.871762,1.06227,1.30049,1.59643,1.9621,
45,1.08678,0.631206,0.749584,0.900989,1.09195,1.3305,1.62669,1.99251,
46,1.1179,0.659453,0.778652,0.930616,1.12202,1.36089,1.65728,2.02328,
47,1.14939,0.688172,0.808122,0.960627,1.15246,1.39164,1.68823,2.05443,
48,1.18124,0.717408,0.838008,0.991029,1.1833,1.42277,1.71956,2.08594,
49,1.21346,0.747143,0.868332,1.02186,1.21452,1.45427,1.75128,2.11784,
50,1.24606,0.77733,0.8991,1.05312,1.2461,1.48615,1.7834,2.15012,
51,1.27903,0.807942,0.930307,1.08479,1.27807,1.51845,1.81591,2.18278,
52,1.31239,0.839001,0.961935,1.11688,1.3105,1.55115,1.84881,2.21581,
53,1.34613,0.870536,0.993986,1.14938,1.34334,1.58426,1.8821,2.24922,
54,1.38026,0.902553,1.0265,1.18231,1.37658,1.61776,1.91579,2.28302,
55,1.41479,0.935046,1.05948,1.21566,1.41024,1.65164,1.94988,2.31721,
56,1.44971,0.967993,1.09291,1.24941,1.4443,1.68592,1.98437,2.35183,
57,1.48504,1.0014,1.12678,1.28359,1.47879,1.72063,2.01926,2.38687,
58,1.52078,1.03531,1.16109,1.31826,1.51372,1.75578,2.05458,2.42234,
59,1.55694,1.0697,1.19586,1.35335,1.5491,1.79136,2.09033,2.45822,
60,1.59351,1.10457,1.23108,1.38888,1.58491,1.82738,2.1265,2.49452,
61,1.63051,1.1399,1.26675,1.42487,1.62116,1.86383,2.16311,2.53125,
62,1.66794,1.17571,1.30291,1.46131,1.65783,1.90072,2.20015,2.5684,
63,1.7058,1.21201,1.33953,1.49821,1.69495,1.93806,2.23761,2.606,
64,1.7441,1.2488,1.37661,1.53559,1.73254,1.97583,2.27551,2.64404,
65,1.78284,1.28607,1.41419,1.57344,1.77059,2.01406,2.31385,2.68252,
66,1.82203,1.32386,1.45224,1.61176,1.80912,2.05275,2.35267,2.72144,
67,1.86167,1.36211,1.49079,1.65054,1.84811,2.0919,2.39196,2.76083,
68,1.90178,1.40087,1.52984,1.6898,1.88758,2.13153,2.43173,2.80069,
69,1.94235,1.44014,1.56939,1.72955,1.92753,2.17164,2.47196,2.84102,
70,1.98339,1.47992,1.60943,1.76979,1.96797,2.21222,2.51267,2.88182,
71,2.0249,1.52024,1.64997,1.81054,2.00888,2.25326,2.55386,2.92311,
72,2.0669,1.56108,1.69101,1.85179,2.05029,2.29479,2.59554,2.96488,
73,2.10938,1.60244,1.73257,1.89354,2.09221,2.33682,2.63771,3.00715,
74,2.15235,1.64432,1.77464,1.93581,2.13464,2.37937,2.68037,3.04989,
75,2.19582,1.68672,1.81724,1.9786,2.17758,2.42245,2.72353,3.09313,
76,2.2398,1.72966,1.86037,2.0219,2.22102,2.46603,2.7672,3.13687,
77,2.28428,1.77314,1.90405,2.06573,2.26497,2.51012,2.8114,3.18113,
78,2.32928,1.81716,1.94826,2.11009,2.30944,2.55474,2.85611,3.22591,
79,2.37481,1.86174,1.99302,2.155,2.35446,2.59989,2.90136,3.27122,
80,2.42085,1.90689,2.03832,2.20045,2.40003,2.64558,2.94714,3.31708,
81,2.46744,1.9526,2.08418,2.24643,2.44616,2.6918,2.99346,3.36347,
82,2.51456,1.99888,2.1306,2.29295,2.49283,2.73857,3.04031,3.41041,
83,2.56223,2.04571,2.17759,2.34004,2.54005,2.78589,3.08771,3.4579,
84,2.61045,2.09314,2.22514,2.38772,2.58784,2.83378,3.13566,3.50593,
85,2.65923,2.14115,2.27325,2.43598,2.63621,2.88223,3.18418,3.55452,
86,2.70857,2.18975,2.32194,2.48481,2.68514,2.93126,3.23327,3.60369,
87,2.75849,2.23892,2.37123,2.53422,2.73466,2.98087,3.28295,3.65344,
88,2.80898,2.28868,2.42114,2.58423,2.78476,3.03106,3.33321,3.70377,
89,2.86006,2.33905,2.47165,2.63485,2.83546,3.08183,3.38407,3.75468,
90,2.91173,2.39005,2.52276,2.68606,2.88676,3.13319,3.43553,3.80617,
91,2.964,2.44168,2.57449,2.73788,2.93868,3.18517,3.48758,3.85827,
92,3.01688,2.49394,2.62684,2.79032,2.99121,3.23776,3.54024,3.91098,
93,3.07036,2.54682,2.67982,2.84338,3.04435,3.29098,3.59351,3.96431,
94,3.12447,2.60035,2.73344,2.89708,3.09811,3.34483,3.64742,4.01827,
95,3.1792,2.65452,2.78768,2.95142,3.15251,3.39931,3.70197,4.07286,
96,3.23457,2.70934,2.84258,3.00641,3.20756,3.45443,3.75714,4.12809,
97,3.29058,2.76481,2.89813,3.06203,3.26326,3.51019,3.81295,4.18396,
98,3.34724,2.82093,2.95436,3.11832,3.31963,3.5666,3.86941,4.24049,
99,3.40456,2.87774,3.01126,3.17527,3.37665,3.62368,3.92655,4.29767,
100,3.46253,2.93525,3.06882,3.23291,3.43435,3.68144,3.98435,4.35551,
101,3.52119,2.99344,3.12707,3.29122,3.49272,3.73987,4.04284,4.41402,
102,3.58052,3.05232,3.18601,3.35023,3.55177,3.79898,4.102,4.47321,
103,3.64053,3.1119,3.24565,3.40994,3.61152,3.85878,4.16186,4.53308,
104,3.70125,3.17219,3.306,3.47034,3.67198,3.91929,4.22242,4.59364,
105,3.76266,3.23319,3.36707,3.53143,3.73315,3.98051,4.28368,4.65491,
106,3.82479,3.29492,3.42885,3.59326,3.79503,4.04245,4.34565,4.71692,
107,3.88764,3.35739,3.49135,3.65583,3.85764,4.10511,4.40834,4.77965,
108,3.95121,3.42059,3.55458,3.71913,3.92099,4.16851,4.47176,4.84312,
109,4.01552,3.48452,3.61857,3.78317,3.98509,4.23264,4.53591,4.90732,
110,4.08058,3.5492,3.68333,3.84797,4.04994,4.29753,4.6008,4.97227,
111,4.14639,3.61467,3.74885,3.91353,4.11554,4.36317,4.66646,5.03797,
112,4.21297,3.68092,3.81513,3.97987,4.18192,4.42956,4.7329,5.10444,
113,4.28031,3.74794,3.8822,4.04698,4.24907,4.49674,4.80011,5.17168,
114,4.34843,3.81575,3.95006,4.11488,4.31701,4.56468,4.86811,5.2397,
115,4.41735,3.88437,4.01872,4.18358,4.38573,4.63342,4.93691,5.30852,
116,4.48706,3.9538,4.08819,4.25308,4.45525,4.70298,5.0065,5.37813,
117,4.55758,4.02404,4.15847,4.32339,4.52559,4.77335,5.0769,5.44855,
118,4.62892,4.09512,4.22958,4.39452,4.59673,4.84455,5.14812,5.51979,
119,4.70108,4.16703,4.30152,4.46648,4.66872,4.91658,5.22017,5.59185,
120,4.77408,4.23979,4.37429,4.53928,4.74155,4.98944,5.29305,5.66474,
121,4.84793,4.31339,4.44791,4.61293,4.81524,5.06316,5.36678,5.73847,
122,4.92263,4.38784,4.5224,4.68744,4.88979,5.13773,5.44137,5.81308,
123,4.99819,4.46317,4.59776,4.76284,4.96521,5.21317,5.51683,5.88857,
124,5.07463,4.53939,4.674,4.83911,5.04151,5.28949,5.59316,5.96493,
125,5.15196,4.6165,4.75114,4.91627,5.1187,5.36668,5.67036,6.04218,
126,5.23019,4.69452,4.82918,4.99434,5.19678,5.44478,5.74847,6.12033,
127,5.30931,4.77345,4.90813,5.07332,5.27578,5.52379,5.8275,6.19938,
128,5.38936,4.8533,4.98801,5.15321,5.35568,5.60371,5.90746,6.27936,
129,5.47033,4.93409,5.06882,5.23404,5.43651,5.68456,5.98834,6.36026,
130,5.55225,5.01583,5.15058,5.31581,5.51829,5.76635,6.07017,6.4421,
131,5.63511,5.09852,5.23328,5.39851,5.60102,5.84911,6.15295,6.52488,
132,5.71893,5.18217,5.31694,5.48218,5.6847,5.93283,6.23668,6.60862,
133,5.80372,5.2668,5.40157,5.56683,5.76937,6.01752,6.3214,6.69334,
134,5.88949,5.3524,5.48719,5.65246,5.85503,6.1032,6.40709,6.77904,
135,5.97626,5.439,5.5738,5.73909,5.94169,6.18988,6.49378,6.86573,
136,6.06403,5.52661,5.66142,5.82674,6.02935,6.27756,6.58147,6.95343,
137,6.15282,5.61523,5.75007,5.91541,6.11804,6.36626,6.67018,7.04213,
138,6.24264,5.70489,5.83975,6.00511,6.20776,6.456,6.75992,7.13185,
139,6.3335,5.7956,5.93048,6.09586,6.29853,6.54677,6.8507,7.22262,
140,6.42541,5.88737,6.02227,6.18766,6.39034,6.6386,6.94253,7.31445,
141,6.51839,5.98022,6.11513,6.28054,6.48323,6.73149,7.03542,7.40734,
142,6.61244,6.07414,6.20907,6.37449,6.57719,6.82546,7.12937,7.5013,
143,6.70758,6.16916,6.3041,6.46954,6.67225,6.92052,7.22442,7.59634,
144,6.80383,6.2653,6.40024,6.56569,6.76841,7.01668,7.32058,7.69251,
145,6.90119,6.36254,6.4975,6.66295,6.86568,7.11394,7.41785,7.78979,
146,6.99968,6.46092,6.59589,6.76135,6.96408,7.21233,7.51624,7.88821,
147,7.0993,6.56044,6.69542,6.86089,7.06362,7.31187,7.61576,7.98777,
148,7.20009,6.66113,6.79612,6.96158,7.16431,7.41256,7.71646,8.08848,
149,7.30204,6.76298,6.89797,7.06344,7.26616,7.51441,7.81834,8.19036,
150,7.40517,6.86602,7.00101,7.16648,7.3692,7.61743,7.92139,8.29343,
151,7.5095,6.97025,7.10525,7.27071,7.47342,7.72167,8.02564,8.39768,
152,7.61503,7.0757,7.21069,7.37615,7.57885,7.82712,8.1311,8.50314,
153,7.72179,7.18236,7.31735,7.4828,7.68551,7.9338,8.23779,8.60982,
154,7.82979,7.29026,7.42523,7.59069,7.79342,8.04172,8.34571,8.71774,
155,7.93903,7.39939,7.53437,7.69983,7.90257,8.15088,8.45488,8.8269,
156,8.04955,7.50979,7.64478,7.81025,8.013,8.26132,8.56531,8.93732,
157,8.16134,7.62148,7.75647,7.92195,8.12471,8.37303,8.67702,9.04902,
158,8.27443,7.73446,7.86946,8.03495,8.23772,8.48604,8.79002,9.16202,
159,8.38882,7.84876,7.98377,8.14926,8.35203,8.60035,8.90433,9.27632,
160,8.50455,7.96438,8.0994,8.2649,8.46767,8.71599,9.01995,9.39195,
161,8.62161,8.08135,8.21637,8.38188,8.58465,8.83296,9.13692,9.50892,
162,8.74003,8.19967,8.3347,8.50021,8.70299,8.95128,9.25525,9.62727,
163,8.85982,8.31938,8.45441,8.61992,8.82269,9.07097,9.37494,9.74699,
164,8.981,8.44047,8.5755,8.74101,8.94376,9.19206,9.49602,9.8681,
165,9.10358,8.56296,8.698,8.8635,9.06624,9.31454,9.61853,9.99061,
166,9.22759,8.68688,8.82191,8.98739,9.19014,9.43844,9.74245,10.1145,
167,9.35303,8.81223,8.94724,9.11272,9.31548,9.56379,9.86782,10.2399,
168,9.47992,8.93902,9.07402,9.23952,9.44227,9.6906,9.99464,10.3667,
169,9.60828,9.06727,9.20228,9.36778,9.57054,9.81889,10.1229,10.495,
170,9.73813,9.19701,9.33203,9.49753,9.70031,9.94866,10.2527,10.6248,
171,9.86949,9.32826,9.46328,9.62879,9.83158,10.0799,10.384,10.7561,
172,10.0024,9.46104,9.59606,9.76157,9.96437,10.2127,10.5168,10.8889,
173,10.1368,9.59535,9.73038,9.8959,10.0987,10.3471,10.6511,11.0232,
174,10.2728,9.73123,9.86626,10.0318,10.2346,10.483,10.787,11.1591,
175,10.4103,9.86868,10.0037,10.1693,10.3721,10.6204,10.9245,11.2966,
176,10.5494,10.0077,10.1428,10.3083,10.5111,10.7595,11.0636,11.4357,
177,10.6902,10.1484,10.2834,10.449,10.6518,10.9002,11.2042,11.5764,
178,10.8326,10.2907,10.4257,10.5913,10.7941,11.0425,11.3466,11.7187,
179,10.9766,10.4346,10.5697,10.7352,10.938,11.1864,11.4905,11.8627,
180,11.1223,10.5802,10.7153,10.8808,11.0837,11.3321,11.6362,12.0083,
181,11.2697,10.7275,10.8626,11.0281,11.231,11.4794,11.7835,12.1557,
182,11.4188,10.8765,11.0116,11.1772,11.38,11.6284,11.9325,12.3047,
183,11.5696,11.0273,11.1623,11.3279,11.5308,11.7792,12.0833,12.4554,
184,11.7222,11.1797,11.3148,11.4804,11.6833,11.9317,12.2358,12.6079,
185,11.8766,11.334,11.4691,11.6347,11.8375,12.0859,12.3901,12.7622,
186,12.0327,11.4901,11.6251,11.7907,11.9936,12.242,12.5461,12.9182,
187,12.1906,11.6479,11.783,11.9486,12.1515,12.3999,12.704,13.0761,
188,12.3504,11.8076,11.9427,12.1083,12.3111,12.5596,12.8636,13.2357,
189,12.512,11.9692,12.1042,12.2698,12.4727,12.7211,13.0252,13.3973,
190,12.6755,12.1326,12.2677,12.4332,12.6361,12.8845,13.1886,13.5607,
191,12.8409,12.2979,12.433,12.5986,12.8014,13.0498,13.3539,13.726,
192,13.0082,12.4651,12.6002,12.7658,12.9686,13.217,13.5211,13.8932,
193,13.1774,12.6343,12.7694,12.9349,13.1378,13.3862,13.6902,14.0624,
194,13.3486,12.8054,12.9405,13.106,13.3089,13.5573,13.8614,14.2335,
195,13.5218,12.9785,13.1136,13.2791,13.482,13.7304,14.0345,14.4066,
196,13.697,13.1536,13.2887,13.4542,13.6571,13.9055,14.2096,14.5817,
197,13.8742,13.3307,13.4658,13.6314,13.8342,14.0826,14.3867,14.7589,
198,14.0535,13.5099,13.645,13.8106,14.0134,14.2618,14.5659,14.9381,
199,14.2348,13.6912,13.8263,13.9918,14.1947,14.4431,14.7472,15.1193,
200,14.4183,13.8745,14.0096,14.1752,14.378,14.6265,14.9305,15.3027,
201,14.6039,14.06,14.1951,14.3607,14.5635,14.8119,15.116,15.4881,
202,14.7916,14.2477,14.3828,14.5483,14.7512,14.9996,15.3037,15.6758,
203,14.9815,14.4375,14.5726,14.7381,14.941,15.1894,15.4935,15.8655,
204,15.1736,14.6295,14.7646,14.9302,15.133,15.3814,15.6854,16.0575,
205,15.3679,14.8237,14.9588,15.1244,15.3272,15.5756,15.8796,16.2517,
206,15.5645,15.0202,15.1553,15.3209,15.5237,15.7721,16.0761,16.4481,
207,15.7633,15.219,15.3541,15.5196,15.7224,15.9708,16.2748,16.6468,
208,15.9645,15.42,15.5551,15.7207,15.9235,16.1718,16.4758,16.8478,
209,16.168,15.6234,15.7585,15.924,16.1268,16.3751,16.6791,17.0512,
210,16.3738,15.8292,15.9642,16.1298,16.3325,16.5808,16.8848,17.2569,
211,16.5821,16.0373,16.1723,16.3378,16.5406,16.7889,17.0929,17.465,
212,16.7927,16.2478,16.3828,16.5483,16.7511,16.9994,17.3035,17.6755,
213,17.0058,16.4607,16.5957,16.7613,16.964,17.2124,17.5164,17.8885,
214,17.2213,16.6761,16.8111,16.9767,17.1794,17.4278,17.7318,18.1039,
215,17.4394,16.894,17.029,17.1946,17.3974,17.6457,17.9498,18.3219,
216,17.66,17.1144,17.2495,17.415,17.6178,17.8662,18.1702,18.5423,
217,17.8831,17.3374,17.4725,17.638,17.8408,18.0892,18.3932,18.7653,
218,18.1088,17.563,17.698,17.8636,18.0664,18.3148,18.6188,18.9909,
219,18.3372,17.7912,17.9262,18.0918,18.2946,18.543,18.847,19.2191,
220,18.5681,18.022,18.1571,18.3226,18.5254,18.7738,19.0778,19.4499,
221,18.8018,18.2555,18.3906,18.5562,18.759,19.0073,19.3114,19.6834,
222,19.0381,18.4918,18.6268,18.7924,18.9952,19.2435,19.5475,19.9196,
223,19.2772,18.7307,18.8658,19.0313,19.2341,19.4825,19.7865,20.1584,
224,19.5191,18.9725,19.1075,19.2731,19.4759,19.7242,20.0281,20.4001,
225,19.7638,19.217,19.352,19.5176,19.7204,19.9686,20.2726,20.6446,
226,20.0113,19.4644,19.5994,19.7649,19.9677,20.2159,20.5199,20.8919,
227,20.2617,19.7146,19.8496,20.0151,20.2178,20.4661,20.7701,21.1422,
228,20.5149,19.9676,20.1026,20.2681,20.4709,20.7192,21.0232,21.3953,
229,20.7711,20.2236,20.3586,20.5241,20.7269,20.9752,21.2793,21.6514,
230,21.0303,20.4826,20.6176,20.7831,20.9859,21.2342,21.5383,21.9104,
231,21.2925,20.7446,20.8796,21.0451,21.2479,21.4963,21.8003,22.1724,
232,21.5577,21.0096,21.1446,21.3102,21.513,21.7613,22.0654,22.4375,
233,21.826,21.2777,21.4128,21.5783,21.7811,22.0295,22.3335,22.7056,
234,22.0974,21.5489,21.684,21.8495,22.0523,22.3007,22.6048,22.9769,
235,22.3719,21.8233,21.9584,22.1239,22.3267,22.5751,22.8792,23.2513,
236,22.6496,22.1009,22.2359,22.4015,22.6043,22.8527,23.1567,23.5289,
237,22.9306,22.3816,22.5167,22.6823,22.8851,23.1335,23.4375,23.8097,
238,23.2148,22.6657,22.8007,22.9663,23.1691,23.4175,23.7216,24.0937,
239,23.5023,22.953,23.0881,23.2536,23.4565,23.7049,24.0089,24.3811,
240,23.7931,23.2437,23.3787,23.5443,23.7471,23.9955,24.2996,24.6717,
241,24.0873,23.5377,23.6728,23.8383,24.0412,24.2896,24.5937,24.9658,
242,24.3848,23.8351,23.9702,24.1358,24.3386,24.587,24.8911,25.2633,
243,24.6859,24.136,24.2711,24.4367,24.6395,24.8879,25.192,25.5642,
244,24.9904,24.4404,24.5755,24.7411,24.9439,25.1923,25.4964,25.8686,
245,25.2985,24.7483,24.8834,25.049,25.2518,25.5002,25.8043,26.1765,
246,25.6101,25.0598,25.1949,25.3605,25.5633,25.8117,26.1158,26.488,
247,25.9253,25.3749,25.51,25.6755,25.8784,26.1268,26.4309,26.8031,
248,26.2442,25.6936,25.8287,25.9943,26.1971,26.4455,26.7496,27.1218,
249,26.5668,26.0161,26.1512,26.3167,26.5196,26.768,27.0721,27.4442,
250,26.8931,26.3422,26.4773,26.6429,26.8458,27.0942,27.3983,27.7704,
251,27.2232,26.6722,26.8073,26.9729,27.1757,27.4241,27.7282,28.1004,
252,27.5571,27.006,27.1411,27.3066,27.5095,27.7579,28.062,28.4341,
253,27.8949,27.3436,27.4787,27.6443,27.8471,28.0955,28.3996,28.7718,
254,28.2366,27.6852,27.8202,27.9858,28.1887,28.4371,28.7412,29.1133,
255,28.5823,28.0307,28.1658,28.3313,28.5342,28.7826,29.0867,29.4589,
256,28.932,28.3802,28.5153,28.6808,28.8837,29.1321,29.4362,29.8084,
257,29.2857,28.7338,28.8688,29.0344,29.2373,29.4857,29.7898,30.1619,
258,29.6435,29.0914,29.2265,29.3921,29.5949,29.8433,30.1474,30.5196,
259,30.0055,29.4532,29.5883,29.7539,29.9567,30.2051,30.5092,30.8814,
260,30.3716,29.8192,29.9543,30.1199,30.3227,30.5711,30.8752,31.2474,
261,30.742,30.1894,30.3245,30.4901,30.693,30.9414,31.2455,31.6176,
262,31.1167,30.564,30.6991,30.8646,31.0675,31.3159,31.62,31.9921,
263,31.4958,30.9428,31.0779,31.2435,31.4463,31.6947,31.9988,32.371,
264,31.8792,31.3261,31.4612,31.6267,31.8296,32.078,32.3821,32.7542,
265,32.267,31.7138,31.8489,32.0144,32.2173,32.4657,32.7698,33.1419,
266,32.6594,32.106,32.241,32.4066,32.6095,32.8579,33.162,33.5341,
267,33.0563,32.5027,32.6378,32.8033,33.0062,33.2546,33.5587,33.9308,
268,33.4578,32.904,33.0391,33.2047,33.4075,33.6559,33.96,34.3321,
269,33.864,33.31,33.445,33.6106,33.8135,34.0619,34.3659,34.7381,
270,34.2748,33.7206,33.8557,34.0213,34.2241,34.4725,34.7766,35.1487,
271,34.6904,34.1361,34.2711,34.4367,34.6395,34.8879,35.192,35.5641,
272,35.1109,34.5563,34.6914,34.8569,35.0597,35.3081,35.6122,35.9843,
273,35.5362,34.9814,35.1164,35.282,35.4848,35.7332,36.0372,36.4094,
274,35.9664,35.4113,35.5464,35.712,35.9148,36.1632,36.4672,36.8394,
275,36.4016,35.8463,35.9814,36.1469,36.3498,36.5982,36.9022,37.2744,
276,36.8419,36.2863,36.4214,36.587,36.7898,37.0382,37.3423,37.7144,
277,37.2872,36.7315,36.8665,37.0321,37.2349,37.4833,37.7874,38.1596,
278,37.7377,37.1817,37.3168,37.4824,37.6852,37.9336,38.2377,38.6099,
279,38.1935,37.6373,37.7723,37.9379,38.1408,38.3892,38.6932,39.0654,
280,38.6545,38.098,38.2331,38.3987,38.6015,38.85,39.154,39.5262,
281,39.1209,38.5642,38.6993,38.8648,39.0677,39.3161,39.6202,39.9923,
282,39.5926,39.0357,39.1708,39.3364,39.5392,39.7876,40.0917,40.4638,
283,40.0698,39.5127,39.6478,39.8134,40.0162,40.2646,40.5687,40.9408,
284,40.5526,39.9952,40.1303,40.2959,40.4987,40.7471,41.0512,41.4232,
285,41.0409,40.4833,40.6184,40.784,40.9868,41.2352,41.5392,41.9113,
286,41.5349,40.9771,41.1122,41.2777,41.4805,41.7289,42.0329,42.4051,
287,42.0347,41.4766,41.6116,41.7772,41.98,42.2284,42.5324,42.9045,
288,42.5402,41.9818,42.1169,42.2824,42.4852,42.7336,43.0377,43.4098,
289,43.0516,42.4929,42.628,42.7935,42.9964,43.2447,43.5488,43.9209,
290,43.5689,43.0099,43.145,43.3106,43.5134,43.7618,44.0659,44.438,
291,44.0922,43.533,43.668,43.8336,44.0364,44.2848,44.5889,44.961,
292,44.6215,44.0621,44.1971,44.3627,44.5655,44.8139,45.118,45.4901,
293,45.157,44.5973,44.7324,44.8979,45.1008,45.3492,45.6533,46.0254,
294,45.6987,45.1387,45.2738,45.4394,45.6422,45.8906,46.1947,46.5668,
295,46.2467,45.6864,45.8215,45.9871,46.1899,46.4383,46.7424,47.1145,
296,46.801,46.2405,46.3756,46.5411,46.744,46.9924,47.2965,47.6686,
297,47.3617,46.801,46.9361,47.1016,47.3045,47.5529,47.8569,48.2291,
298,47.9289,47.3679,47.503,47.6686,47.8714,48.1198,48.4239,48.796,
299,48.5027,47.9415,48.0766,48.2421,48.445,48.6934,48.9975,49.3696,
300,49.0832,48.5217,48.6567,48.8223,49.0252,49.2736,49.5776,49.9498,
301,49.6704,49.1086,49.2436,49.4092,49.6121,49.8605,50.1645,50.5367,
302,50.2644,49.7023,49.8374,50.0029,50.2058,50.4542,50.7583,51.1304,
303,50.8652,50.3029,50.4379,50.6035,50.8064,51.0548,51.3588,51.731,
304,51.473,50.9104,51.0455,51.2111,51.4139,51.6623,51.9664,52.3385,
305,52.0879,51.525,51.6601,51.8256,52.0285,52.2769,52.581,52.9531,
306,52.7099,52.1467,52.2818,52.4474,52.6502,52.8986,53.2027,53.5748,
307,53.3391,52.7756,52.9107,53.0763,53.2791,53.5275,53.8316,54.2037,
308,53.9756,53.4118,53.5469,53.7125,53.9153,54.1637,54.4678,54.8399,
309,54.6194,54.0554,54.1905,54.356,54.5589,54.8073,55.1114,55.4835,
310,55.2707,54.7064,54.8415,55.007,55.2099,55.4583,55.7624,56.1345,
311,55.9296,55.365,55.5,55.6656,55.8685,56.1169,56.4209,56.7931,
312,56.5961,56.0311,56.1662,56.3318,56.5346,56.783,57.0871,57.4593,
313,57.2703,56.7051,56.8401,57.0057,57.2086,57.457,57.761,58.1332,
314,57.9523,57.3868,57.5219,57.6874,57.8903,58.1387,58.4428,58.8149,
315,58.6423,58.0764,58.2115,58.377,58.5799,58.8283,59.1324,59.5045,
316,59.3402,58.774,58.9091,59.0747,59.2775,59.5259,59.83,60.2021,
317,60.0462,59.4797,59.6148,59.7803,59.9832,60.2316,60.5357,60.9078,
318,60.7604,60.1936,60.3286,60.4942,60.697,60.9455,61.2495,61.6217,
319,61.4828,60.9157,61.0508,61.2163,61.4192,61.6676,61.9717,62.3438,
320,62.2137,61.6462,61.7813,61.9468,62.1497,62.3981,62.7022,63.0743,
321,62.9529,62.3852,62.5202,62.6858,62.8886,63.137,63.4411,63.8133,
322,63.7008,63.1327,63.2678,63.4333,63.6362,63.8846,64.1887,64.5608,
323,64.4573,63.8889,64.0239,64.1895,64.3924,64.6408,64.9448,65.317,
324,65.2226,64.6538,64.7889,64.9545,65.1573,65.4057,65.7098,66.0819,
325,65.9968,65.4276,65.5627,65.7283,65.9311,66.1795,66.4836,66.8557,
326,66.7799,66.2104,66.3455,66.511,66.7139,66.9623,67.2664,67.6385,
327,67.5721,67.0022,67.1373,67.3029,67.5057,67.7541,68.0582,68.4304,
328,68.3735,67.8032,67.9383,68.1039,68.3067,68.5551,68.8592,69.2314,
329,69.1841,68.6135,68.7486,68.9142,69.117,69.3654,69.6695,70.0417,
330,70.0042,69.4332,69.5683,69.7339,69.9367,70.1851,70.4892,70.8613,
331,70.8337,70.2624,70.3975,70.563,70.7659,71.0143,71.3184,71.6905,
332,71.6729,71.1012,71.2362,71.4018,71.6046,71.853,72.1571,72.5293,
333,72.5218,71.9497,72.0847,72.2503,72.4531,72.7015,73.0056,73.3777,
334,73.3805,72.808,72.9431,73.1086,73.3115,73.5599,73.8639,74.2361,
335,74.2492,73.6762,73.8113,73.9769,74.1797,74.4281,74.7322,75.1043,
336,75.1279,74.5546,74.6897,74.8552,75.0581,75.3064,75.6105,75.9827,
337,76.0168,75.4431,75.5782,75.7437,75.9466,76.195,76.499,76.8712,
338,76.916,76.3419,76.477,76.6425,76.8454,77.0938,77.3978,77.77,
339,77.8256,77.2511,77.3862,77.5517,77.7546,78.003,78.3071,78.6792,
340,78.7458,78.1708,78.3059,78.4715,78.6743,78.9227,79.2268,79.5989,
341,79.6766,79.1012,79.2363,79.4019,79.6047,79.8531,80.1572,80.5293,
342,80.6182,80.0424,80.1775,80.3431,80.5459,80.7943,81.0984,81.4705,
343,81.5708,80.9945,81.1296,81.2952,81.498,81.7464,82.0505,82.4226,
344,82.5343,81.9576,82.0927,82.2583,82.4611,82.7095,83.0136,83.3857,
345,83.509,82.9319,83.067,83.2326,83.4354,83.6838,83.9879,84.36,
346,84.495,83.9175,84.0526,84.2181,84.421,84.6694,84.9734,85.3456,
347,85.4925,84.9145,85.0495,85.2151,85.4179,85.6663,85.9704,86.3426,
348,86.5014,85.923,86.0581,86.2236,86.4265,86.6749,86.9789,87.3511,
349,87.5221,86.9432,87.0783,87.2438,87.4467,87.6951,87.9992,88.3713,
350,88.5546,87.9752,88.1103,88.2759,88.4787,88.7271,89.0312,89.4033,
351,89.5991,89.0192,89.1543,89.3199,89.5227,89.7711,90.0752,90.4473,
352,90.6556,90.0753,90.2104,90.376,90.5788,90.8272,91.1313,91.5034,
353,91.7245,91.1436,91.2787,91.4443,91.6471,91.8955,92.1996,92.5717,
354,92.8056,92.2243,92.3594,92.525,92.7278,92.9762,93.2803,93.6524,
355,93.8993,93.3176,93.4526,93.6182,93.821,94.0694,94.3735,94.7457,
356,95.0057,94.4234,94.5585,94.7241,94.9269,95.1753,95.4794,95.8515,
357,96.1249,95.5421,95.6772,95.8428,96.0456,96.294,96.5981,96.9702,
358,97.2571,96.6738,96.8089,96.9744,97.1773,97.4257,97.7297,98.1019,
359,98.4024,97.8186,97.9536,98.1192,98.322,98.5704,98.8745,99.2467,
360,99.5609,98.9766,99.1117,99.2772,99.4801,99.7285,100.033,100.405,
361,100.733,100.148,100.283,100.449,100.651,100.9,101.204,101.576,
362,101.918,101.333,101.468,101.634,101.837,102.085,102.389,102.761,
363,103.118,102.532,102.667,102.832,103.035,103.284,103.588,103.96,
364,104.331,103.744,103.879,104.045,104.248,104.496,104.8,105.173,
365,105.558,104.971,105.106,105.272,105.475,105.723,106.027,106.399,
366,106.8,106.212,106.347,106.513,106.715,106.964,107.268,107.64,
367,108.055,107.467,107.602,107.768,107.971,108.219,108.523,108.895,
368,109.326,108.737,108.872,109.038,109.241,109.489,109.793,110.165,
369,110.611,110.022,110.157,110.322,110.525,110.773,111.078,111.45,
370,111.911,111.321,111.456,111.622,111.824,112.073,112.377,112.749,
371,113.226,112.635,112.771,112.936,113.139,113.387,113.691,114.064,
372,114.556,113.965,114.1,114.266,114.469,114.717,115.021,115.393,
373,115.902,115.31,115.445,115.611,115.814,116.062,116.366,116.738,
374,117.263,116.671,116.806,116.972,117.174,117.423,117.727,118.099,
375,118.64,118.047,118.182,118.348,118.551,118.799,119.103,119.475,
376,120.033,119.44,119.575,119.74,119.943,120.192,120.496,120.868,
377,121.442,120.848,120.983,121.149,121.352,121.6,121.904,122.276,
378,122.868,122.273,122.408,122.574,122.777,123.025,123.329,123.701,
379,124.31,123.714,123.849,124.015,124.218,124.466,124.77,125.142,
380,125.769,125.172,125.308,125.473,125.676,125.924,126.228,126.601,
381,127.244,126.647,126.782,126.948,127.151,127.399,127.703,128.075,
382,128.737,128.139,128.274,128.44,128.643,128.891,129.195,129.567,
383,130.247,129.649,129.784,129.949,130.152,130.401,130.705,131.077,
384,131.774,131.175,131.311,131.476,131.679,131.927,132.231,132.604,
385,133.32,132.72,132.855,133.021,133.223,133.472,133.776,134.148,
386,134.883,134.282,134.417,134.583,134.786,135.034,135.338,135.71,
387,136.464,135.863,135.998,136.163,136.366,136.615,136.919,137.291,
388,138.063,137.462,137.597,137.762,137.965,138.213,138.518,138.89,
389,139.681,139.079,139.214,139.379,139.582,139.831,140.135,140.507,
390,141.318,140.715,140.85,141.016,141.218,141.467,141.771,142.143,
391,142.974,142.37,142.505,142.671,142.873,143.122,143.426,143.798,
392,144.649,144.044,144.179,144.345,144.548,144.796,145.1,145.472,
393,146.343,145.738,145.873,146.038,146.241,146.489,146.794,147.166,
394,148.057,147.451,147.586,147.751,147.954,148.203,148.507,148.879,
395,149.791,149.184,149.319,149.484,149.687,149.936,150.24,150.612,
396,151.545,150.937,151.072,151.238,151.44,151.689,151.993,152.365,
397,153.319,152.71,152.845,153.011,153.214,153.462,153.766,154.138,
398,155.114,154.504,154.639,154.805,155.008,155.256,155.56,155.932,
399,156.929,156.319,156.454,156.62,156.823,157.071,157.375,157.747,
400,158.766,158.155,158.29,158.455,158.658,158.907,159.211,159.583,
401,160.624,160.012,160.147,160.312,160.515,160.764,161.068,161.44,
402,162.503,161.89,162.025,162.191,162.394,162.642,162.946,163.318,
403,164.404,163.791,163.926,164.091,164.294,164.543,164.847,165.219,
404,166.328,165.713,165.848,166.014,166.217,166.465,166.769,167.141,
405,168.273,167.658,167.793,167.958,168.161,168.41,168.714,169.086,
406,170.241,169.625,169.76,169.925,170.128,170.377,170.681,171.053,
407,172.232,171.615,171.75,171.915,172.118,172.367,172.671,173.043,
408,174.246,173.628,173.763,173.928,174.131,174.38,174.684,175.056,
409,176.283,175.664,175.799,175.965,176.167,176.416,176.72,177.092,
410,178.344,177.724,177.859,178.024,178.227,178.476,178.78,179.152,
411,180.428,179.808,179.943,180.108,180.311,180.559,180.864,181.236,
412,182.537,181.916,182.051,182.216,182.419,182.667,182.971,183.344,
413,184.671,184.048,184.183,184.348,184.551,184.8,185.104,185.476,
414,186.829,186.205,186.34,186.505,186.708,186.957,187.261,187.633,
415,189.012,188.387,188.522,188.687,188.89,189.139,189.443,189.815,
416,191.22,190.594,190.729,190.895,191.098,191.346,191.65,192.022,
417,193.454,192.827,192.962,193.128,193.33,193.579,193.883,194.255,
418,195.713,195.086,195.221,195.386,195.589,195.838,196.142,196.514,
419,197.999,197.371,197.506,197.671,197.874,198.122,198.426,198.799,
420,200.312,199.682,199.817,199.983,200.185,200.434,200.738,201.11,
421,202.651,202.02,202.155,202.321,202.524,202.772,203.076,203.448,
422,205.017,204.385,204.52,204.686,204.889,205.137,205.441,205.813,
423,207.411,206.778,206.913,207.079,207.281,207.53,207.834,208.206,
424,209.832,209.198,209.333,209.499,209.702,209.95,210.254,210.626,
425,212.282,211.647,211.782,211.947,212.15,212.398,212.703,213.075,
426,214.76,214.123,214.258,214.424,214.627,214.875,215.179,215.551,
427,217.266,216.629,216.764,216.929,217.132,217.381,217.685,218.057,
428,219.802,219.163,219.298,219.464,219.667,219.915,220.219,220.591,
429,222.367,221.727,221.862,222.028,222.231,222.479,222.783,223.155,
430,224.962,224.321,224.456,224.621,224.824,225.073,225.377,225.749,
431,227.586,226.944,227.079,227.245,227.448,227.696,228,228.372,
432,230.242,229.598,229.733,229.899,230.102,230.35,230.654,231.026,
433,232.928,232.283,232.418,232.584,232.786,233.035,233.339,233.711,
434,235.645,234.999,235.134,235.299,235.502,235.751,236.055,236.427,
435,238.393,237.746,237.881,238.047,238.25,238.498,238.802,239.174,
436,241.174,240.525,240.66,240.826,241.029,241.277,241.581,241.953,
437,243.986,243.337,243.472,243.637,243.84,244.088,244.392,244.765,
438,246.831,246.18,246.315,246.481,246.684,246.932,247.236,247.608,
439,249.709,249.057,249.192,249.358,249.561,249.809,250.113,250.485,
440,252.621,251.967,252.102,252.268,252.471,252.719,253.023,253.395,
441,255.566,254.911,255.046,255.212,255.415,255.663,255.967,256.339,
442,258.545,257.889,258.024,258.19,258.393,258.641,258.945,259.317,
443,261.559,260.902,261.037,261.202,261.405,261.654,261.958,262.33,
444,264.608,263.949,264.084,264.25,264.453,264.701,265.005,265.377,
445,267.692,267.032,267.167,267.332,267.535,267.784,268.088,268.46,
446,270.812,270.15,270.285,270.451,270.654,270.902,271.206,271.578,
447,273.968,273.305,273.44,273.605,273.808,274.057,274.361,274.733,
448,277.16,276.496,276.631,276.796,276.999,277.248,277.552,277.924,
449,280.39,279.724,279.859,280.024,280.227,280.476,280.78,281.152,
450,283.657,282.989,283.124,283.29,283.493,283.741,284.045,284.417,
451,286.962,286.293,286.428,286.593,286.796,287.044,287.348,287.721,
452,290.305,289.634,289.769,289.935,290.138,290.386,290.69,291.062,
453,293.686,293.014,293.149,293.315,293.518,293.766,294.07,294.442,
454,297.107,296.434,296.569,296.734,296.937,297.186,297.49,297.862,
455,300.568,299.893,300.028,300.193,300.396,300.645,300.949,301.321,
456,304.069,303.392,303.527,303.693,303.895,304.144,304.448,304.82,
457,307.61,306.932,307.067,307.232,307.435,307.683,307.987,308.36,
458,311.192,310.512,310.647,310.813,311.016,311.264,311.568,311.94,
459,314.816,314.134,314.269,314.435,314.638,314.886,315.19,315.562,
460,318.482,317.798,317.933,318.099,318.302,318.55,318.854,319.226,
461,322.19,321.505,321.64,321.806,322.008,322.257,322.561,322.933,
462,325.941,325.254,325.39,325.555,325.758,326.006,326.31,326.682,
463,329.736,329.047,329.182,329.348,329.551,329.799,330.103,330.475,
464,333.574,332.884,333.019,333.185,333.388,333.636,333.94,334.312,
465,337.457,336.766,336.901,337.066,337.269,337.517,337.821,338.194,
466,341.385,340.692,340.827,340.992,341.195,341.444,341.748,342.12,
467,345.359,344.664,344.799,344.964,345.167,345.415,345.719,346.092,
468,349.379,348.681,348.816,348.982,349.185,349.433,349.737,350.109,
469,353.445,352.746,352.881,353.046,353.249,353.498,353.802,354.174,
470,357.558,356.857,356.992,357.158,357.361,357.609,357.913,358.285,
471,361.719,361.016,361.151,361.317,361.52,361.768,362.072,362.444,
472,365.928,365.223,365.358,365.524,365.727,365.975,366.279,366.651,
473,370.186,369.479,369.614,369.78,369.983,370.231,370.535,370.907,
474,374.493,373.785,373.92,374.085,374.288,374.536,374.841,375.213,
475,378.85,378.14,378.275,378.44,378.643,378.892,379.196,379.568,
476,383.258,382.545,382.681,382.846,383.049,383.297,383.601,383.973,
477,387.717,387.002,387.137,387.303,387.506,387.754,388.058,388.43,
478,392.227,391.51,391.645,391.811,392.014,392.262,392.566,392.938,
479,396.79,396.071,396.206,396.371,396.574,396.823,397.127,397.499,
480,401.405,400.684,400.819,400.985,401.188,401.436,401.74,402.112,
481,406.074,405.351,405.486,405.652,405.854,406.103,406.407,406.779,
482,410.797,410.072,410.207,410.372,410.575,410.824,411.128,411.5,
483,415.575,414.847,414.983,415.148,415.351,415.599,415.903,416.275,
484,420.408,419.678,419.813,419.979,420.182,420.43,420.734,421.106,
485,425.297,424.565,424.7,424.866,425.069,425.317,425.621,425.993,
486,430.242,429.509,429.644,429.809,430.012,430.26,430.564,430.937,
487,435.245,434.509,434.644,434.81,435.013,435.261,435.565,435.937,
488,440.306,439.568,439.703,439.869,440.071,440.32,440.624,440.996,
489,445.426,444.685,444.82,444.986,445.189,445.437,445.741,446.113,
490,450.605,449.862,449.997,450.162,450.365,450.614,450.918,451.29,
491,455.844,455.098,455.233,455.399,455.602,455.85,456.154,456.526,
492,461.143,460.396,460.531,460.696,460.899,461.147,461.451,461.824,
493,466.504,465.754,465.889,466.055,466.257,466.506,466.81,467.182,
494,471.927,471.175,471.31,471.475,471.678,471.926,472.23,472.602,
495,477.413,476.658,476.793,476.958,477.161,477.41,477.714,478.086,
496,482.963,482.205,482.34,482.506,482.708,482.957,483.261,483.633,
497,488.577,487.818,487.953,488.118,488.321,488.57,488.875,489.248,
498,494.255,493.505,493.641,493.807,494.011,494.261,494.573,494.954,
499,500,499.359,499.497,499.667,499.876,500.131,500.443,500.826,
